timestamp,open,high,low,close,volume
2026-05-01T00:00:00Z,39.692,40.28,39.67,39.979,464057.82
2026-05-01T01:00:00Z,39.978,40.406,39.978,40.302,180255.98
2026-05-01T02:00:00Z,40.302,40.413,40.19,40.326,138743.27
2026-05-01T03:00:00Z,40.326,40.48,40.217,40.313,172135.88
2026-05-01T04:00:00Z,40.314,40.395,40.241,40.33,96485.6
2026-05-01T05:00:00Z,40.331,40.347,40.065,40.143,97822.59
2026-05-01T06:00:00Z,40.143,40.227,39.738,39.908,185652.65
2026-05-01T07:00:00Z,39.901,39.978,39.801,39.911,174039.51
2026-05-01T08:00:00Z,39.911,40.67,39.888,40.532,750439.02
2026-05-01T09:00:00Z,40.532,40.88,40.43,40.875,443562.77
2026-05-01T10:00:00Z,40.875,40.898,40.579,40.684,160771.65
2026-05-01T11:00:00Z,40.684,40.737,40.496,40.689,93474.09
2026-05-01T12:00:00Z,40.689,41.072,40.421,40.741,491170.85
2026-05-01T13:00:00Z,40.74,41.031,40.732,40.895,283458.49
2026-05-01T14:00:00Z,40.892,40.969,40.6,40.818,240474.78
2026-05-01T15:00:00Z,40.818,41.142,40.756,40.983,237671.06
2026-05-01T16:00:00Z,40.983,41.088,40.657,40.783,245700.59
2026-05-01T17:00:00Z,40.783,41.111,40.721,41.034,140308.36
2026-05-01T18:00:00Z,41.033,41.142,40.931,40.958,138523.76
2026-05-01T19:00:00Z,40.957,41.01,40.83,40.947,70764.16
2026-05-01T20:00:00Z,40.95,40.982,40.656,40.778,84308.51
2026-05-01T21:00:00Z,40.779,41.037,40.767,41.014,68266.77
2026-05-01T22:00:00Z,41.014,41.127,40.88,40.942,69276.11
2026-05-01T23:00:00Z,40.942,41.142,40.895,41.13,62385.3
2026-05-02T00:00:00Z,41.142,41.27,40.983,41.266,109463.92
2026-05-02T01:00:00Z,41.26,41.297,41.047,41.279,156562.68
2026-05-02T02:00:00Z,41.267,41.359,41.118,41.266,91997.75
2026-05-02T03:00:00Z,41.275,41.463,41.161,41.404,126110.32
2026-05-02T04:00:00Z,41.397,41.505,41.281,41.463,150626.35
2026-05-02T05:00:00Z,41.463,41.464,41.179,41.326,157025.54
2026-05-02T06:00:00Z,41.338,41.427,41.177,41.426,136202.48
2026-05-02T07:00:00Z,41.427,41.695,41.412,41.694,181732.79
2026-05-02T08:00:00Z,41.694,42.06,41.667,42.06,384267.07
2026-05-02T09:00:00Z,42.06,42.447,41.921,41.933,489364.03
2026-05-02T10:00:00Z,41.934,41.934,41.613,41.676,207706.59
2026-05-02T11:00:00Z,41.676,41.78,41.448,41.516,126517.35
2026-05-02T12:00:00Z,41.516,41.679,41.51,41.594,55327.62
2026-05-02T13:00:00Z,41.594,41.749,41.55,41.58,114030.58
2026-05-02T14:00:00Z,41.589,41.597,41.242,41.553,235871.93
2026-05-02T15:00:00Z,41.552,41.688,41.373,41.569,103630.18
2026-05-02T16:00:00Z,41.569,41.69,41.566,41.675,49202.29
2026-05-02T17:00:00Z,41.673,41.721,41.441,41.521,61378.15
2026-05-02T18:00:00Z,41.521,41.83,41.426,41.792,150605.6
2026-05-02T19:00:00Z,41.794,41.85,41.542,41.593,84242.37
2026-05-02T20:00:00Z,41.595,41.595,41.367,41.501,94417.14
2026-05-02T21:00:00Z,41.501,41.618,41.315,41.353,126376.03
2026-05-02T22:00:00Z,41.352,41.47,41.256,41.359,111404.07
2026-05-02T23:00:00Z,41.358,41.362,41.247,41.254,33847.77
2026-05-03T00:00:00Z,41.253,41.36,41.144,41.175,67403.05
2026-05-03T01:00:00Z,41.175,41.25,40.971,41.109,176513.1
2026-05-03T02:00:00Z,41.108,41.191,40.93,40.939,58145.78
2026-05-03T03:00:00Z,40.942,41.063,40.843,41.04,75421.65
2026-05-03T04:00:00Z,41.025,41.114,40.88,40.936,35399.6
2026-05-03T05:00:00Z,40.935,41.131,40.925,40.963,104113.72
2026-05-03T06:00:00Z,40.963,40.976,40.787,40.953,80685.86
2026-05-03T07:00:00Z,40.953,41.064,40.861,41.024,60392.47
2026-05-03T08:00:00Z,41.024,41.124,40.893,41.111,92236.23
2026-05-03T09:00:00Z,41.111,41.291,40.99,41.134,144269.54
2026-05-03T10:00:00Z,41.134,41.18,41.009,41.041,52971.98
2026-05-03T11:00:00Z,41.039,41.185,40.931,40.984,58883.69
2026-05-03T12:00:00Z,40.983,41.16,40.983,41.132,55042.94
2026-05-03T13:00:00Z,41.132,41.142,40.92,40.998,80762.44
2026-05-03T14:00:00Z,41.0,41.194,40.802,40.834,96831.84
2026-05-03T15:00:00Z,40.834,41.03,40.737,40.764,171586.81
2026-05-03T16:00:00Z,40.763,41.069,40.678,40.99,255449.22
2026-05-03T17:00:00Z,40.989,41.194,40.951,41.123,115535.06
2026-05-03T18:00:00Z,41.123,41.196,40.989,41.196,57459.7
2026-05-03T19:00:00Z,41.196,41.279,41.119,41.225,66430.65
2026-05-03T20:00:00Z,41.225,41.375,41.196,41.352,124847.95
2026-05-03T21:00:00Z,41.352,41.352,41.065,41.195,96532.58
2026-05-03T22:00:00Z,41.195,41.703,41.151,41.627,330918.41
2026-05-03T23:00:00Z,41.627,41.733,41.35,41.552,217553.88
2026-05-04T00:00:00Z,41.552,41.552,41.113,41.338,209992.7
2026-05-04T01:00:00Z,41.339,41.559,40.944,41.553,196519.55
2026-05-04T02:00:00Z,41.553,42.018,41.391,41.936,443815.57
2026-05-04T03:00:00Z,41.937,42.236,41.87,42.191,243283.76
2026-05-04T04:00:00Z,42.192,42.6,41.853,42.496,422079.03
2026-05-04T05:00:00Z,42.497,42.581,42.083,42.093,127598.04
2026-05-04T06:00:00Z,42.093,42.128,41.667,41.919,214431.03
2026-05-04T07:00:00Z,41.924,42.059,41.782,41.83,125344.6
2026-05-04T08:00:00Z,41.83,41.853,41.616,41.641,96248.56
2026-05-04T09:00:00Z,41.644,41.944,41.6,41.923,108950.46
2026-05-04T10:00:00Z,41.922,41.943,41.088,41.397,492163.95
2026-05-04T11:00:00Z,41.396,41.481,41.199,41.339,90302.03
2026-05-04T12:00:00Z,41.339,41.53,41.283,41.291,92232.97
2026-05-04T13:00:00Z,41.291,41.291,40.818,40.941,328472.48
2026-05-04T14:00:00Z,40.941,41.747,40.897,41.649,476359.2
2026-05-04T15:00:00Z,41.654,41.676,41.036,41.376,459547.29
2026-05-04T16:00:00Z,41.374,41.52,41.101,41.352,231577.28
2026-05-04T17:00:00Z,41.35,41.768,41.34,41.588,161058.24
2026-05-04T18:00:00Z,41.588,41.613,41.342,41.426,114263.89
2026-05-04T19:00:00Z,41.426,41.637,41.323,41.603,147392.52
2026-05-04T20:00:00Z,41.604,41.698,41.512,41.64,145871.39
2026-05-04T21:00:00Z,41.64,42.538,41.634,42.327,314868.12
2026-05-04T22:00:00Z,42.326,42.485,42.017,42.096,175652.86
2026-05-04T23:00:00Z,42.095,42.095,41.791,41.812,141826.18
2026-05-05T00:00:00Z,41.813,42.079,41.77,42.049,131328.56
2026-05-05T01:00:00Z,42.049,42.229,42.006,42.175,121426.66
2026-05-05T02:00:00Z,42.168,42.358,42.028,42.125,104768.14
2026-05-05T03:00:00Z,42.126,42.498,41.975,42.479,113924.45
2026-05-05T04:00:00Z,42.479,42.64,42.294,42.553,112355.97
2026-05-05T05:00:00Z,42.552,42.959,42.413,42.84,236069.54
2026-05-05T06:00:00Z,42.84,43.212,42.643,43.212,320347.87
2026-05-05T07:00:00Z,43.212,43.279,43.088,43.231,215792.89
2026-05-05T08:00:00Z,43.231,43.27,42.812,43.161,255658.06
2026-05-05T09:00:00Z,43.162,43.231,42.734,43.012,251694.32
2026-05-05T10:00:00Z,43.013,43.773,42.854,43.734,444319.85
2026-05-05T11:00:00Z,43.743,43.881,43.575,43.841,295598.01
2026-05-05T12:00:00Z,43.845,44.053,43.65,43.751,313579.8
2026-05-05T13:00:00Z,43.746,43.965,43.58,43.667,281096.54
2026-05-05T14:00:00Z,43.668,43.9,43.569,43.881,208748.23
2026-05-05T15:00:00Z,43.882,44.179,43.818,44.036,326257.54
2026-05-05T16:00:00Z,44.037,44.248,43.718,43.926,338958.56
2026-05-05T17:00:00Z,43.927,44.442,43.902,44.296,441557.95
2026-05-05T18:00:00Z,44.3,44.5,44.276,44.352,243715.05
2026-05-05T19:00:00Z,44.357,44.39,43.949,44.042,269233.43
2026-05-05T20:00:00Z,44.043,44.5,44.041,44.387,224049.63
2026-05-05T21:00:00Z,44.387,44.633,44.108,44.251,437646.71
2026-05-05T22:00:00Z,44.251,44.515,44.04,44.21,172668.28
2026-05-05T23:00:00Z,44.21,44.245,43.585,43.707,296894.76
2026-05-06T00:00:00Z,43.707,43.896,43.644,43.74,156798.47
2026-05-06T01:00:00Z,43.741,44.0,43.697,43.997,204119.81
2026-05-06T02:00:00Z,43.999,44.0,43.57,43.965,248254.58
2026-05-06T03:00:00Z,43.965,44.206,43.903,44.162,112503.4
2026-05-06T04:00:00Z,44.164,44.201,43.803,43.944,144999.46
2026-05-06T05:00:00Z,43.95,44.124,43.911,44.018,81966.31
2026-05-06T06:00:00Z,44.01,44.328,43.9,44.194,137733.56
2026-05-06T07:00:00Z,44.205,44.429,44.137,44.392,247102.03
2026-05-06T08:00:00Z,44.395,44.655,44.226,44.329,220178.73
2026-05-06T09:00:00Z,44.33,44.33,43.706,44.054,311500.8
2026-05-06T10:00:00Z,44.055,44.5,44.036,44.482,218058.77
2026-05-06T11:00:00Z,44.469,44.667,44.412,44.667,231883.81
2026-05-06T12:00:00Z,44.667,44.758,44.195,44.345,254093.99
2026-05-06T13:00:00Z,44.345,44.375,43.8,43.862,389285.37
2026-05-06T14:00:00Z,43.861,43.869,43.447,43.657,323372.75
2026-05-06T15:00:00Z,43.654,43.66,43.122,43.543,579841.08
2026-05-06T16:00:00Z,43.534,43.743,43.285,43.324,291124.84
2026-05-06T17:00:00Z,43.319,43.421,42.944,42.961,417797.91
2026-05-06T18:00:00Z,42.961,43.192,42.899,43.116,152147.92
2026-05-06T19:00:00Z,43.113,43.364,43.112,43.264,159687.13
2026-05-06T20:00:00Z,43.264,43.421,43.043,43.169,147036.79
2026-05-06T21:00:00Z,43.169,43.425,43.012,43.243,127553.92
2026-05-06T22:00:00Z,43.243,43.318,42.986,43.02,140889.4
2026-05-06T23:00:00Z,43.02,43.151,42.956,43.125,86393.51
2026-05-07T00:00:00Z,43.126,43.186,42.798,42.899,175812.0
2026-05-07T01:00:00Z,42.891,43.006,42.61,42.678,250167.83
2026-05-07T02:00:00Z,42.676,42.73,42.558,42.578,150812.64
2026-05-07T03:00:00Z,42.573,42.575,42.31,42.31,243662.81
2026-05-07T04:00:00Z,42.319,42.7,42.287,42.7,167333.78
2026-05-07T05:00:00Z,42.699,42.967,42.686,42.964,196629.51
2026-05-07T06:00:00Z,42.964,43.182,42.811,43.129,216970.27
2026-05-07T07:00:00Z,43.129,43.356,42.884,43.342,226929.11
2026-05-07T08:00:00Z,43.342,43.556,42.795,42.859,319578.27
2026-05-07T09:00:00Z,42.869,42.953,42.7,42.798,101001.02
2026-05-07T10:00:00Z,42.798,42.849,42.447,42.697,160388.48
2026-05-07T11:00:00Z,42.693,42.926,42.693,42.758,57578.64
2026-05-07T12:00:00Z,42.756,43.35,42.734,43.115,199785.89
2026-05-07T13:00:00Z,43.111,43.127,42.402,42.532,276104.87
2026-05-07T14:00:00Z,42.531,42.575,42.069,42.294,361446.62
2026-05-07T15:00:00Z,42.293,42.45,42.06,42.11,214414.56
2026-05-07T16:00:00Z,42.102,42.283,41.857,42.023,339640.2
2026-05-07T17:00:00Z,42.047,42.414,42.023,42.382,138052.05
2026-05-07T18:00:00Z,42.378,42.551,42.166,42.29,141506.97
2026-05-07T19:00:00Z,42.29,42.313,42.093,42.313,88131.53
2026-05-07T20:00:00Z,42.313,42.546,42.297,42.513,104583.66
2026-05-07T21:00:00Z,42.513,42.625,42.242,42.532,180304.18
2026-05-07T22:00:00Z,42.531,42.68,42.37,42.507,78148.42
2026-05-07T23:00:00Z,42.511,42.604,42.428,42.519,53228.09
2026-05-08T00:00:00Z,42.526,42.77,42.526,42.573,114968.53
2026-05-08T01:00:00Z,42.58,42.715,42.382,42.443,358144.33
2026-05-08T02:00:00Z,42.443,42.452,42.146,42.43,109013.8
2026-05-08T03:00:00Z,42.43,42.432,42.159,42.246,111753.47
2026-05-08T04:00:00Z,42.247,42.381,42.041,42.105,85812.05
2026-05-08T05:00:00Z,42.105,42.414,42.067,42.307,68972.26
2026-05-08T06:00:00Z,42.306,42.395,42.233,42.296,63468.85
2026-05-08T07:00:00Z,42.288,42.734,42.18,42.734,115426.24
2026-05-08T08:00:00Z,42.733,42.955,42.463,42.628,151706.38
2026-05-08T09:00:00Z,42.627,42.834,42.54,42.653,85100.59
2026-05-08T10:00:00Z,42.643,42.712,42.443,42.52,79279.75
2026-05-08T11:00:00Z,42.523,42.559,42.347,42.513,93856.57
2026-05-08T12:00:00Z,42.513,42.741,42.46,42.472,98101.41
2026-05-08T13:00:00Z,42.468,42.583,42.127,42.394,122820.92
2026-05-08T14:00:00Z,42.393,43.106,42.334,42.787,539772.49
2026-05-08T15:00:00Z,42.779,43.134,42.37,43.117,535112.78
2026-05-08T16:00:00Z,43.121,43.144,42.698,42.782,302304.22
2026-05-08T17:00:00Z,42.781,43.106,42.737,42.899,119006.09
2026-05-08T18:00:00Z,42.899,43.5,42.899,43.36,303127.36
2026-05-08T19:00:00Z,43.357,43.432,43.018,43.104,246176.48
2026-05-08T20:00:00Z,43.105,43.255,43.025,43.106,76110.4
2026-05-08T21:00:00Z,43.105,43.333,43.09,43.201,81195.15
2026-05-08T22:00:00Z,43.201,43.4,43.2,43.278,65075.49
2026-05-08T23:00:00Z,43.276,43.318,43.05,43.266,62972.18
2026-05-09T00:00:00Z,43.266,43.437,43.213,43.281,130597.14
2026-05-09T01:00:00Z,43.28,44.055,43.28,43.936,393642.55
2026-05-09T02:00:00Z,43.944,43.998,43.799,43.912,82554.77
2026-05-09T03:00:00Z,43.907,44.12,43.789,44.076,109641.83
2026-05-09T04:00:00Z,44.077,44.415,43.858,43.898,223875.58
2026-05-09T05:00:00Z,43.904,44.244,43.877,44.2,84438.0
2026-05-09T06:00:00Z,44.206,44.364,43.933,43.994,157640.12
2026-05-09T07:00:00Z,44.003,44.02,43.8,43.816,76475.55
2026-05-09T08:00:00Z,43.816,43.999,43.8,43.809,61192.01
2026-05-09T09:00:00Z,43.81,44.263,43.5,43.603,356811.46
2026-05-09T10:00:00Z,43.604,43.723,43.25,43.576,210752.51
2026-05-09T11:00:00Z,43.58,43.796,43.568,43.745,88746.04
2026-05-09T12:00:00Z,43.75,44.0,43.701,43.755,125409.7
2026-05-09T13:00:00Z,43.76,43.856,43.5,43.578,177860.87
2026-05-09T14:00:00Z,43.579,43.599,43.069,43.125,356429.38
2026-05-09T15:00:00Z,43.125,43.281,42.929,43.071,258536.93
2026-05-09T16:00:00Z,43.088,43.309,42.919,42.938,178083.56
2026-05-09T17:00:00Z,42.942,43.234,42.922,42.971,234615.01
2026-05-09T18:00:00Z,42.968,43.132,42.915,43.001,95041.32
2026-05-09T19:00:00Z,43.0,43.151,42.881,43.099,116535.6
2026-05-09T20:00:00Z,43.099,43.168,42.85,42.889,127806.62
2026-05-09T21:00:00Z,42.899,43.08,42.881,42.999,82307.4
2026-05-09T22:00:00Z,43.005,43.047,42.895,43.015,69346.23
2026-05-09T23:00:00Z,43.014,43.058,42.832,42.911,66735.87
2026-05-10T00:00:00Z,42.911,42.94,42.624,42.67,232071.79
2026-05-10T01:00:00Z,42.669,42.697,42.383,42.599,219603.75
2026-05-10T02:00:00Z,42.6,42.811,42.541,42.635,124227.88
2026-05-10T03:00:00Z,42.635,42.97,42.585,42.839,192950.49
2026-05-10T04:00:00Z,42.84,43.012,42.801,42.888,96815.84
2026-05-10T05:00:00Z,42.888,43.02,42.789,42.962,34139.6
2026-05-10T06:00:00Z,42.966,43.083,42.907,43.03,52022.63
2026-05-10T07:00:00Z,43.033,43.182,42.936,43.049,57798.42
2026-05-10T08:00:00Z,43.05,43.154,42.883,43.094,67008.74
2026-05-10T09:00:00Z,43.095,43.158,42.842,42.906,58534.65
2026-05-10T10:00:00Z,42.906,42.91,42.714,42.894,62638.71
2026-05-10T11:00:00Z,42.896,42.912,42.696,42.819,37837.04
2026-05-10T12:00:00Z,42.819,42.837,42.526,42.691,91142.48
2026-05-10T13:00:00Z,42.691,43.011,42.658,42.917,58201.25
2026-05-10T14:00:00Z,42.917,43.079,42.812,42.884,50521.98
2026-05-10T15:00:00Z,42.885,43.291,42.88,43.233,143714.92
2026-05-10T16:00:00Z,43.234,43.374,43.102,43.181,127751.18
2026-05-10T17:00:00Z,43.182,43.68,43.108,43.651,214796.82
2026-05-10T18:00:00Z,43.661,43.697,43.296,43.395,142986.73
2026-05-10T19:00:00Z,43.394,43.65,43.263,43.451,111493.15
2026-05-10T20:00:00Z,43.454,43.7,42.24,42.471,602317.59
2026-05-10T21:00:00Z,42.451,42.623,42.144,42.174,395655.19
2026-05-10T22:00:00Z,42.172,42.894,42.116,42.888,301517.53
2026-05-10T23:00:00Z,42.888,43.177,42.744,43.009,319129.98
2026-05-11T00:00:00Z,43.015,43.151,42.4,42.569,280289.26
2026-05-11T01:00:00Z,42.569,42.857,42.459,42.561,128132.17
2026-05-11T02:00:00Z,42.563,42.601,42.198,42.32,202229.88
2026-05-11T03:00:00Z,42.31,42.369,41.951,42.218,339266.54
2026-05-11T04:00:00Z,42.213,42.213,41.953,42.041,157990.12
2026-05-11T05:00:00Z,42.042,42.258,41.977,42.035,145934.42
2026-05-11T06:00:00Z,42.033,42.193,41.877,41.881,262828.45
2026-05-11T07:00:00Z,41.881,41.907,41.713,41.85,180032.09
2026-05-11T08:00:00Z,41.851,41.98,41.736,41.771,70311.75
2026-05-11T09:00:00Z,41.765,41.972,41.742,41.874,93515.4
2026-05-11T10:00:00Z,41.872,42.1,41.447,41.503,272770.84
2026-05-11T11:00:00Z,41.492,41.64,41.273,41.435,199161.34
2026-05-11T12:00:00Z,41.434,41.515,41.223,41.3,301529.62
2026-05-11T13:00:00Z,41.3,41.529,41.113,41.14,495083.75
2026-05-11T14:00:00Z,41.143,41.346,40.825,41.044,538761.23
2026-05-11T15:00:00Z,41.039,41.672,40.989,41.671,456400.73
2026-05-11T16:00:00Z,41.672,41.917,41.521,41.808,379757.75
2026-05-11T17:00:00Z,41.812,42.013,41.632,41.765,327240.72
2026-05-11T18:00:00Z,41.764,42.153,41.712,42.082,195014.06
2026-05-11T19:00:00Z,42.082,42.22,41.937,42.176,167988.95
2026-05-11T20:00:00Z,42.17,42.21,41.907,41.979,110870.15
2026-05-11T21:00:00Z,41.987,42.081,41.791,41.809,88758.96
2026-05-11T22:00:00Z,41.808,42.011,41.807,41.943,68316.12
2026-05-11T23:00:00Z,41.943,42.043,41.812,41.996,88901.89
2026-05-12T00:00:00Z,41.999,42.05,41.547,41.556,213154.18
2026-05-12T01:00:00Z,41.557,41.67,41.106,41.354,287185.23
2026-05-12T02:00:00Z,41.349,41.454,41.213,41.229,140230.09
2026-05-12T03:00:00Z,41.228,41.243,40.86,40.981,192333.61
2026-05-12T04:00:00Z,40.981,41.131,40.813,41.091,201561.53
2026-05-12T05:00:00Z,41.085,41.321,41.085,41.271,85814.83
2026-05-12T06:00:00Z,41.27,41.352,41.119,41.129,43184.26
2026-05-12T07:00:00Z,41.132,41.35,41.056,41.291,63039.84
2026-05-12T08:00:00Z,41.292,41.397,41.249,41.249,142722.21
2026-05-12T09:00:00Z,41.25,41.281,41.057,41.151,97984.21
2026-05-12T10:00:00Z,41.151,41.151,40.833,40.925,259115.84
2026-05-12T11:00:00Z,40.928,41.031,40.618,41.03,392035.76
2026-05-12T12:00:00Z,41.03,41.135,40.635,40.867,319565.8
2026-05-12T13:00:00Z,40.868,40.957,40.654,40.673,194694.51
2026-05-12T14:00:00Z,40.689,40.821,40.136,40.29,817729.97
2026-05-12T15:00:00Z,40.29,40.498,40.053,40.284,359274.76
2026-05-12T16:00:00Z,40.287,40.397,39.79,39.853,455979.58
2026-05-12T17:00:00Z,39.855,40.299,39.78,40.122,398243.45
2026-05-12T18:00:00Z,40.123,40.393,40.108,40.213,125807.22
2026-05-12T19:00:00Z,40.213,40.48,40.213,40.425,115018.23
2026-05-12T20:00:00Z,40.426,40.489,40.254,40.305,103856.12
2026-05-12T21:00:00Z,40.306,40.383,40.264,40.372,48870.38
2026-05-12T22:00:00Z,40.372,40.572,40.372,40.435,65060.9
2026-05-12T23:00:00Z,40.435,40.578,40.113,40.256,106928.5
2026-05-13T00:00:00Z,40.254,40.35,40.044,40.318,118507.07
2026-05-13T01:00:00Z,40.317,40.706,40.232,40.459,232008.61
2026-05-13T02:00:00Z,40.459,40.603,40.429,40.466,56036.39
2026-05-13T03:00:00Z,40.466,40.557,40.41,40.444,32563.72
2026-05-13T04:00:00Z,40.444,40.454,40.232,40.254,81530.92
2026-05-13T05:00:00Z,40.259,40.27,39.85,39.895,239783.18
2026-05-13T06:00:00Z,39.899,40.224,39.85,40.186,172453.13
2026-05-13T07:00:00Z,40.185,40.428,39.995,40.161,155798.91
2026-05-13T08:00:00Z,40.161,40.19,40.009,40.101,87948.31
2026-05-13T09:00:00Z,40.103,40.201,39.895,39.919,137195.23
2026-05-13T10:00:00Z,39.919,39.955,39.43,39.497,496774.03
2026-05-13T11:00:00Z,39.497,39.61,39.24,39.24,280690.43
2026-05-13T12:00:00Z,39.241,39.36,39.03,39.226,684584.0
2026-05-13T13:00:00Z,39.226,39.571,39.02,39.347,406744.7
2026-05-13T14:00:00Z,39.345,39.431,39.045,39.072,349648.53
2026-05-13T15:00:00Z,39.071,39.131,38.857,38.868,510181.48
2026-05-13T16:00:00Z,38.867,39.279,38.86,39.186,238043.13
2026-05-13T17:00:00Z,39.189,39.261,39.104,39.181,89521.45
2026-05-13T18:00:00Z,39.191,39.36,39.161,39.188,113234.6
2026-05-13T19:00:00Z,39.188,39.226,39.034,39.102,90429.36
2026-05-13T20:00:00Z,39.102,39.246,39.049,39.055,79708.09
2026-05-13T21:00:00Z,39.053,39.061,38.729,38.746,330054.5
2026-05-13T22:00:00Z,38.748,39.083,38.717,38.936,126981.25
2026-05-13T23:00:00Z,38.936,39.019,38.817,38.818,97040.72
2026-05-14T00:00:00Z,38.817,38.887,38.72,38.801,152249.0
2026-05-14T01:00:00Z,38.795,39.063,38.79,38.928,110201.86
2026-05-14T02:00:00Z,38.932,38.965,38.7,38.704,87487.46
2026-05-14T03:00:00Z,38.704,38.738,38.164,38.326,752597.03
2026-05-14T04:00:00Z,38.328,38.666,38.302,38.626,163731.35
2026-05-14T05:00:00Z,38.621,39.296,38.462,39.174,287739.23
2026-05-14T06:00:00Z,39.173,39.308,39.081,39.098,77254.57
2026-05-14T07:00:00Z,39.088,39.201,38.91,39.009,86269.76
2026-05-14T08:00:00Z,39.01,39.157,38.874,38.969,108447.97
2026-05-14T09:00:00Z,38.968,39.143,38.884,39.116,152537.85
2026-05-14T10:00:00Z,39.116,39.155,38.912,39.068,75396.76
2026-05-14T11:00:00Z,39.062,39.087,38.902,38.902,67752.96
2026-05-14T12:00:00Z,38.901,40.68,38.887,40.152,2378903.1800000002
2026-05-14T13:00:00Z,40.152,41.4,40.007,41.084,1992803.54
2026-05-14T14:00:00Z,41.084,42.126,40.921,41.972,1512822.8700000001
2026-05-14T15:00:00Z,41.973,42.837,41.972,42.632,1192686.6899999999
2026-05-14T16:00:00Z,42.639,43.528,42.32,43.512,1513414.01
2026-05-14T17:00:00Z,43.511,44.098,43.256,43.784,1330295.0
2026-05-14T18:00:00Z,43.777,44.535,43.633,44.525,953968.37
2026-05-14T19:00:00Z,44.534,44.76,44.191,44.653,745758.26
2026-05-14T20:00:00Z,44.653,44.679,43.6,44.156,1128944.28
2026-05-14T21:00:00Z,44.154,44.32,43.613,43.816,496964.27
2026-05-14T22:00:00Z,43.816,44.34,43.804,44.161,316204.85
2026-05-14T23:00:00Z,44.161,44.588,43.981,44.134,316491.05
2026-05-15T00:00:00Z,44.137,45.36,44.137,45.171,738919.26
2026-05-15T01:00:00Z,45.171,46.721,45.083,46.181,2227864.8900000001
2026-05-15T02:00:00Z,46.166,46.631,45.383,46.462,1202676.4099999999
2026-05-15T03:00:00Z,46.462,47.06,46.211,46.706,818827.96
2026-05-15T04:00:00Z,46.706,46.993,46.112,46.192,702528.34
2026-05-15T05:00:00Z,46.198,46.435,45.133,45.422,1024599.34
2026-05-15T06:00:00Z,45.422,45.984,45.309,45.873,513108.88
2026-05-15T07:00:00Z,45.882,46.829,45.831,46.687,568086.47
2026-05-15T08:00:00Z,46.687,46.703,45.458,45.629,592759.54
2026-05-15T09:00:00Z,45.63,45.729,45.209,45.591,369772.9
2026-05-15T10:00:00Z,45.602,45.67,45.166,45.599,276037.24
2026-05-15T11:00:00Z,45.599,45.96,44.969,45.69,379679.8
2026-05-15T12:00:00Z,45.688,45.781,43.0,43.493,2718972.3399999999
2026-05-15T13:00:00Z,43.504,43.729,42.8,43.415,2351989.3500000001
2026-05-15T14:00:00Z,43.438,44.249,43.3,43.736,1578236.5900000001
2026-05-15T15:00:00Z,43.736,44.312,43.551,44.104,592574.13
2026-05-15T16:00:00Z,44.102,44.219,43.644,44.011,458003.33
2026-05-15T17:00:00Z,44.011,45.088,43.998,44.475,997777.87
2026-05-15T18:00:00Z,44.463,44.64,44.119,44.581,371605.72
2026-05-15T19:00:00Z,44.583,44.983,44.388,44.575,448426.62
2026-05-15T20:00:00Z,44.576,44.95,44.112,44.168,468809.41
2026-05-15T21:00:00Z,44.169,44.305,43.824,43.843,280833.34
2026-05-15T22:00:00Z,43.843,44.188,43.806,44.072,137756.84
2026-05-15T23:00:00Z,44.071,44.309,44.016,44.155,151679.97
2026-05-16T00:00:00Z,44.156,44.481,43.878,43.913,156727.17
2026-05-16T01:00:00Z,43.913,44.15,43.14,43.555,515978.95
2026-05-16T02:00:00Z,43.555,43.657,43.02,43.321,243792.35
2026-05-16T03:00:00Z,43.321,43.406,43.01,43.204,157650.45
2026-05-16T04:00:00Z,43.204,43.211,42.546,42.678,449699.77
2026-05-16T05:00:00Z,42.671,42.835,42.44,42.575,264153.27
2026-05-16T06:00:00Z,42.576,42.667,41.357,41.537,1008546.8
2026-05-16T07:00:00Z,41.537,42.159,41.289,41.981,776540.1899999999
2026-05-16T08:00:00Z,41.982,42.099,41.556,41.677,318429.17
2026-05-16T09:00:00Z,41.671,41.736,40.93,40.93,807096.35
2026-05-16T10:00:00Z,40.945,41.154,40.369,40.788,969800.16
2026-05-16T11:00:00Z,40.788,41.125,40.599,40.827,279874.08
2026-05-16T12:00:00Z,40.829,41.333,40.776,41.245,265322.68
2026-05-16T13:00:00Z,41.238,41.252,40.694,40.993,286046.77
2026-05-16T14:00:00Z,40.994,41.307,40.816,41.05,232297.95
2026-05-16T15:00:00Z,41.051,41.118,40.747,40.89,150671.68
2026-05-16T16:00:00Z,40.876,41.105,40.589,40.836,232839.85
2026-05-16T17:00:00Z,40.841,41.214,40.65,40.917,256114.0
2026-05-16T18:00:00Z,40.916,41.5,40.86,41.483,436017.88
2026-05-16T19:00:00Z,41.483,41.846,41.42,41.664,510033.53
2026-05-16T20:00:00Z,41.664,41.95,41.653,41.898,280698.94
2026-05-16T21:00:00Z,41.899,41.998,41.685,41.907,221945.43
2026-05-16T22:00:00Z,41.907,42.063,41.764,41.849,163901.75
2026-05-16T23:00:00Z,41.854,41.945,41.753,41.82,107963.02
2026-05-17T00:00:00Z,41.82,42.222,41.673,41.797,283076.89
2026-05-17T01:00:00Z,41.804,41.861,41.35,41.442,293048.42
2026-05-17T02:00:00Z,41.441,41.636,41.333,41.445,193580.37
2026-05-17T03:00:00Z,41.445,42.713,41.426,42.403,591229.6
2026-05-17T04:00:00Z,42.402,42.879,41.93,42.391,554532.9399999999
2026-05-17T05:00:00Z,42.391,42.883,42.332,42.729,299032.63
2026-05-17T06:00:00Z,42.723,42.823,42.466,42.589,246161.43
2026-05-17T07:00:00Z,42.587,42.9,42.441,42.779,146820.69
2026-05-17T08:00:00Z,42.778,42.9,42.607,42.8,114735.63
2026-05-17T09:00:00Z,42.8,42.95,42.756,42.943,175016.44
2026-05-17T10:00:00Z,42.943,43.475,42.854,43.353,427160.62
2026-05-17T11:00:00Z,43.359,43.45,42.885,42.895,233676.94
2026-05-17T12:00:00Z,42.89,43.198,42.71,43.189,235183.95
2026-05-17T13:00:00Z,43.189,43.252,42.503,42.831,341117.96
2026-05-17T14:00:00Z,42.82,43.526,42.696,43.423,440033.32
2026-05-17T15:00:00Z,43.422,43.99,43.251,43.589,697015.51
2026-05-17T16:00:00Z,43.59,43.939,43.404,43.545,435608.78
2026-05-17T17:00:00Z,43.544,44.0,43.373,43.905,321142.82
2026-05-17T18:00:00Z,43.916,45.61,43.843,45.516,1044003.33
2026-05-17T19:00:00Z,45.524,47.047,45.293,46.714,2140033.6800000002
2026-05-17T20:00:00Z,46.713,47.1,46.06,46.411,1521365.1000000001
2026-05-17T21:00:00Z,46.415,47.15,46.329,47.0,735236.84
2026-05-17T22:00:00Z,47.0,47.013,45.8,46.116,1069711.5
2026-05-17T23:00:00Z,46.118,46.125,44.636,45.685,1722169.3999999999
2026-05-18T00:00:00Z,45.686,46.988,45.373,46.94,1413612.6399999999
2026-05-18T01:00:00Z,46.951,47.0,45.702,46.057,709203.1899999999
2026-05-18T02:00:00Z,46.057,46.151,45.409,45.588,309622.32
2026-05-18T03:00:00Z,45.575,45.918,45.104,45.508,369474.63
2026-05-18T04:00:00Z,45.508,46.058,45.153,45.841,235277.58
2026-05-18T05:00:00Z,45.832,46.009,45.403,45.431,341982.5
2026-05-18T06:00:00Z,45.42,45.512,45.035,45.372,245992.38
2026-05-18T07:00:00Z,45.376,45.539,44.799,45.286,565613.8199999999
2026-05-18T08:00:00Z,45.283,45.9,45.241,45.818,201869.57
2026-05-18T09:00:00Z,45.819,45.89,44.8,45.266,265164.99
2026-05-18T10:00:00Z,45.267,45.553,45.191,45.3,188500.51
2026-05-18T11:00:00Z,45.302,45.75,44.979,45.472,272631.6
2026-05-18T12:00:00Z,45.493,46.033,45.375,45.881,472391.97
2026-05-18T13:00:00Z,45.886,46.267,45.369,45.981,868003.04
2026-05-18T14:00:00Z,45.981,46.035,44.444,44.67,1137424.77
2026-05-18T15:00:00Z,44.667,45.196,44.196,44.726,1437433.1299999999
2026-05-18T16:00:00Z,44.725,45.138,44.669,45.09,353568.49
2026-05-18T17:00:00Z,45.091,45.567,45.078,45.529,321156.87
2026-05-18T18:00:00Z,45.523,45.65,44.83,44.914,539420.29
2026-05-18T19:00:00Z,44.915,46.397,44.905,46.385,786371.0
2026-05-18T20:00:00Z,46.376,46.6,45.685,45.88,498470.54
2026-05-18T21:00:00Z,45.877,48.0,45.794,47.207,2253287.7599999998
2026-05-18T22:00:00Z,47.207,47.64,46.718,47.172,1069385.6000000001
2026-05-18T23:00:00Z,47.171,47.8,47.14,47.76,671628.26
2026-05-19T00:00:00Z,47.759,48.551,47.654,48.2,1318612.2
2026-05-19T01:00:00Z,48.201,48.202,47.121,47.21,717194.7
2026-05-19T02:00:00Z,47.21,47.518,46.8,47.415,566165.71
2026-05-19T03:00:00Z,47.411,47.967,47.23,47.747,305653.33
2026-05-19T04:00:00Z,47.754,48.3,47.433,47.452,448808.66
2026-05-19T05:00:00Z,47.451,47.597,47.183,47.55,307433.61
2026-05-19T06:00:00Z,47.539,47.797,47.474,47.599,152569.89
2026-05-19T07:00:00Z,47.599,48.379,47.531,47.8,315591.32
2026-05-19T08:00:00Z,47.8,48.054,47.539,48.036,260117.06
2026-05-19T09:00:00Z,48.034,48.322,47.573,47.886,305962.55
2026-05-19T10:00:00Z,47.88,48.432,47.731,48.337,430295.02
2026-05-19T11:00:00Z,48.337,48.683,47.568,47.751,601174.03
2026-05-19T12:00:00Z,47.75,47.954,47.263,47.791,341869.61
2026-05-19T13:00:00Z,47.792,48.488,47.487,48.416,746558.58
2026-05-19T14:00:00Z,48.429,48.449,47.393,47.53,826630.04
2026-05-19T15:00:00Z,47.53,47.98,47.342,47.79,545332.03
2026-05-19T16:00:00Z,47.781,48.348,47.659,48.251,448038.38
2026-05-19T17:00:00Z,48.253,48.896,48.239,48.656,751467.4
2026-05-19T18:00:00Z,48.648,48.719,48.136,48.18,510139.7
2026-05-19T19:00:00Z,48.174,48.746,48.144,48.72,380587.33
2026-05-19T20:00:00Z,48.72,48.729,47.991,48.145,423499.11
2026-05-19T21:00:00Z,48.145,48.37,47.8,47.952,222291.7
2026-05-19T22:00:00Z,47.952,48.074,47.637,47.96,229038.51
2026-05-19T23:00:00Z,47.943,48.357,47.904,48.008,217646.48
2026-05-20T00:00:00Z,47.998,48.042,47.079,47.585,453118.18
2026-05-20T01:00:00Z,47.578,47.77,47.159,47.606,282466.75
2026-05-20T02:00:00Z,47.605,47.788,47.337,47.682,159912.44
2026-05-20T03:00:00Z,47.677,47.893,47.39,47.438,137886.02
2026-05-20T04:00:00Z,47.44,48.305,47.303,48.282,253428.4
2026-05-20T05:00:00Z,48.285,48.613,47.92,48.321,347560.86
2026-05-20T06:00:00Z,48.32,48.637,48.272,48.465,233863.75
2026-05-20T07:00:00Z,48.465,48.638,48.22,48.444,236657.35
2026-05-20T08:00:00Z,48.444,48.849,48.422,48.553,302331.73
2026-05-20T09:00:00Z,48.553,48.994,48.481,48.944,331217.98
2026-05-20T10:00:00Z,48.943,49.735,48.915,49.581,878229.35
2026-05-20T11:00:00Z,49.581,50.05,49.228,49.684,805686.75
2026-05-20T12:00:00Z,49.686,50.208,49.458,49.907,906894.83
2026-05-20T13:00:00Z,49.905,51.533,49.643,51.198,2462278.8100000001
2026-05-20T14:00:00Z,51.195,51.654,50.567,51.323,1214754.48
2026-05-20T15:00:00Z,51.318,52.0,51.131,51.385,932159.45
2026-05-20T16:00:00Z,51.386,51.792,51.164,51.432,514807.35
2026-05-20T17:00:00Z,51.442,52.323,51.332,51.917,993642.74
2026-05-20T18:00:00Z,51.918,52.207,51.319,51.471,667413.79
2026-05-20T19:00:00Z,51.472,52.945,51.373,52.92,1230164.5800000001
2026-05-20T20:00:00Z,52.924,53.066,51.658,51.921,1136041.3600000001
2026-05-20T21:00:00Z,51.916,53.054,51.696,52.923,678034.0
2026-05-20T22:00:00Z,52.923,54.505,52.591,54.193,1877041.77
2026-05-20T23:00:00Z,54.194,54.842,53.651,54.836,899193.7
2026-05-21T00:00:00Z,54.823,56.636,54.716,56.383,2240247.9199999999
2026-05-21T01:00:00Z,56.383,57.098,55.95,56.337,1634355.77
2026-05-21T02:00:00Z,56.336,56.457,55.338,55.816,773241.0600000001
2026-05-21T03:00:00Z,55.811,56.848,55.514,56.732,734119.08
2026-05-21T04:00:00Z,56.719,56.768,55.86,55.93,515292.72
2026-05-21T05:00:00Z,55.927,56.43,55.671,56.206,511345.08
2026-05-21T06:00:00Z,56.205,56.854,56.016,56.458,633203.16
2026-05-21T07:00:00Z,56.457,58.5,56.418,58.334,1450853.47
2026-05-21T08:00:00Z,58.333,58.869,58.095,58.518,1086892.74
2026-05-21T09:00:00Z,58.5,59.143,57.443,57.841,1139721.52
2026-05-21T10:00:00Z,57.856,58.574,57.216,57.414,1075047.54
2026-05-21T11:00:00Z,57.418,57.68,56.65,57.171,817160.23
2026-05-21T12:00:00Z,57.17,57.906,56.72,57.693,588549.6
2026-05-21T13:00:00Z,57.699,59.755,57.536,59.405,2317568.9900000002
2026-05-21T14:00:00Z,59.404,62.02,58.85,60.909,4287897.3600000003
2026-05-21T15:00:00Z,60.906,62.596,60.493,61.08,3081459.0800000001
2026-05-21T16:00:00Z,61.08,61.124,58.6,58.661,2585742.7599999998
2026-05-21T17:00:00Z,58.661,60.267,58.6,58.683,1544761.9199999999
2026-05-21T18:00:00Z,58.682,59.475,58.345,58.458,875946.55
2026-05-21T19:00:00Z,58.473,58.763,57.125,57.795,1502508.45
2026-05-21T20:00:00Z,57.789,58.712,56.162,57.864,1608184.8100000001
2026-05-21T21:00:00Z,57.857,58.29,57.153,57.904,757682.6899999999
2026-05-21T22:00:00Z,57.905,58.526,57.77,58.465,386507.74
2026-05-21T23:00:00Z,58.465,59.132,58.253,58.579,577804.48
2026-05-22T00:00:00Z,58.574,58.63,56.916,57.459,829497.17
2026-05-22T01:00:00Z,57.448,57.764,56.578,57.455,689765.35
2026-05-22T02:00:00Z,57.443,58.422,57.233,57.648,503846.94
2026-05-22T03:00:00Z,57.648,57.826,57.064,57.477,317530.3
2026-05-22T04:00:00Z,57.477,58.161,57.322,58.073,219333.32
2026-05-22T05:00:00Z,58.092,58.3,57.709,57.945,252664.69
2026-05-22T06:00:00Z,57.944,58.147,57.024,57.106,354664.89
2026-05-22T07:00:00Z,57.1,57.936,56.954,57.879,391169.85
2026-05-22T08:00:00Z,57.887,59.932,57.587,59.185,922134.95
2026-05-22T09:00:00Z,59.186,60.0,58.69,59.094,685065.39
2026-05-22T10:00:00Z,59.094,59.643,58.882,59.168,518826.23
2026-05-22T11:00:00Z,59.168,60.915,58.761,60.872,1111900.98
2026-05-22T12:00:00Z,60.872,61.644,60.363,60.988,1494994.0800000001
2026-05-22T13:00:00Z,60.988,61.96,60.567,61.521,1722093.24
2026-05-22T14:00:00Z,61.521,61.659,59.076,59.136,1530627.8600000001
2026-05-22T15:00:00Z,59.137,59.593,57.709,57.889,1435388.9399999999
2026-05-22T16:00:00Z,57.89,58.269,57.003,57.807,1087927.8700000001
2026-05-22T17:00:00Z,57.808,58.093,57.458,57.884,345768.31
2026-05-22T18:00:00Z,57.884,58.509,56.1,56.826,1738027.1599999999
2026-05-22T19:00:00Z,56.832,56.92,54.968,55.592,2310893.2799999998
2026-05-22T20:00:00Z,55.591,55.98,54.28,55.037,1290392.75
2026-05-22T21:00:00Z,55.029,56.394,55.025,56.15,712414.29
2026-05-22T22:00:00Z,56.146,56.213,54.999,55.411,527660.3
2026-05-22T23:00:00Z,55.411,55.708,54.528,54.579,652520.15
2026-05-23T00:00:00Z,54.58,55.208,54.0,54.994,710390.04
2026-05-23T01:00:00Z,55.012,55.314,54.278,54.832,493924.75
2026-05-23T02:00:00Z,54.832,55.358,54.5,55.358,295309.11
2026-05-23T03:00:00Z,55.356,55.93,55.217,55.93,331221.97
2026-05-23T04:00:00Z,55.93,55.93,54.909,55.134,202789.47
2026-05-23T05:00:00Z,55.135,55.85,54.974,55.261,235157.73
2026-05-23T06:00:00Z,55.262,55.526,54.858,55.069,221191.4
2026-05-23T07:00:00Z,55.069,55.678,54.692,55.601,376924.17
2026-05-23T08:00:00Z,55.591,56.265,55.324,56.186,475716.91
2026-05-23T09:00:00Z,56.186,56.25,55.212,55.271,244339.45
2026-05-23T10:00:00Z,55.258,55.844,55.258,55.414,136419.08
2026-05-23T11:00:00Z,55.415,55.459,54.899,54.997,203939.25
2026-05-23T12:00:00Z,54.99,55.247,54.42,55.051,371119.06
2026-05-23T13:00:00Z,55.046,55.887,54.95,55.16,311537.87
2026-05-23T14:00:00Z,55.159,56.8,54.963,56.546,578081.77
2026-05-23T15:00:00Z,56.545,57.692,56.511,57.162,1075857.04
2026-05-23T16:00:00Z,57.165,58.071,56.981,57.709,559764.17
2026-05-23T17:00:00Z,57.709,58.026,57.202,57.478,375434.79
2026-05-23T18:00:00Z,57.473,58.8,57.398,58.62,649964.7
2026-05-23T19:00:00Z,58.62,58.68,58.104,58.292,250570.57
2026-05-23T20:00:00Z,58.312,59.9,58.102,59.5,1131346.71
2026-05-23T21:00:00Z,59.5,59.641,57.413,58.156,842758.74
2026-05-23T22:00:00Z,58.155,58.266,57.287,57.958,438346.6
2026-05-23T23:00:00Z,57.959,58.8,57.849,58.704,270733.53
2026-05-24T00:00:00Z,58.704,59.89,58.612,59.833,477924.58
2026-05-24T01:00:00Z,59.833,61.495,59.728,60.276,1545091.3100000001
2026-05-24T02:00:00Z,60.266,60.72,59.407,60.0,907815.33
2026-05-24T03:00:00Z,60.0,60.509,59.841,60.126,264824.43
2026-05-24T04:00:00Z,60.132,60.535,59.622,60.315,391519.14
2026-05-24T05:00:00Z,60.316,61.5,60.111,61.285,534443.59
2026-05-24T06:00:00Z,61.286,61.895,60.222,61.805,738611.5699999999
2026-05-24T07:00:00Z,61.798,62.0,61.107,61.978,511417.64
2026-05-24T08:00:00Z,61.977,63.176,61.591,62.736,1047878.0
2026-05-24T09:00:00Z,62.712,64.34,62.62,63.706,1474900.72
2026-05-24T10:00:00Z,63.706,63.753,62.416,63.113,1002802.4399999999
2026-05-24T11:00:00Z,63.121,63.46,62.422,62.79,661487.84
2026-05-24T12:00:00Z,62.807,64.1,62.597,63.998,692897.15
2026-05-24T13:00:00Z,64.034,64.32,62.693,63.082,1069254.98
2026-05-24T14:00:00Z,63.083,63.531,61.556,62.802,1257812.3400000001
2026-05-24T15:00:00Z,62.805,63.8,62.544,63.649,645766.7
2026-05-24T16:00:00Z,63.649,64.024,63.0,63.475,461859.17
2026-05-24T17:00:00Z,63.475,63.642,62.831,63.083,340891.49
2026-05-24T18:00:00Z,63.083,63.946,62.556,63.946,491502.33
2026-05-24T19:00:00Z,63.946,64.5,62.779,62.944,859886.15
2026-05-24T20:00:00Z,62.944,63.112,61.985,62.115,493105.9
2026-05-24T21:00:00Z,62.115,62.703,61.32,61.556,652276.17
2026-05-24T22:00:00Z,61.556,62.884,61.556,62.375,473507.92
2026-05-24T23:00:00Z,62.382,63.791,62.381,62.745,512394.51
2026-05-25T00:00:00Z,62.76,62.9,61.8,61.855,367288.37
2026-05-25T01:00:00Z,61.85,62.136,60.753,60.853,683689.28
2026-05-25T02:00:00Z,60.853,61.633,60.71,61.323,456165.79
2026-05-25T03:00:00Z,61.324,61.627,61.174,61.441,218890.76
2026-05-25T04:00:00Z,61.441,62.813,60.889,62.699,653034.4399999999
2026-05-25T05:00:00Z,62.699,63.214,61.776,62.431,535176.14
2026-05-25T06:00:00Z,62.426,62.951,61.69,62.093,393460.16
2026-05-25T07:00:00Z,62.092,63.495,61.807,63.419,480177.73
2026-05-25T08:00:00Z,63.423,63.73,63.001,63.559,482922.89
2026-05-25T09:00:00Z,63.558,63.9,63.083,63.275,368828.87
2026-05-25T10:00:00Z,63.304,63.653,63.001,63.389,253197.54
2026-05-25T11:00:00Z,63.395,63.55,62.69,63.375,351887.9
2026-05-25T12:00:00Z,63.376,63.792,62.61,62.614,523511.4
2026-05-25T13:00:00Z,62.61,63.454,62.336,63.313,483844.02
2026-05-25T14:00:00Z,63.316,63.352,62.547,62.869,374153.29
2026-05-25T15:00:00Z,62.87,63.131,62.458,62.545,319643.33
2026-05-25T16:00:00Z,62.567,62.583,61.806,62.07,526625.28
2026-05-25T17:00:00Z,62.07,62.123,61.642,61.905,277305.69
2026-05-25T18:00:00Z,61.919,62.312,61.545,61.681,219231.37
2026-05-25T19:00:00Z,61.695,62.111,61.4,62.011,282334.57
2026-05-25T20:00:00Z,62.028,62.028,60.962,61.272,660871.99
2026-05-25T21:00:00Z,61.272,61.639,61.222,61.458,154230.48
2026-05-25T22:00:00Z,61.456,61.995,61.191,61.21,258426.46
2026-05-25T23:00:00Z,61.21,61.758,61.055,61.097,237350.13
2026-05-26T00:00:00Z,61.098,61.218,59.49,60.026,1109971.9199999999
2026-05-26T01:00:00Z,60.032,60.355,59.082,59.246,726077.01
2026-05-26T02:00:00Z,59.246,59.759,58.802,58.996,812521.03
2026-05-26T03:00:00Z,58.996,59.53,58.55,59.293,532426.4300000001
2026-05-26T04:00:00Z,59.331,59.992,58.977,59.968,358668.99
2026-05-26T05:00:00Z,59.968,60.466,59.571,60.268,457578.98
2026-05-26T06:00:00Z,60.268,60.772,60.083,60.496,308583.21
2026-05-26T07:00:00Z,60.497,60.597,59.476,59.728,560634.37
2026-05-26T08:00:00Z,59.729,60.228,59.274,59.495,196619.96
2026-05-26T09:00:00Z,59.49,59.776,59.153,59.641,164215.1
2026-05-26T10:00:00Z,59.642,61.787,59.573,61.407,962713.23
2026-05-26T11:00:00Z,61.412,61.699,60.926,61.146,379434.17
2026-05-26T12:00:00Z,61.139,62.16,60.477,62.128,708741.38
2026-05-26T13:00:00Z,62.127,63.96,61.8,63.584,1483749.8500000001
2026-05-26T14:00:00Z,63.588,64.74,63.134,63.451,2294556.7999999998
2026-05-26T15:00:00Z,63.476,63.587,61.749,62.474,1322244.0700000001
2026-05-26T16:00:00Z,62.464,63.813,62.05,62.719,1123334.98
2026-05-26T17:00:00Z,62.742,62.95,60.717,61.473,935924.17
2026-05-26T18:00:00Z,61.473,62.01,61.013,61.66,580937.14
2026-05-26T19:00:00Z,61.662,61.7,60.076,60.73,686712.1800000001
2026-05-26T20:00:00Z,60.757,60.83,59.226,59.648,1075169.7
2026-05-26T21:00:00Z,59.65,59.77,58.69,58.981,792656.61
2026-05-26T22:00:00Z,58.981,59.814,58.805,59.698,473031.24
2026-05-26T23:00:00Z,59.698,59.97,59.263,59.509,393692.36
2026-05-27T00:00:00Z,59.508,60.795,59.342,60.738,418431.3
2026-05-27T01:00:00Z,60.739,60.776,59.784,60.018,326856.79
2026-05-27T02:00:00Z,60.019,60.647,59.674,60.641,317590.61
2026-05-27T03:00:00Z,60.644,61.09,59.754,60.014,639551.54
2026-05-27T04:00:00Z,60.014,60.818,59.5,60.684,407266.73
2026-05-27T05:00:00Z,60.684,61.931,60.598,61.809,541352.16
2026-05-27T06:00:00Z,61.808,62.344,61.421,62.344,382888.28
2026-05-27T07:00:00Z,62.344,62.628,61.781,62.094,429867.49
2026-05-27T08:00:00Z,62.1,62.393,61.71,62.211,177075.76
2026-05-27T09:00:00Z,62.216,63.318,61.966,62.825,619547.35
2026-05-27T10:00:00Z,62.829,63.2,62.465,62.487,394905.33
2026-05-27T11:00:00Z,62.478,63.151,62.2,62.261,317918.54
2026-05-27T12:00:00Z,62.261,63.029,61.637,61.86,725700.34
2026-05-27T13:00:00Z,61.86,62.082,60.222,60.781,1029262.4
2026-05-27T14:00:00Z,60.781,60.925,59.596,59.977,923160.8100000001
2026-05-27T15:00:00Z,59.977,60.84,59.87,60.485,523686.31
2026-05-27T16:00:00Z,60.485,60.618,59.659,60.418,362027.97
2026-05-27T17:00:00Z,60.419,60.462,58.881,59.395,775845.0699999999
2026-05-27T18:00:00Z,59.395,59.855,58.935,59.379,663091.3
2026-05-27T19:00:00Z,59.382,60.157,59.311,60.107,311783.58
2026-05-27T20:00:00Z,60.111,60.464,59.9,60.374,298254.77
2026-05-27T21:00:00Z,60.361,60.391,59.19,59.758,396031.52
2026-05-27T22:00:00Z,59.775,59.934,58.0,58.03,911353.49
2026-05-27T23:00:00Z,58.031,58.571,57.06,57.618,907800.96
2026-05-28T00:00:00Z,57.618,58.181,57.448,57.869,409466.15
2026-05-28T01:00:00Z,57.876,58.387,57.7,57.94,283454.85
2026-05-28T02:00:00Z,57.971,58.529,57.602,58.34,310680.3
2026-05-28T03:00:00Z,58.341,58.375,56.69,57.057,941613.29
2026-05-28T04:00:00Z,57.058,57.595,56.658,57.456,804476.45
2026-05-28T05:00:00Z,57.452,57.798,56.803,56.972,414843.01
2026-05-28T06:00:00Z,56.974,57.301,56.588,57.102,363541.68
2026-05-28T07:00:00Z,57.102,58.288,57.1,58.046,559266.85
2026-05-28T08:00:00Z,58.043,58.061,56.296,56.721,492061.09
2026-05-28T09:00:00Z,56.721,57.504,56.605,57.442,227307.18
2026-05-28T10:00:00Z,57.442,57.442,56.595,56.617,244694.55
2026-05-28T11:00:00Z,56.618,57.058,56.566,57.05,187274.97
2026-05-28T12:00:00Z,57.05,57.546,56.25,57.255,438854.59
2026-05-28T13:00:00Z,57.255,57.455,56.318,57.304,730922.63
2026-05-28T14:00:00Z,57.31,58.79,56.699,57.322,1644463.8899999999
2026-05-28T15:00:00Z,57.339,57.917,57.168,57.661,463623.12
2026-05-28T16:00:00Z,57.661,59.371,57.367,59.371,1012018.6800000001
2026-05-28T17:00:00Z,59.372,59.834,58.712,59.397,852242.37
2026-05-28T18:00:00Z,59.398,60.917,59.31,60.706,1136677.9299999999
2026-05-28T19:00:00Z,60.706,61.5,59.884,60.92,984885.62
2026-05-28T20:00:00Z,60.93,61.334,60.123,60.664,744865.46
2026-05-28T21:00:00Z,60.665,62.1,60.443,61.842,838307.47
2026-05-28T22:00:00Z,61.843,62.134,61.075,61.634,541919.61
2026-05-28T23:00:00Z,61.634,62.091,61.461,61.52,347576.46
2026-05-29T00:00:00Z,61.521,62.514,61.149,61.981,837329.46
2026-05-29T01:00:00Z,61.981,62.476,61.216,61.901,543655.4300000001
2026-05-29T02:00:00Z,61.9,61.992,60.325,60.41,634228.1899999999
2026-05-29T03:00:00Z,60.41,62.147,60.41,61.285,614952.13
2026-05-29T04:00:00Z,61.27,61.694,60.822,61.651,276165.52
2026-05-29T05:00:00Z,61.623,61.99,61.253,61.373,322321.63
2026-05-29T06:00:00Z,61.366,62.213,61.171,61.999,330801.17
2026-05-29T07:00:00Z,61.999,62.868,61.895,62.814,725511.64
2026-05-29T08:00:00Z,62.814,63.249,62.414,62.929,623025.05
2026-05-29T09:00:00Z,62.93,63.433,62.589,62.744,473479.32
2026-05-29T10:00:00Z,62.744,62.816,62.142,62.175,327753.13
2026-05-29T11:00:00Z,62.171,62.712,61.873,62.15,308110.62
2026-05-29T12:00:00Z,62.15,62.306,61.4,61.946,543513.13
2026-05-29T13:00:00Z,61.937,62.9,61.466,62.789,736559.38
2026-05-29T14:00:00Z,62.79,63.878,61.63,63.47,3497515.0699999998
2026-05-29T15:00:00Z,63.517,66.725,63.279,65.564,3626254.6699999999
2026-05-29T16:00:00Z,65.565,67.416,65.262,66.784,1794694.47
2026-05-29T17:00:00Z,66.792,67.362,65.951,66.274,1370117.73
2026-05-29T18:00:00Z,66.285,66.516,64.835,64.972,1091937.0900000001
2026-05-29T19:00:00Z,64.967,66.22,64.756,66.197,709023.23
2026-05-29T20:00:00Z,66.197,66.403,65.139,65.42,462722.7
2026-05-29T21:00:00Z,65.439,65.75,64.126,64.615,1085791.1599999999
2026-05-29T22:00:00Z,64.621,65.175,64.247,64.345,568631.53
2026-05-29T23:00:00Z,64.35,64.636,63.904,64.408,565475.83
2026-05-30T00:00:00Z,64.405,65.071,64.071,65.027,402380.76
2026-05-30T01:00:00Z,65.024,65.791,64.706,65.585,356930.02
2026-05-30T02:00:00Z,65.571,65.986,64.969,65.419,379982.01
2026-05-30T03:00:00Z,65.419,65.419,64.942,65.092,169758.93
2026-05-30T04:00:00Z,65.092,65.239,64.0,64.58,705778.03
2026-05-30T05:00:00Z,64.587,66.1,64.398,65.719,479535.97
2026-05-30T06:00:00Z,65.72,65.88,65.292,65.662,265304.42
2026-05-30T07:00:00Z,65.663,66.303,65.475,66.029,271582.11
2026-05-30T08:00:00Z,66.029,66.174,65.802,66.173,157430.17
2026-05-30T09:00:00Z,66.174,66.538,65.955,66.172,358099.12
2026-05-30T10:00:00Z,66.173,66.916,65.967,66.894,382589.63
2026-05-30T11:00:00Z,66.895,68.0,66.547,67.831,993770.28
2026-05-30T12:00:00Z,67.831,68.43,67.263,68.359,1069423.8700000001
2026-05-30T13:00:00Z,68.359,68.64,67.42,67.992,729105.65
2026-05-30T14:00:00Z,67.992,68.292,67.302,68.161,639698.39
2026-05-30T15:00:00Z,68.161,68.546,66.501,67.126,1169453.1899999999
2026-05-30T16:00:00Z,67.126,67.152,66.194,66.596,721417.71
2026-05-30T17:00:00Z,66.591,67.544,66.454,67.494,593341.3100000001
2026-05-30T18:00:00Z,67.499,68.316,67.368,68.2,598975.04
2026-05-30T19:00:00Z,68.195,68.245,67.532,67.811,584502.92
2026-05-30T20:00:00Z,67.811,68.115,67.115,67.273,341927.48
2026-05-30T21:00:00Z,67.272,67.851,67.116,67.409,269810.66
2026-05-30T22:00:00Z,67.411,67.854,67.011,67.658,267034.64
2026-05-30T23:00:00Z,67.66,68.321,67.061,68.291,315391.15
2026-05-31T00:00:00Z,68.3,69.497,68.0,69.41,1024427.83
2026-05-31T01:00:00Z,69.407,69.55,68.92,69.194,614800.13
2026-05-31T02:00:00Z,69.199,69.319,68.005,68.586,479585.96
2026-05-31T03:00:00Z,68.577,68.93,68.284,68.807,286505.04
2026-05-31T04:00:00Z,68.806,69.911,68.397,69.857,507043.96
2026-05-31T05:00:00Z,69.852,70.07,69.174,69.496,850003.75
2026-05-31T06:00:00Z,69.496,70.081,68.98,69.177,382355.41
2026-05-31T07:00:00Z,69.177,69.7,68.8,69.196,320624.52
2026-05-31T08:00:00Z,69.195,69.653,68.832,68.854,404957.87
2026-05-31T09:00:00Z,68.854,68.9,68.144,68.514,562317.5699999999
2026-05-31T10:00:00Z,68.515,68.79,67.956,68.354,411922.55
2026-05-31T11:00:00Z,68.341,68.487,67.468,67.786,474778.48
2026-05-31T12:00:00Z,67.787,68.473,67.511,68.024,398235.42
2026-05-31T13:00:00Z,68.02,68.466,67.634,68.029,396634.69
2026-05-31T14:00:00Z,68.029,68.5,67.808,68.172,560812.88
2026-05-31T15:00:00Z,68.178,69.322,67.965,68.643,909475.05
2026-05-31T16:00:00Z,68.643,68.756,67.689,67.972,524321.51
2026-05-31T17:00:00Z,67.963,69.267,67.871,68.903,600456.59
2026-05-31T18:00:00Z,68.912,69.35,68.63,68.969,655356.87
2026-05-31T19:00:00Z,68.978,69.358,68.741,69.326,295010.16
2026-05-31T20:00:00Z,69.327,70.3,69.02,70.174,752614.4399999999
2026-05-31T21:00:00Z,70.176,71.626,69.894,71.402,1921790.26
2026-05-31T22:00:00Z,71.403,73.116,71.0,72.62,2093623.23
2026-05-31T23:00:00Z,72.621,73.028,71.524,72.053,1141714.3200000001
2026-06-01T00:00:00Z,72.095,74.1,71.926,73.538,1243422.53
2026-06-01T01:00:00Z,73.517,73.786,71.741,71.862,902202.33
2026-06-01T02:00:00Z,71.859,72.802,71.633,72.114,667764.78
2026-06-01T03:00:00Z,72.135,73.483,72.132,73.483,705558.61
2026-06-01T04:00:00Z,73.483,73.739,72.744,73.313,562462.1800000001
2026-06-01T05:00:00Z,73.303,74.0,73.18,73.405,529807.49
2026-06-01T06:00:00Z,73.41,73.916,72.557,73.254,598910.3
2026-06-01T07:00:00Z,73.253,73.872,71.966,72.343,865078.74
2026-06-01T08:00:00Z,72.335,72.918,71.954,72.111,442444.67
2026-06-01T09:00:00Z,72.104,73.416,71.428,72.406,741116.08
2026-06-01T10:00:00Z,72.419,73.191,72.22,72.661,386877.47
2026-06-01T11:00:00Z,72.655,73.999,72.274,73.135,705042.4399999999
2026-06-01T12:00:00Z,73.121,74.6,72.395,74.045,1121053.8799999999
2026-06-01T13:00:00Z,74.039,74.083,71.53,72.028,1597474.8500000001
2026-06-01T14:00:00Z,72.028,72.407,70.5,71.164,2208061.9700000002
2026-06-01T15:00:00Z,71.172,72.515,70.74,70.906,1168698.6699999999
2026-06-01T16:00:00Z,70.937,72.261,70.417,72.195,1289399.8100000001
2026-06-01T17:00:00Z,72.195,73.575,71.927,72.921,1362155.6000000001
2026-06-01T18:00:00Z,72.928,73.537,72.33,73.513,651609.95
2026-06-01T19:00:00Z,73.514,73.944,73.075,73.775,575824.77
2026-06-01T20:00:00Z,73.779,73.809,71.946,72.511,850577.3
2026-06-01T21:00:00Z,72.522,73.24,71.722,73.189,613142.22
2026-06-01T22:00:00Z,73.188,74.216,72.683,74.171,632147.92
2026-06-01T23:00:00Z,74.171,75.825,72.814,73.582,2014081.03
2026-06-02T00:00:00Z,73.582,74.88,73.211,74.073,1090311.77
2026-06-02T01:00:00Z,74.089,74.35,72.706,72.827,786072.1899999999
2026-06-02T02:00:00Z,72.85,74.8,72.72,74.799,918591.75
2026-06-02T03:00:00Z,74.8,75.643,74.47,74.569,1023853.6
2026-06-02T04:00:00Z,74.569,74.913,73.56,73.684,608136.24
2026-06-02T05:00:00Z,73.681,74.192,72.721,72.921,887779.22
2026-06-02T06:00:00Z,72.921,73.297,71.818,71.909,811565.77
2026-06-02T07:00:00Z,71.916,72.512,71.22,72.058,698985.9
2026-06-02T08:00:00Z,72.057,72.129,71.145,71.348,351045.83
2026-06-02T09:00:00Z,71.343,71.967,70.5,70.756,1090843.4099999999
2026-06-02T10:00:00Z,70.749,72.425,70.729,72.369,583432.63
2026-06-02T11:00:00Z,72.369,73.091,72.0,72.606,529258.3199999999
2026-06-02T12:00:00Z,72.604,73.817,72.4,73.666,627315.41
2026-06-02T13:00:00Z,73.66,73.746,72.559,73.022,653869.15
2026-06-02T14:00:00Z,73.029,74.0,72.0,72.349,1344147.95
2026-06-02T15:00:00Z,72.349,72.379,70.4,71.879,1729130.6399999999
2026-06-02T16:00:00Z,71.879,72.635,71.3,71.858,760512.86
2026-06-02T17:00:00Z,71.878,72.8,71.4,72.317,527677.42
2026-06-02T18:00:00Z,72.312,72.667,70.737,70.848,693241.21
2026-06-02T19:00:00Z,70.845,71.175,68.941,70.808,2240041.23
2026-06-02T20:00:00Z,70.819,71.684,69.288,69.875,1146579.8700000001
2026-06-02T21:00:00Z,69.886,70.184,68.806,68.843,860302.75
2026-06-02T22:00:00Z,68.845,69.257,67.836,68.454,1121981.9199999999
2026-06-02T23:00:00Z,68.465,69.874,68.168,69.831,785165.52
2026-06-03T00:00:00Z,69.83,70.92,69.471,69.731,812141.79
2026-06-03T01:00:00Z,69.731,70.025,68.274,69.153,688079.4
2026-06-03T02:00:00Z,69.154,70.222,68.983,70.109,351249.1
2026-06-03T03:00:00Z,70.108,70.888,69.189,70.566,976137.37
2026-06-03T04:00:00Z,70.566,72.909,70.55,72.72,1387336.1000000001
2026-06-03T05:00:00Z,72.72,73.696,72.35,72.754,1245305.2
2026-06-03T06:00:00Z,72.757,72.994,71.999,72.463,338614.26
2026-06-03T07:00:00Z,72.462,73.451,72.149,73.059,351782.08
2026-06-03T08:00:00Z,73.056,73.215,72.052,72.233,494388.77
2026-06-03T09:00:00Z,72.233,72.838,71.59,71.77,431068.12
2026-06-03T10:00:00Z,71.781,73.144,71.704,73.13,445566.7
2026-06-03T11:00:00Z,73.129,73.5,72.1,72.335,506040.86
2026-06-03T12:00:00Z,72.337,73.424,72.159,73.336,438583.79
2026-06-03T13:00:00Z,73.336,73.9,72.218,72.786,1010913.0
2026-06-03T14:00:00Z,72.801,72.893,71.7,72.774,585758.55
2026-06-03T15:00:00Z,72.773,73.601,71.915,72.118,873996.39
2026-06-03T16:00:00Z,72.11,72.774,71.35,72.756,710928.64
2026-06-03T17:00:00Z,72.763,74.0,71.777,73.773,1410569.21
2026-06-03T18:00:00Z,73.773,74.623,72.74,74.158,1290330.75
2026-06-03T19:00:00Z,74.136,74.516,73.084,73.442,784419.8
2026-06-03T20:00:00Z,73.429,73.922,72.042,72.436,613776.3199999999
2026-06-03T21:00:00Z,72.435,75.37,72.435,74.977,1241490.8400000001
2026-06-03T22:00:00Z,74.977,75.6,74.53,74.82,932018.7
2026-06-03T23:00:00Z,74.82,75.452,74.13,74.573,651583.45
2026-06-04T00:00:00Z,74.575,75.5,73.379,74.201,940892.7
2026-06-04T01:00:00Z,74.201,74.495,72.169,72.232,1213464.8600000001
2026-06-04T02:00:00Z,72.232,73.696,70.5,72.624,2422655.23
2026-06-04T03:00:00Z,72.629,74.14,72.606,74.028,837328.21
2026-06-04T04:00:00Z,74.028,75.008,73.009,73.263,851477.87
2026-06-04T05:00:00Z,73.264,73.402,72.4,72.536,531644.13
2026-06-04T06:00:00Z,72.537,73.089,69.612,69.652,1985026.3100000001
2026-06-04T07:00:00Z,69.648,70.003,67.773,67.796,2232764.1800000002
2026-06-04T08:00:00Z,67.792,68.861,66.592,68.525,2048094.3500000001
2026-06-04T09:00:00Z,68.528,68.658,66.157,67.135,1340808.8100000001
2026-06-04T10:00:00Z,67.13,67.13,64.707,65.442,2727631.0299999998
2026-06-04T11:00:00Z,65.443,67.067,64.834,66.548,1509426.8100000001
2026-06-04T12:00:00Z,66.554,68.082,65.265,67.733,1772652.25
2026-06-04T13:00:00Z,67.745,67.88,65.532,67.134,1647670.75
2026-06-04T14:00:00Z,67.134,67.664,66.822,67.177,1008856.78
2026-06-04T15:00:00Z,67.187,68.487,66.626,67.441,920010.73
2026-06-04T16:00:00Z,67.442,68.922,67.3,68.888,838408.78
2026-06-04T17:00:00Z,68.888,68.919,66.0,66.752,1161569.51
2026-06-04T18:00:00Z,66.756,67.6,66.0,66.728,791611.16
2026-06-04T19:00:00Z,66.729,67.116,65.709,66.411,709152.67
2026-06-04T20:00:00Z,66.426,67.684,65.98,67.113,602834.79
2026-06-04T21:00:00Z,67.114,67.5,64.293,64.683,1304891.54
2026-06-04T22:00:00Z,64.683,65.532,63.0,64.242,2206776.23
2026-06-04T23:00:00Z,64.254,65.105,63.242,64.428,943861.76
2026-06-05T00:00:00Z,64.428,64.903,62.985,64.07,835511.8100000001
2026-06-05T01:00:00Z,64.078,66.031,63.367,65.759,1252010.6000000001
2026-06-05T02:00:00Z,65.743,65.888,63.62,63.68,925717.85
2026-06-05T03:00:00Z,63.697,64.049,61.563,61.742,1991549.01
2026-06-05T04:00:00Z,61.741,63.42,61.224,63.313,1236632.55
2026-06-05T05:00:00Z,63.332,63.785,61.0,61.525,1172924.0900000001
2026-06-05T06:00:00Z,61.53,61.97,59.131,60.783,2188866.7400000002
2026-06-05T07:00:00Z,60.8,63.0,59.0,62.743,2141419.6299999999
2026-06-05T08:00:00Z,62.743,62.755,60.882,61.331,866080.4
2026-06-05T09:00:00Z,61.331,62.496,61.114,61.684,438215.95
2026-06-05T10:00:00Z,61.685,61.944,60.839,61.917,476292.93
2026-06-05T11:00:00Z,61.914,62.693,61.304,61.743,399821.1
2026-06-05T12:00:00Z,61.739,62.605,61.204,62.512,565023.1899999999
2026-06-05T13:00:00Z,62.512,63.011,60.64,60.815,915853.59
2026-06-05T14:00:00Z,60.786,63.556,60.767,61.381,1551287.8899999999
2026-06-05T15:00:00Z,61.358,61.541,57.221,57.802,3109380.9900000002
2026-06-05T16:00:00Z,57.802,60.399,57.069,59.689,2386196.6299999999
2026-06-05T17:00:00Z,59.689,60.008,57.765,57.978,1170787.02
2026-06-05T18:00:00Z,57.977,58.375,56.69,57.251,1329077.03
2026-06-05T19:00:00Z,57.24,59.026,56.744,58.613,1131767.1599999999
2026-06-05T20:00:00Z,58.615,59.8,58.114,59.543,1058746.8200000001
2026-06-05T21:00:00Z,59.543,60.76,59.112,59.811,759970.37
2026-06-05T22:00:00Z,59.811,60.314,59.087,59.55,568846.46
2026-06-05T23:00:00Z,59.552,60.05,58.81,59.825,650444.01
2026-06-06T00:00:00Z,59.81,60.995,59.66,60.811,483996.8
2026-06-06T01:00:00Z,60.806,61.221,59.598,59.626,492422.27
2026-06-06T02:00:00Z,59.625,59.953,59.054,59.649,314428.73
2026-06-06T03:00:00Z,59.649,59.69,58.688,58.887,320946.86
2026-06-06T04:00:00Z,58.887,59.276,57.409,58.233,827794.3199999999
2026-06-06T05:00:00Z,58.242,59.596,57.538,59.458,532727.38
2026-06-06T06:00:00Z,59.448,59.949,59.113,59.543,342899.78
2026-06-06T07:00:00Z,59.552,60.503,59.278,59.952,423929.31
2026-06-06T08:00:00Z,59.944,61.04,59.511,60.006,409612.94
2026-06-06T09:00:00Z,60.006,60.34,59.112,59.414,298484.34
2026-06-06T10:00:00Z,59.417,59.443,58.221,58.598,275006.99
2026-06-06T11:00:00Z,58.591,59.837,58.537,59.658,248461.12
2026-06-06T12:00:00Z,59.657,59.95,58.852,59.317,163078.01
2026-06-06T13:00:00Z,59.308,59.358,58.507,58.646,214416.18
2026-06-06T14:00:00Z,58.653,59.01,58.3,58.401,174787.49
2026-06-06T15:00:00Z,58.405,58.639,57.65,58.305,421375.44
2026-06-06T16:00:00Z,58.306,58.739,57.709,57.85,332969.19
2026-06-06T17:00:00Z,57.848,58.142,56.971,57.192,597056.9399999999
2026-06-06T18:00:00Z,57.193,57.685,56.43,56.905,581072.96
2026-06-06T19:00:00Z,56.907,57.094,55.545,55.554,827952.45
2026-06-06T20:00:00Z,55.554,56.686,55.481,56.488,588901.64
2026-06-06T21:00:00Z,56.487,57.038,56.487,56.642,266001.67
2026-06-06T22:00:00Z,56.642,56.817,56.01,56.472,226290.66
2026-06-06T23:00:00Z,56.464,56.975,56.147,56.515,294595.41
2026-06-07T00:00:00Z,56.525,57.41,56.105,57.136,339982.38
2026-06-07T01:00:00Z,57.141,58.454,57.01,58.078,673525.95
2026-06-07T02:00:00Z,58.079,58.31,57.522,57.907,238802.55
2026-06-07T03:00:00Z,57.898,58.306,57.457,57.834,255432.73
2026-06-07T04:00:00Z,57.826,59.2,57.547,59.176,400956.8
2026-06-07T05:00:00Z,59.194,59.923,58.961,59.473,722070.33
2026-06-07T06:00:00Z,59.472,59.824,59.32,59.761,362774.65
2026-06-07T07:00:00Z,59.761,59.988,59.425,59.882,376898.79
2026-06-07T08:00:00Z,59.876,60.425,59.69,59.904,552824.49
2026-06-07T09:00:00Z,59.913,60.44,58.911,58.989,581289.34
2026-06-07T10:00:00Z,58.99,59.272,58.562,58.864,341165.17
2026-06-07T11:00:00Z,58.855,59.393,58.561,58.881,215672.18
2026-06-07T12:00:00Z,58.873,58.931,56.257,57.89,734594.13
2026-06-07T13:00:00Z,57.875,58.036,57.343,57.962,339468.42
2026-06-07T14:00:00Z,57.962,59.238,57.957,59.011,572573.61
2026-06-07T15:00:00Z,59.003,59.195,57.996,58.475,543319.3100000001
2026-06-07T16:00:00Z,58.48,58.843,58.127,58.525,234280.06
2026-06-07T17:00:00Z,58.526,59.265,58.513,59.044,213442.98
2026-06-07T18:00:00Z,59.044,59.524,58.702,58.749,332592.21
2026-06-07T19:00:00Z,58.755,58.807,56.878,57.615,665225.73
2026-06-07T20:00:00Z,57.622,58.694,57.496,58.427,384367.09
2026-06-07T21:00:00Z,58.436,58.695,58.014,58.387,138573.44
2026-06-07T22:00:00Z,58.416,59.899,58.265,58.889,723365.54
2026-06-07T23:00:00Z,58.889,59.789,58.717,59.747,453390.48
2026-06-08T00:00:00Z,59.75,61.957,59.58,61.22,1449769.73
2026-06-08T01:00:00Z,61.22,61.22,59.301,60.026,748400.35
2026-06-08T02:00:00Z,60.026,61.713,59.861,61.622,736846.22
2026-06-08T03:00:00Z,61.598,62.138,60.789,61.332,806138.1800000001
2026-06-08T04:00:00Z,61.34,61.429,60.2,60.63,565755.91
2026-06-08T05:00:00Z,60.644,61.509,60.628,61.509,378892.49
2026-06-08T06:00:00Z,61.509,63.244,61.503,63.121,691707.23
2026-06-08T07:00:00Z,63.127,63.42,62.655,63.05,507674.15
2026-06-08T08:00:00Z,63.044,63.162,61.104,61.53,615136.97
2026-06-08T09:00:00Z,61.529,61.677,61.06,61.461,247657.68
2026-06-08T10:00:00Z,61.456,61.863,61.2,61.443,160725.97
2026-06-08T11:00:00Z,61.435,62.451,61.115,62.136,361588.57
2026-06-08T12:00:00Z,62.138,63.023,61.291,62.913,594990.84
2026-06-08T13:00:00Z,62.942,64.854,62.411,64.531,2213543.6699999999
2026-06-08T14:00:00Z,64.531,65.0,64.178,64.691,973623.24
2026-06-08T15:00:00Z,64.696,65.802,64.353,64.792,1255295.8200000001
2026-06-08T16:00:00Z,64.797,64.991,63.474,63.7,967728.5699999999
2026-06-08T17:00:00Z,63.7,64.421,63.265,64.174,843498.71
2026-06-08T18:00:00Z,64.177,64.733,63.949,64.429,399702.53
2026-06-08T19:00:00Z,64.429,64.711,63.409,63.681,397575.84
2026-06-08T20:00:00Z,63.684,63.935,63.214,63.926,286310.2
2026-06-08T21:00:00Z,63.932,64.5,63.749,64.102,390703.16
2026-06-08T22:00:00Z,64.09,64.148,62.743,63.272,613986.08
2026-06-08T23:00:00Z,63.269,63.889,63.087,63.839,399435.7
2026-06-09T00:00:00Z,63.843,64.04,62.1,62.197,930544.0
2026-06-09T01:00:00Z,62.19,62.96,61.942,62.797,403213.37
2026-06-09T02:00:00Z,62.796,62.94,61.491,62.343,413956.2
2026-06-09T03:00:00Z,62.342,62.78,61.276,61.641,678464.53
2026-06-09T04:00:00Z,61.64,62.201,60.844,61.935,903891.14
2026-06-09T05:00:00Z,61.935,62.582,61.225,61.991,329362.93
2026-06-09T06:00:00Z,61.992,62.484,61.423,61.834,268467.58
2026-06-09T07:00:00Z,61.834,62.361,61.732,62.258,279096.88
2026-06-09T08:00:00Z,62.255,62.921,61.521,62.594,421790.42
2026-06-09T09:00:00Z,62.594,62.803,61.917,62.321,249032.12
2026-06-09T10:00:00Z,62.321,62.498,61.801,62.154,199185.53
2026-06-09T11:00:00Z,62.154,62.207,61.609,61.806,188664.71
2026-06-09T12:00:00Z,61.807,62.351,61.78,62.113,292488.85
2026-06-09T13:00:00Z,62.122,62.348,60.591,60.642,1005373.4399999999
2026-06-09T14:00:00Z,60.643,60.875,59.367,59.975,1424833.8799999999
2026-06-09T15:00:00Z,59.975,60.542,58.695,58.914,1195938.6100000001
2026-06-09T16:00:00Z,58.913,59.514,58.5,58.825,1049619.3700000001
2026-06-09T17:00:00Z,58.815,59.394,58.707,59.102,681909.13
2026-06-09T18:00:00Z,59.103,59.356,58.616,58.955,260727.81
2026-06-09T19:00:00Z,58.956,59.299,57.842,58.558,860365.35
2026-06-09T20:00:00Z,58.561,59.472,58.302,59.416,312531.2
2026-06-09T21:00:00Z,59.429,59.494,57.663,57.95,440734.44
2026-06-09T22:00:00Z,57.949,58.341,57.5,57.582,390285.6
2026-06-09T23:00:00Z,57.586,57.896,57.293,57.765,201146.74
2026-06-10T00:00:00Z,57.781,58.171,56.182,57.098,711082.5699999999
2026-06-10T01:00:00Z,57.097,57.356,56.604,57.3,386924.45
2026-06-10T02:00:00Z,57.302,57.442,55.568,55.722,765591.61
2026-06-10T03:00:00Z,55.745,57.035,55.721,56.591,545853.84
2026-06-10T04:00:00Z,56.595,56.643,55.256,55.537,567120.13
2026-06-10T05:00:00Z,55.538,55.7,55.055,55.367,448205.92
2026-06-10T06:00:00Z,55.364,55.736,55.077,55.218,446431.32
2026-06-10T07:00:00Z,55.219,56.239,55.086,55.725,450011.58
2026-06-10T08:00:00Z,55.725,55.852,55.232,55.774,334211.15
2026-06-10T09:00:00Z,55.771,56.133,55.339,55.971,295666.16
2026-06-10T10:00:00Z,55.972,56.595,55.404,56.433,233472.59
2026-06-10T11:00:00Z,56.427,56.593,55.534,55.65,330240.59
2026-06-10T12:00:00Z,55.645,56.7,54.845,56.211,1100303.6899999999
2026-06-10T13:00:00Z,56.249,58.079,56.0,57.438,1264374.76
2026-06-10T14:00:00Z,57.443,58.351,57.264,58.035,982588.66
2026-06-10T15:00:00Z,58.035,58.241,56.626,57.484,1072574.49
2026-06-10T16:00:00Z,57.485,57.516,55.56,55.707,828176.5
2026-06-10T17:00:00Z,55.708,56.291,54.897,55.553,631296.22
2026-06-10T18:00:00Z,55.55,55.747,54.061,54.679,906258.76
2026-06-10T19:00:00Z,54.685,54.776,53.596,53.923,1136795.53
2026-06-10T20:00:00Z,53.904,54.25,53.5,53.709,574778.79
2026-06-10T21:00:00Z,53.71,54.157,53.116,53.272,972075.88
2026-06-10T22:00:00Z,53.273,53.575,52.611,53.251,985237.89
2026-06-10T23:00:00Z,53.266,53.666,52.667,53.285,534542.9
2026-06-11T00:00:00Z,53.291,53.722,52.853,53.263,540717.63
2026-06-11T01:00:00Z,53.264,54.59,53.256,54.55,713130.74
2026-06-11T02:00:00Z,54.551,54.576,53.561,54.136,351146.97
2026-06-11T03:00:00Z,54.144,55.374,54.008,55.155,438691.58
2026-06-11T04:00:00Z,55.16,55.195,54.474,54.74,348507.18
2026-06-11T05:00:00Z,54.737,55.622,54.35,55.53,359099.05
2026-06-11T06:00:00Z,55.529,56.366,55.499,55.515,629537.9300000001
2026-06-11T07:00:00Z,55.517,56.047,55.4,55.544,285054.58
2026-06-11T08:00:00Z,55.54,56.283,55.494,55.988,198446.93
2026-06-11T09:00:00Z,55.983,56.197,55.555,56.047,194603.5
2026-06-11T10:00:00Z,56.055,56.193,55.622,55.896,189674.81
2026-06-11T11:00:00Z,55.89,57.08,55.846,56.835,662948.05
2026-06-11T12:00:00Z,56.834,56.995,55.677,56.24,672143.3
2026-06-11T13:00:00Z,56.24,57.516,56.069,56.993,721406.9399999999
2026-06-11T14:00:00Z,56.993,57.126,56.267,56.464,412780.17
2026-06-11T15:00:00Z,56.465,57.284,56.197,56.715,364332.19
2026-06-11T16:00:00Z,56.715,56.851,56.1,56.219,258730.1
2026-06-11T17:00:00Z,56.212,58.867,55.794,58.381,1459581.24
2026-06-11T18:00:00Z,58.382,58.669,57.5,58.311,951853.0600000001
2026-06-11T19:00:00Z,58.32,59.645,57.991,58.6,989031.34
2026-06-11T20:00:00Z,58.61,59.073,58.098,58.317,606027.29
2026-06-11T21:00:00Z,58.315,59.129,58.301,58.815,426940.81
2026-06-11T22:00:00Z,58.815,59.206,58.522,58.523,437397.93
2026-06-11T23:00:00Z,58.526,59.554,58.269,58.931,456909.91
2026-06-12T00:00:00Z,58.931,59.7,58.855,59.183,296723.0
2026-06-12T01:00:00Z,59.167,59.17,58.227,58.344,333827.04
2026-06-12T02:00:00Z,58.343,59.444,58.176,59.296,430716.52
2026-06-12T03:00:00Z,59.294,59.444,58.915,59.192,133464.96
2026-06-12T04:00:00Z,59.186,59.45,58.628,58.675,179307.08
2026-06-12T05:00:00Z,58.671,58.727,58.0,58.041,202278.4
2026-06-12T06:00:00Z,58.041,58.214,56.81,57.124,766953.72
2026-06-12T07:00:00Z,57.129,57.459,56.782,56.932,397780.55
2026-06-12T08:00:00Z,56.932,58.639,56.919,58.629,586854.1800000001
2026-06-12T09:00:00Z,58.629,59.354,58.263,59.186,453154.02
2026-06-12T10:00:00Z,59.185,59.474,58.645,59.097,300337.85
2026-06-12T11:00:00Z,59.092,59.586,59.004,59.214,174370.4
2026-06-12T12:00:00Z,59.213,60.742,59.024,60.384,859497.86
2026-06-12T13:00:00Z,60.384,60.715,59.314,59.652,880849.46
2026-06-12T14:00:00Z,59.654,60.462,59.303,60.446,747107.27
2026-06-12T15:00:00Z,60.445,61.229,59.697,59.745,942243.87
2026-06-12T16:00:00Z,59.748,61.508,59.401,61.011,1054214.02
2026-06-12T17:00:00Z,61.018,62.424,60.96,61.885,1137771.3500000001
2026-06-12T18:00:00Z,61.89,62.132,61.048,61.119,616138.47
2026-06-12T19:00:00Z,61.14,61.199,60.395,60.735,474594.04
2026-06-12T20:00:00Z,60.741,61.3,60.466,60.809,446489.16
2026-06-12T21:00:00Z,60.804,61.147,60.146,60.5,323054.02
2026-06-12T22:00:00Z,60.491,60.836,60.271,60.621,137668.83
2026-06-12T23:00:00Z,60.621,60.66,59.192,59.264,698019.3
2026-06-13T00:00:00Z,59.261,59.345,58.823,59.278,509786.48
2026-06-13T01:00:00Z,59.281,59.416,58.9,59.381,237207.35
2026-06-13T02:00:00Z,59.384,59.698,59.115,59.201,254705.95
2026-06-13T03:00:00Z,59.202,59.296,58.308,58.548,400624.43
2026-06-13T04:00:00Z,58.553,58.621,57.77,57.914,374557.55
2026-06-13T05:00:00Z,57.914,57.972,57.168,57.824,423551.5
2026-06-13T06:00:00Z,57.825,58.817,57.804,58.712,355272.71
2026-06-13T07:00:00Z,58.718,58.964,58.368,58.737,225937.52
2026-06-13T08:00:00Z,58.742,59.182,58.542,58.873,137161.42
2026-06-13T09:00:00Z,58.872,58.943,58.25,58.383,137279.45
2026-06-13T10:00:00Z,58.383,58.469,57.82,58.031,282190.45
2026-06-13T11:00:00Z,58.032,58.837,57.918,58.646,289529.49
2026-06-13T12:00:00Z,58.646,59.591,58.51,59.448,368926.07
2026-06-13T13:00:00Z,59.452,59.691,58.953,59.031,242712.65
2026-06-13T14:00:00Z,59.019,60.273,58.946,60.26,427793.32
2026-06-13T15:00:00Z,60.265,60.465,59.769,59.926,231934.42
2026-06-13T16:00:00Z,59.926,60.295,59.477,60.191,285410.48
2026-06-13T17:00:00Z,60.191,60.246,58.97,59.0,354455.69
2026-06-13T18:00:00Z,59.0,59.872,58.924,59.864,154496.55
2026-06-13T19:00:00Z,59.865,60.003,59.65,59.9,99458.27
2026-06-13T20:00:00Z,59.899,60.015,59.64,59.924,77600.07
2026-06-13T21:00:00Z,59.92,60.697,59.792,60.509,227139.53
2026-06-13T22:00:00Z,60.504,60.545,60.229,60.237,175241.66
2026-06-13T23:00:00Z,60.236,60.881,60.153,60.7,157314.39
2026-06-14T00:00:00Z,60.686,60.947,60.401,60.896,105444.4
2026-06-14T01:00:00Z,60.89,61.096,60.512,60.6,134774.52
2026-06-14T02:00:00Z,60.607,61.238,60.53,60.839,294308.49
2026-06-14T03:00:00Z,60.837,60.93,60.329,60.573,191549.42
2026-06-14T04:00:00Z,60.579,60.634,59.964,60.102,239001.17
2026-06-14T05:00:00Z,60.102,60.211,59.846,59.947,133586.08
2026-06-14T06:00:00Z,59.946,60.31,59.671,59.891,139316.68
2026-06-14T07:00:00Z,59.89,60.54,59.777,60.081,295175.92
2026-06-14T08:00:00Z,60.081,60.339,59.714,60.247,87124.56
2026-06-14T09:00:00Z,60.255,60.917,59.904,60.862,176416.65
2026-06-14T10:00:00Z,60.847,61.61,60.496,61.013,413529.05
2026-06-14T11:00:00Z,61.018,61.277,60.569,61.033,185982.44
2026-06-14T12:00:00Z,61.029,61.323,60.683,60.885,109999.26
2026-06-14T13:00:00Z,60.884,61.311,60.618,61.06,175554.77
2026-06-14T14:00:00Z,61.059,61.086,59.653,60.328,443355.56
2026-06-14T15:00:00Z,60.337,60.739,60.241,60.252,137026.22
2026-06-14T16:00:00Z,60.253,60.49,59.909,59.951,188538.88
2026-06-14T17:00:00Z,59.952,60.349,59.726,59.777,117717.43
2026-06-14T18:00:00Z,59.776,60.456,59.597,60.377,235148.97
2026-06-14T19:00:00Z,60.377,60.78,60.178,60.511,185699.03
2026-06-14T20:00:00Z,60.51,60.742,60.215,60.491,121093.55
2026-06-14T21:00:00Z,60.49,63.693,60.348,63.029,1566447.1899999999
2026-06-14T22:00:00Z,63.037,63.653,62.272,63.026,942588.3199999999
2026-06-14T23:00:00Z,63.027,64.139,62.976,63.923,517174.63
2026-06-15T00:00:00Z,63.923,64.271,63.5,63.942,422733.25
2026-06-15T01:00:00Z,63.942,63.993,63.116,63.587,284192.26
2026-06-15T02:00:00Z,63.594,65.0,63.425,64.797,572421.54
2026-06-15T03:00:00Z,64.788,65.329,64.564,65.329,452602.2
2026-06-15T04:00:00Z,65.328,65.801,64.76,64.834,1029194.35
2026-06-15T05:00:00Z,64.84,65.132,64.55,64.758,168759.69
2026-06-15T06:00:00Z,64.758,65.268,64.41,65.202,270244.35
2026-06-15T07:00:00Z,65.203,65.888,64.817,65.235,518697.96
2026-06-15T08:00:00Z,65.235,66.064,65.141,66.039,322313.75
2026-06-15T09:00:00Z,66.038,66.621,65.664,66.533,501251.64
2026-06-15T10:00:00Z,66.533,68.12,66.419,67.835,789256.6800000001
2026-06-15T11:00:00Z,67.838,68.592,67.643,67.958,733127.21
2026-06-15T12:00:00Z,67.961,68.316,67.255,68.048,547931.8100000001
2026-06-15T13:00:00Z,68.043,68.242,66.87,66.967,639960.05
2026-06-15T14:00:00Z,66.961,68.128,66.636,67.98,799082.83
2026-06-15T15:00:00Z,67.979,68.443,67.434,68.015,447037.6
2026-06-15T16:00:00Z,68.008,68.455,67.525,68.386,413621.92
2026-06-15T17:00:00Z,68.387,68.7,67.867,68.095,499957.43
2026-06-15T18:00:00Z,68.101,68.368,67.67,67.961,265228.71
2026-06-15T19:00:00Z,67.962,68.23,67.005,67.114,289443.41
2026-06-15T20:00:00Z,67.085,67.635,67.0,67.392,180106.92
2026-06-15T21:00:00Z,67.395,68.193,67.31,68.08,183127.52
2026-06-15T22:00:00Z,68.08,68.379,66.417,66.427,509706.15
2026-06-15T23:00:00Z,66.428,66.946,66.061,66.885,336129.24
2026-06-16T00:00:00Z,66.889,67.563,66.361,67.336,421960.33
2026-06-16T01:00:00Z,67.322,67.703,67.087,67.341,199703.03
2026-06-16T02:00:00Z,67.336,67.631,66.844,67.5,335274.21
2026-06-16T03:00:00Z,67.5,69.798,67.392,69.779,786153.34
2026-06-16T04:00:00Z,69.792,70.533,69.052,70.415,542875.25
2026-06-16T05:00:00Z,70.42,72.283,70.373,71.843,840125.54
2026-06-16T06:00:00Z,71.838,72.789,71.518,72.732,583093.0
2026-06-16T07:00:00Z,72.737,73.1,71.855,72.931,545775.35
2026-06-16T08:00:00Z,72.96,74.109,72.529,73.722,678382.51
2026-06-16T09:00:00Z,73.724,73.972,73.027,73.468,487962.98
2026-06-16T10:00:00Z,73.469,76.443,73.27,75.402,1458996.22
2026-06-16T11:00:00Z,75.395,76.125,74.5,75.637,865653.78
2026-06-16T12:00:00Z,75.637,76.999,74.88,76.99,951555.11
2026-06-16T13:00:00Z,76.99,77.0,75.34,75.797,997585.74
2026-06-16T14:00:00Z,75.802,76.59,73.248,73.433,1716406.8899999999
2026-06-16T15:00:00Z,73.439,75.119,73.319,74.934,916290.45
2026-06-16T16:00:00Z,74.928,75.331,73.367,73.667,844602.01
2026-06-16T17:00:00Z,73.669,74.29,72.726,73.983,649222.64
2026-06-16T18:00:00Z,73.983,74.957,72.356,72.793,871053.27
2026-06-16T19:00:00Z,72.794,73.411,72.038,72.438,863251.6800000001
2026-06-16T20:00:00Z,72.426,73.4,72.108,73.355,386322.68
2026-06-16T21:00:00Z,73.356,73.675,72.786,73.441,260442.09
2026-06-16T22:00:00Z,73.438,73.979,72.938,73.422,280809.33
2026-06-16T23:00:00Z,73.427,73.809,72.9,73.579,349262.95
2026-06-17T00:00:00Z,73.58,73.876,72.459,72.767,352401.23
2026-06-17T01:00:00Z,72.767,74.809,72.763,74.4,625194.53
2026-06-17T02:00:00Z,74.393,74.909,74.078,74.841,399911.58
2026-06-17T03:00:00Z,74.837,75.085,74.3,74.465,304648.79
2026-06-17T04:00:00Z,74.475,75.332,74.31,74.507,313974.59
2026-06-17T05:00:00Z,74.514,74.757,73.434,74.307,379660.73
2026-06-17T06:00:00Z,74.307,74.346,72.8,73.415,366649.96
2026-06-17T07:00:00Z,73.411,73.763,72.95,73.415,218526.96
2026-06-17T08:00:00Z,73.415,73.498,72.007,72.4,273164.3
2026-06-17T09:00:00Z,72.4,73.206,72.311,73.055,147529.88
2026-06-17T10:00:00Z,73.055,73.07,72.1,72.241,193295.86
2026-06-17T11:00:00Z,72.242,72.401,70.629,71.006,788984.1
2026-06-17T12:00:00Z,71.012,71.673,69.944,71.422,886609.48
2026-06-17T13:00:00Z,71.412,72.368,70.933,71.745,467023.93
2026-06-17T14:00:00Z,71.746,72.651,71.237,72.165,470014.06
2026-06-17T15:00:00Z,72.161,74.649,71.896,74.413,997864.14
2026-06-17T16:00:00Z,74.417,76.78,74.415,75.338,2129993.6299999999
2026-06-17T17:00:00Z,75.327,75.475,73.827,74.348,1333781.55
2026-06-17T18:00:00Z,74.348,75.401,72.731,73.686,1829826.74
2026-06-17T19:00:00Z,73.687,74.042,70.998,72.221,1709296.4099999999
2026-06-17T20:00:00Z,72.258,72.814,71.519,72.393,534017.0600000001
2026-06-17T21:00:00Z,72.403,72.68,70.43,71.075,726629.15
2026-06-17T22:00:00Z,71.076,71.616,70.203,70.966,618918.88
2026-06-17T23:00:00Z,70.972,71.776,70.955,71.142,208542.46
2026-06-18T00:00:00Z,71.148,72.49,71.084,72.284,501017.66
2026-06-18T01:00:00Z,72.283,73.728,72.001,72.382,865078.08
2026-06-18T02:00:00Z,72.379,72.78,71.97,72.501,275142.52
2026-06-18T03:00:00Z,72.51,72.549,70.609,70.983,485636.47
2026-06-18T04:00:00Z,70.982,71.146,68.782,69.254,1013892.1800000001
2026-06-18T05:00:00Z,69.266,69.803,68.6,69.755,646039.01
2026-06-18T06:00:00Z,69.73,71.281,69.565,71.257,676136.95
2026-06-18T07:00:00Z,71.258,71.698,70.65,71.511,463351.39
2026-06-18T08:00:00Z,71.523,72.768,71.152,71.872,660347.03
2026-06-18T09:00:00Z,71.864,72.75,71.678,71.82,353660.92
2026-06-18T10:00:00Z,71.819,72.619,71.214,72.198,414704.77
2026-06-18T11:00:00Z,72.198,72.601,70.582,70.912,483164.06
2026-06-18T12:00:00Z,70.914,71.993,70.683,71.685,473740.66
2026-06-18T13:00:00Z,71.686,72.31,70.224,70.638,735673.98
2026-06-18T14:00:00Z,70.638,70.927,69.0,69.31,784846.64
2026-06-18T15:00:00Z,69.334,69.346,67.305,67.498,1888639.0600000001
2026-06-18T16:00:00Z,67.527,68.293,66.811,67.455,1060594.0700000001
2026-06-18T17:00:00Z,67.465,67.589,66.549,66.594,705789.88
2026-06-18T18:00:00Z,66.595,68.222,66.56,67.839,557769.6899999999
2026-06-18T19:00:00Z,67.848,68.71,67.643,68.149,444342.52
2026-06-18T20:00:00Z,68.16,69.296,68.148,68.897,650010.55
2026-06-18T21:00:00Z,68.895,68.98,67.3,67.979,634901.99
2026-06-18T22:00:00Z,67.97,68.079,67.628,67.775,148560.96
2026-06-18T23:00:00Z,67.775,68.557,67.311,68.35,195403.6
2026-06-19T00:00:00Z,68.342,68.343,67.632,67.672,118193.24
2026-06-19T01:00:00Z,67.671,67.784,66.712,67.662,437941.84
2026-06-19T02:00:00Z,67.662,68.159,66.975,68.136,198507.65
2026-06-19T03:00:00Z,68.136,68.27,66.674,66.777,309663.49
2026-06-19T04:00:00Z,66.778,67.692,65.636,65.765,824607.23
2026-06-19T05:00:00Z,65.75,66.82,65.75,66.793,231019.73
2026-06-19T06:00:00Z,66.79,67.728,66.534,67.654,286115.26
2026-06-19T07:00:00Z,67.655,67.73,66.237,66.544,286433.24
2026-06-19T08:00:00Z,66.545,67.68,66.545,67.413,208167.14
2026-06-19T09:00:00Z,67.418,67.692,66.621,66.695,202352.85
2026-06-19T10:00:00Z,66.694,67.211,66.384,67.028,191451.62
2026-06-19T11:00:00Z,67.035,67.604,66.688,67.374,161329.49
2026-06-19T12:00:00Z,67.374,68.353,66.5,68.303,431011.57
2026-06-19T13:00:00Z,68.328,69.414,67.382,68.824,630962.39
2026-06-19T14:00:00Z,68.814,69.182,67.8,68.806,450195.62
2026-06-19T15:00:00Z,68.813,69.555,68.795,69.34,403248.84
2026-06-19T16:00:00Z,69.341,70.791,69.236,69.717,802807.6899999999
2026-06-19T17:00:00Z,69.729,70.735,69.203,70.539,446697.81
2026-06-19T18:00:00Z,70.539,71.391,70.241,70.647,485813.54
2026-06-19T19:00:00Z,70.648,71.337,70.269,70.493,423670.7
2026-06-19T20:00:00Z,70.499,70.941,69.65,70.289,430820.07
2026-06-19T21:00:00Z,70.276,70.549,69.151,69.308,387144.73
2026-06-19T22:00:00Z,69.309,70.151,68.854,69.903,255410.16
2026-06-19T23:00:00Z,69.906,70.462,69.46,70.262,164824.91
2026-06-20T00:00:00Z,70.262,70.396,69.045,69.211,140899.85
2026-06-20T01:00:00Z,69.212,69.573,68.72,69.351,165020.29
2026-06-20T02:00:00Z,69.348,69.389,68.403,68.49,248446.77
2026-06-20T03:00:00Z,68.498,69.2,68.483,68.909,183360.95
2026-06-20T04:00:00Z,68.909,70.04,68.657,70.03,248172.67
2026-06-20T05:00:00Z,70.03,70.499,69.878,70.283,179937.3
2026-06-20T06:00:00Z,70.29,70.935,70.29,70.438,155259.21
2026-06-20T07:00:00Z,70.448,70.522,69.864,69.981,124462.86
2026-06-20T08:00:00Z,69.984,70.94,69.96,70.687,151223.06
2026-06-20T09:00:00Z,70.69,70.865,70.189,70.743,129353.14
2026-06-20T10:00:00Z,70.757,71.205,70.548,70.767,227104.77
2026-06-20T11:00:00Z,70.767,71.297,70.429,71.074,190106.76
2026-06-20T12:00:00Z,71.075,71.426,70.604,70.796,208283.73
2026-06-20T13:00:00Z,70.796,70.83,69.255,69.578,399885.95
2026-06-20T14:00:00Z,69.579,71.124,68.702,70.734,585028.87
2026-06-20T15:00:00Z,70.734,71.25,70.488,71.088,372245.21
2026-06-20T16:00:00Z,71.095,71.111,69.67,69.771,279613.27
2026-06-20T17:00:00Z,69.806,69.868,68.985,69.523,264570.94
2026-06-20T18:00:00Z,69.523,69.808,69.426,69.735,131822.13
2026-06-20T19:00:00Z,69.727,69.979,69.62,69.862,144841.77
2026-06-20T20:00:00Z,69.855,69.98,69.402,69.809,128755.02
2026-06-20T21:00:00Z,69.807,70.188,69.76,70.024,157989.01
2026-06-20T22:00:00Z,70.012,70.806,69.953,70.602,191269.28
2026-06-20T23:00:00Z,70.606,71.0,70.532,70.741,142016.35
2026-06-21T00:00:00Z,70.74,70.774,70.206,70.461,123378.53
2026-06-21T01:00:00Z,70.451,70.913,70.323,70.469,210633.33
2026-06-21T02:00:00Z,70.477,70.647,69.81,69.814,113166.22
2026-06-21T03:00:00Z,69.814,70.38,69.637,69.686,166564.52
2026-06-21T04:00:00Z,69.683,70.093,69.198,69.452,145633.32
2026-06-21T05:00:00Z,69.459,69.537,69.0,69.397,156869.36
2026-06-21T06:00:00Z,69.397,69.493,69.0,69.136,117353.73
2026-06-21T07:00:00Z,69.142,69.489,68.242,68.489,355466.08
2026-06-21T08:00:00Z,68.482,68.516,67.189,67.654,570024.33
2026-06-21T09:00:00Z,67.652,68.31,67.56,68.232,291050.33
2026-06-21T10:00:00Z,68.231,68.539,68.059,68.349,185360.51
2026-06-21T11:00:00Z,68.372,68.388,67.5,67.734,237321.65
2026-06-21T12:00:00Z,67.74,68.032,67.219,67.95,281675.9
2026-06-21T13:00:00Z,67.95,67.95,67.553,67.875,127467.41
2026-06-21T14:00:00Z,67.872,68.108,67.316,68.065,212731.89
2026-06-21T15:00:00Z,68.076,68.753,68.013,68.655,369547.44
2026-06-21T16:00:00Z,68.668,68.765,67.7,67.979,234713.86
2026-06-21T17:00:00Z,67.965,68.338,67.75,67.831,124468.59
2026-06-21T18:00:00Z,67.839,68.487,67.526,68.265,137705.93
2026-06-21T19:00:00Z,68.272,68.625,68.04,68.522,72230.29
2026-06-21T20:00:00Z,68.521,68.846,67.705,67.88,200539.89
2026-06-21T21:00:00Z,67.879,67.999,67.251,67.4,288401.36
2026-06-21T22:00:00Z,67.401,67.786,66.758,67.31,406179.57
2026-06-21T23:00:00Z,67.314,67.314,66.532,66.898,340061.58
2026-06-22T00:00:00Z,66.899,67.689,66.815,67.583,193070.38
2026-06-22T01:00:00Z,67.584,68.877,67.584,68.4,450187.83
2026-06-22T02:00:00Z,68.399,68.598,67.275,67.342,180167.66
2026-06-22T03:00:00Z,67.331,67.433,65.1,65.435,992010.98
2026-06-22T04:00:00Z,65.435,66.078,65.244,65.955,241494.68
2026-06-22T05:00:00Z,65.956,66.459,65.704,66.287,234329.23
2026-06-22T06:00:00Z,66.283,66.487,65.967,66.184,140605.82
2026-06-22T07:00:00Z,66.175,67.549,66.175,67.251,299425.28
2026-06-22T08:00:00Z,67.253,67.9,67.036,67.408,237318.29
2026-06-22T09:00:00Z,67.422,67.62,67.1,67.438,87177.3
2026-06-22T10:00:00Z,67.444,67.884,67.35,67.513,90057.56
2026-06-22T11:00:00Z,67.514,68.5,67.362,68.025,298505.38
2026-06-22T12:00:00Z,68.025,68.772,67.81,68.464,590342.65
2026-06-22T13:00:00Z,68.464,69.583,68.075,69.318,864048.7
2026-06-22T14:00:00Z,69.294,69.362,67.857,67.947,509351.47
2026-06-22T15:00:00Z,67.948,68.502,66.808,66.921,709203.9
2026-06-22T16:00:00Z,66.925,67.75,66.524,67.596,396340.57
2026-06-22T17:00:00Z,67.592,68.035,67.161,67.981,224914.29
2026-06-22T18:00:00Z,67.981,69.35,67.866,67.892,621295.85
2026-06-22T19:00:00Z,67.894,68.342,66.895,67.413,774586.22
2026-06-22T20:00:00Z,67.422,67.674,66.831,67.207,244894.77
2026-06-22T21:00:00Z,67.206,67.351,66.195,66.684,192757.73
2026-06-22T22:00:00Z,66.689,66.943,65.8,66.201,228730.36
2026-06-22T23:00:00Z,66.2,66.34,65.775,66.254,188873.05
2026-06-23T00:00:00Z,66.253,66.592,65.857,66.272,198571.91
2026-06-23T01:00:00Z,66.289,66.496,65.742,66.318,187733.41
2026-06-23T02:00:00Z,66.319,67.345,66.01,67.096,369252.23
2026-06-23T03:00:00Z,67.095,67.123,66.533,67.059,166618.34
2026-06-23T04:00:00Z,67.059,67.171,65.8,66.207,284052.79
2026-06-23T05:00:00Z,66.209,66.647,65.014,65.26,611311.03
2026-06-23T06:00:00Z,65.252,65.259,63.444,64.269,1319723.52
2026-06-23T07:00:00Z,64.269,64.6,63.4,63.519,387075.86
2026-06-23T08:00:00Z,63.528,63.744,62.774,62.886,918963.34
2026-06-23T09:00:00Z,62.881,63.157,62.557,63.077,380404.28
2026-06-23T10:00:00Z,63.065,63.282,62.233,62.55,449152.66
2026-06-23T11:00:00Z,62.551,63.267,62.551,63.243,387450.22
2026-06-23T12:00:00Z,63.231,63.51,62.629,62.918,485229.82
2026-06-23T13:00:00Z,62.918,63.33,62.666,63.325,424788.74
2026-06-23T14:00:00Z,63.32,63.67,62.862,62.919,684388.4300000001
2026-06-23T15:00:00Z,62.921,63.05,61.621,62.35,1334038.6599999999
2026-06-23T16:00:00Z,62.352,63.037,61.944,62.416,709892.16
2026-06-23T17:00:00Z,62.405,62.935,61.846,62.172,337128.79
2026-06-23T18:00:00Z,62.173,62.339,61.7,61.748,309752.68
2026-06-23T19:00:00Z,61.743,62.371,61.7,62.216,222143.0
2026-06-23T20:00:00Z,62.217,62.746,61.768,62.011,423166.43
2026-06-23T21:00:00Z,62.011,62.41,61.955,62.047,119511.03
2026-06-23T22:00:00Z,62.044,62.924,62.002,62.284,274375.38
2026-06-23T23:00:00Z,62.277,62.297,61.688,62.143,180072.18
2026-06-24T00:00:00Z,62.149,62.942,62.112,62.848,197793.51
2026-06-24T01:00:00Z,62.849,63.204,62.325,62.777,259119.6
2026-06-24T02:00:00Z,62.777,62.812,61.533,61.533,338815.22
2026-06-24T03:00:00Z,61.582,61.582,60.572,61.27,818848.48
2026-06-24T04:00:00Z,61.27,61.699,60.366,61.401,352696.1
2026-06-24T05:00:00Z,61.4,62.404,61.392,62.221,284333.1
2026-06-24T06:00:00Z,62.221,62.641,61.9,62.166,252198.51
2026-06-24T07:00:00Z,62.174,62.334,61.7,61.94,166785.73
2026-06-24T08:00:00Z,61.967,62.692,61.853,62.649,133115.66
2026-06-24T09:00:00Z,62.642,62.642,62.051,62.39,151363.4
2026-06-24T10:00:00Z,62.396,62.495,61.97,62.001,125878.72
2026-06-24T11:00:00Z,62.008,63.3,61.533,62.496,281574.26
2026-06-24T12:00:00Z,62.486,62.589,61.769,61.945,156442.44
2026-06-24T13:00:00Z,61.937,61.989,60.183,60.814,732089.7
2026-06-24T14:00:00Z,60.823,61.091,60.123,60.813,455708.0
2026-06-24T15:00:00Z,60.813,60.849,59.72,59.922,594152.08
2026-06-24T16:00:00Z,59.912,60.578,59.05,59.581,827167.61
2026-06-24T17:00:00Z,59.582,59.883,59.066,59.184,531983.05
2026-06-24T18:00:00Z,59.184,60.872,59.127,60.32,591232.04
2026-06-24T19:00:00Z,60.32,60.817,59.946,60.816,299226.3
2026-06-24T20:00:00Z,60.81,63.0,60.569,62.48,1259249.8600000001
2026-06-24T21:00:00Z,62.48,63.323,62.24,63.29,421617.91
2026-06-24T22:00:00Z,63.29,63.588,63.024,63.223,349683.23
2026-06-24T23:00:00Z,63.237,64.27,63.161,63.888,713127.5
2026-06-25T00:00:00Z,63.904,64.138,62.8,62.97,389223.58
2026-06-25T01:00:00Z,62.971,63.442,62.735,63.296,286312.23
2026-06-25T02:00:00Z,63.296,63.71,63.06,63.291,197627.06
2026-06-25T03:00:00Z,63.292,63.45,62.818,63.023,136981.07
2026-06-25T04:00:00Z,63.021,63.892,62.586,63.671,220884.58
2026-06-25T05:00:00Z,63.665,63.917,63.251,63.57,234513.6
2026-06-25T06:00:00Z,63.57,64.5,63.488,64.457,426177.28
2026-06-25T07:00:00Z,64.467,64.595,63.671,63.754,251163.4
2026-06-25T08:00:00Z,63.754,63.947,63.33,63.405,180989.0
2026-06-25T09:00:00Z,63.413,63.711,63.172,63.644,201410.95
2026-06-25T10:00:00Z,63.644,63.868,62.756,62.802,261422.22
2026-06-25T11:00:00Z,62.803,62.95,62.424,62.854,249895.09
2026-06-25T12:00:00Z,62.855,63.7,62.412,63.181,357186.65
2026-06-25T13:00:00Z,63.181,63.334,58.328,58.72,1649813.4099999999
2026-06-25T14:00:00Z,58.7,61.49,58.7,60.766,1398275.96
2026-06-25T15:00:00Z,60.764,62.012,60.0,61.82,992792.9300000001
2026-06-25T16:00:00Z,61.821,62.652,61.053,61.28,827332.9399999999
2026-06-25T17:00:00Z,61.277,63.468,61.219,63.393,831471.0600000001
2026-06-25T18:00:00Z,63.404,63.62,62.736,63.603,694992.53
2026-06-25T19:00:00Z,63.603,63.632,62.3,63.505,399217.24
2026-06-25T20:00:00Z,63.505,64.175,62.935,63.083,565853.21
2026-06-25T21:00:00Z,63.084,64.816,62.838,64.446,524420.99
2026-06-25T22:00:00Z,64.458,64.698,63.444,63.745,456805.49
2026-06-25T23:00:00Z,63.76,65.399,63.452,64.068,682836.0
2026-06-26T00:00:00Z,64.068,64.447,63.439,63.472,424125.03
2026-06-26T01:00:00Z,63.48,63.637,62.665,63.215,400252.71
2026-06-26T02:00:00Z,63.215,63.24,61.318,61.561,679945.66
2026-06-26T03:00:00Z,61.569,63.821,61.407,63.801,694174.5699999999
2026-06-26T04:00:00Z,63.801,63.894,62.54,62.722,345107.79
2026-06-26T05:00:00Z,62.722,63.001,61.929,62.507,352144.59
2026-06-26T06:00:00Z,62.507,63.8,62.142,63.674,347238.15
2026-06-26T07:00:00Z,63.679,65.053,63.315,65.005,478617.23
2026-06-26T08:00:00Z,64.984,65.418,63.926,64.0,528675.65
2026-06-26T09:00:00Z,64.012,64.022,62.559,62.588,546549.04
2026-06-26T10:00:00Z,62.591,62.591,61.8,61.92,383347.39
2026-06-26T11:00:00Z,61.919,62.362,61.702,62.035,385423.59
2026-06-26T12:00:00Z,62.035,62.6,61.064,61.458,518419.09
2026-06-26T13:00:00Z,61.466,63.867,60.892,63.742,928800.37
2026-06-26T14:00:00Z,63.741,64.686,63.462,63.904,985464.8
2026-06-26T15:00:00Z,63.908,65.049,63.836,64.824,579995.53
2026-06-26T16:00:00Z,64.83,65.317,64.165,64.926,515586.38
2026-06-26T17:00:00Z,64.931,65.429,64.303,64.497,412120.03
2026-06-26T18:00:00Z,64.497,65.168,63.899,63.961,404856.3
2026-06-26T19:00:00Z,63.969,65.333,63.789,64.68,494054.36
2026-06-26T20:00:00Z,64.678,65.1,63.572,63.656,478443.02
2026-06-26T21:00:00Z,63.657,64.436,63.208,63.898,373703.97
2026-06-26T22:00:00Z,63.897,64.156,63.527,64.156,129330.66
2026-06-26T23:00:00Z,64.149,64.627,64.13,64.33,123992.12
2026-06-27T00:00:00Z,64.334,64.365,63.21,63.608,223406.37
2026-06-27T01:00:00Z,63.612,63.717,63.267,63.37,94689.01
2026-06-27T02:00:00Z,63.362,64.448,63.193,64.205,151120.51
2026-06-27T03:00:00Z,64.202,64.36,63.827,63.964,67116.47
2026-06-27T04:00:00Z,63.955,64.707,63.879,63.95,81408.11
2026-06-27T05:00:00Z,63.972,64.025,63.645,63.732,84436.46
2026-06-27T06:00:00Z,63.731,63.936,63.095,63.473,260815.01
2026-06-27T07:00:00Z,63.47,63.767,63.244,63.564,73143.72
2026-06-27T08:00:00Z,63.559,63.922,63.281,63.408,77035.81
2026-06-27T09:00:00Z,63.409,63.466,62.616,62.855,390909.41
2026-06-27T10:00:00Z,62.853,63.236,62.827,63.23,66265.16
2026-06-27T11:00:00Z,63.233,63.727,62.77,63.402,161294.15
2026-06-27T12:00:00Z,63.394,63.414,62.849,63.219,126348.31
2026-06-27T13:00:00Z,63.243,63.94,63.151,63.668,165727.63
2026-06-27T14:00:00Z,63.674,64.204,63.452,63.772,100853.25
2026-06-27T15:00:00Z,63.789,64.69,63.788,64.395,190021.52
2026-06-27T16:00:00Z,64.382,64.403,63.862,64.18,209640.44
2026-06-27T17:00:00Z,64.181,64.188,62.975,63.01,238053.82
2026-06-27T18:00:00Z,63.011,63.197,62.803,63.002,86216.99
2026-06-27T19:00:00Z,63.008,63.151,62.1,62.169,308319.04
2026-06-27T20:00:00Z,62.168,62.482,61.95,62.379,177703.39
2026-06-27T21:00:00Z,62.379,62.792,62.212,62.468,138275.24
2026-06-27T22:00:00Z,62.469,62.593,61.7,62.577,313419.24
2026-06-27T23:00:00Z,62.577,62.618,61.441,61.62,239882.16
2026-06-28T00:00:00Z,61.62,62.119,61.533,61.731,159253.61
2026-06-28T01:00:00Z,61.732,62.049,61.326,61.916,129362.26
2026-06-28T02:00:00Z,61.917,62.089,61.628,61.863,58813.75
2026-06-28T03:00:00Z,61.875,62.215,61.829,62.18,77327.7
2026-06-28T04:00:00Z,62.183,62.261,61.789,61.903,75235.61
2026-06-28T05:00:00Z,61.904,62.05,61.6,61.925,74411.98
2026-06-28T06:00:00Z,61.925,62.174,61.566,61.943,75385.73
2026-06-28T07:00:00Z,61.943,62.644,61.941,62.609,176360.47
2026-06-28T08:00:00Z,62.616,63.431,62.3,63.05,260170.43
2026-06-28T09:00:00Z,63.06,63.108,62.75,62.817,137841.79
2026-06-28T10:00:00Z,62.812,63.096,62.417,62.808,150511.97
2026-06-28T11:00:00Z,62.811,63.512,62.784,63.166,207226.84
2026-06-28T12:00:00Z,63.167,63.488,62.807,63.039,112264.55
2026-06-28T13:00:00Z,63.043,63.239,62.479,62.751,181190.48
2026-06-28T14:00:00Z,62.762,63.204,62.655,62.667,83782.25
2026-06-28T15:00:00Z,62.668,63.164,62.558,63.048,109406.27
2026-06-28T16:00:00Z,63.049,63.209,62.292,62.598,124171.01
2026-06-28T17:00:00Z,62.598,62.975,62.362,62.756,78400.33
2026-06-28T18:00:00Z,62.761,62.789,61.838,62.1,137467.63
2026-06-28T19:00:00Z,62.1,62.239,61.61,61.938,127232.37
2026-06-28T20:00:00Z,61.939,62.407,61.81,61.878,136184.26
2026-06-28T21:00:00Z,61.877,61.886,60.644,60.78,368754.52
2026-06-28T22:00:00Z,60.748,61.486,60.553,60.822,489784.36
2026-06-28T23:00:00Z,60.818,61.657,60.758,61.399,261524.12
2026-06-29T00:00:00Z,61.408,61.693,60.684,61.674,263495.87
2026-06-29T01:00:00Z,61.663,62.013,61.131,61.92,230596.21
2026-06-29T02:00:00Z,61.914,62.585,61.336,62.446,201716.83
2026-06-29T03:00:00Z,62.452,62.881,62.199,62.706,207145.03
2026-06-29T04:00:00Z,62.706,62.805,61.942,62.025,190349.17
2026-06-29T05:00:00Z,62.026,62.955,61.52,62.932,250538.65
2026-06-29T06:00:00Z,62.933,63.196,62.63,62.631,178174.97
2026-06-29T07:00:00Z,62.631,62.902,62.426,62.575,89453.91
2026-06-29T08:00:00Z,62.574,62.756,62.33,62.357,114169.1
2026-06-29T09:00:00Z,62.361,62.754,62.273,62.57,82998.74
2026-06-29T10:00:00Z,62.571,63.832,62.571,63.631,415104.1
2026-06-29T11:00:00Z,63.632,63.684,62.875,63.365,252160.7
2026-06-29T12:00:00Z,63.364,64.596,63.091,63.787,819341.98
2026-06-29T13:00:00Z,63.787,64.962,63.116,63.899,1161298.0800000001
2026-06-29T14:00:00Z,63.9,64.45,63.208,64.363,530378.45
2026-06-29T15:00:00Z,64.368,64.938,63.701,64.845,392939.63
2026-06-29T16:00:00Z,64.846,65.271,64.217,64.675,504680.26
2026-06-29T17:00:00Z,64.666,66.86,64.666,66.343,834140.39
2026-06-29T18:00:00Z,66.343,66.402,65.618,65.764,357880.11
2026-06-29T19:00:00Z,65.764,67.102,65.346,66.885,486761.46
2026-06-29T20:00:00Z,66.879,66.959,66.273,66.293,373711.98
2026-06-29T21:00:00Z,66.294,67.737,66.204,67.514,376967.83
2026-06-29T22:00:00Z,67.514,67.76,66.669,66.925,341518.88
2026-06-29T23:00:00Z,66.934,67.231,66.592,66.9,242595.3
2026-06-30T00:00:00Z,66.885,66.932,65.665,65.989,381879.65
2026-06-30T01:00:00Z,65.993,66.507,65.474,66.362,264858.8
2026-06-30T02:00:00Z,66.365,66.418,65.554,65.688,186186.36
2026-06-30T03:00:00Z,65.708,66.117,65.68,65.716,104860.67
2026-06-30T04:00:00Z,65.715,66.45,65.509,66.178,156360.2
2026-06-30T05:00:00Z,66.178,66.283,65.652,66.019,108524.16
2026-06-30T06:00:00Z,66.021,66.032,65.339,65.461,183463.87
2026-06-30T07:00:00Z,65.457,65.706,65.167,65.631,149795.24
2026-06-30T08:00:00Z,65.634,65.711,65.058,65.143,155557.08
2026-06-30T09:00:00Z,65.142,65.425,64.974,65.291,148617.0
2026-06-30T10:00:00Z,65.294,66.216,65.117,66.063,196475.2
2026-06-30T11:00:00Z,66.054,66.368,65.464,65.687,342565.29
2026-06-30T12:00:00Z,65.686,65.686,64.416,64.518,424156.0
2026-06-30T13:00:00Z,64.518,65.502,64.37,65.209,478360.46
2026-06-30T14:00:00Z,65.225,65.981,64.659,64.771,613832.63
2026-06-30T15:00:00Z,64.768,65.412,64.476,64.999,248589.64
2026-06-30T16:00:00Z,64.999,65.283,64.11,64.646,337639.45
2026-06-30T17:00:00Z,64.646,65.156,64.459,64.539,188308.32
2026-06-30T18:00:00Z,64.543,65.205,64.439,64.973,179536.5
2026-06-30T19:00:00Z,64.973,65.553,64.746,65.471,197241.54
2026-06-30T20:00:00Z,65.475,65.718,64.637,64.657,211206.48
2026-06-30T21:00:00Z,64.657,64.886,64.11,64.671,303231.39
2026-06-30T22:00:00Z,64.681,64.867,64.301,64.609,98545.84
2026-06-30T23:00:00Z,64.608,65.068,64.496,65.014,89818.59
2026-07-01T00:00:00Z,65.025,65.156,64.135,64.231,256767.73
2026-07-01T01:00:00Z,64.221,64.722,62.87,64.548,763620.11
2026-07-01T02:00:00Z,64.547,65.548,64.48,65.408,429485.32
2026-07-01T03:00:00Z,65.413,65.781,65.058,65.577,258059.51
2026-07-01T04:00:00Z,65.579,65.989,65.354,65.861,155214.05
2026-07-01T05:00:00Z,65.851,66.0,65.092,65.178,202640.01
2026-07-01T06:00:00Z,65.186,65.215,64.467,64.867,240037.78
2026-07-01T07:00:00Z,64.868,64.913,64.021,64.451,165449.49
2026-07-01T08:00:00Z,64.448,64.448,63.2,63.956,499944.15
2026-07-01T09:00:00Z,63.955,64.213,63.752,63.996,179812.72
2026-07-01T10:00:00Z,64.009,64.024,62.361,62.696,607444.37
2026-07-01T11:00:00Z,62.698,62.996,62.317,62.618,214564.61
2026-07-01T12:00:00Z,62.617,62.821,62.334,62.48,160525.82
2026-07-01T13:00:00Z,62.472,64.08,62.472,64.054,446720.22
2026-07-01T14:00:00Z,64.063,64.769,63.158,63.621,809221.11
2026-07-01T15:00:00Z,63.624,64.827,63.548,64.613,555778.11
2026-07-01T16:00:00Z,64.613,65.053,64.33,64.401,383484.95
2026-07-01T17:00:00Z,64.41,64.634,64.012,64.371,277491.07
2026-07-01T18:00:00Z,64.376,64.783,63.645,63.837,367858.63
2026-07-01T19:00:00Z,63.826,64.138,62.832,62.957,402498.37
2026-07-01T20:00:00Z,62.946,63.28,61.86,62.218,991345.6
2026-07-01T21:00:00Z,62.218,63.789,61.833,63.402,596882.51
2026-07-01T22:00:00Z,63.424,64.148,62.5,63.301,433500.61
2026-07-01T23:00:00Z,63.302,63.302,62.306,62.343,223601.13
2026-07-02T00:00:00Z,62.347,62.584,61.644,62.25,346370.68
2026-07-02T01:00:00Z,62.25,63.162,62.159,62.792,216671.85
2026-07-02T02:00:00Z,62.793,63.129,62.405,63.033,159852.72
2026-07-02T03:00:00Z,63.034,63.675,62.754,63.607,177545.21
2026-07-02T04:00:00Z,63.609,63.816,63.237,63.701,182909.5
2026-07-02T05:00:00Z,63.699,63.794,63.316,63.368,134068.68
2026-07-02T06:00:00Z,63.373,63.791,62.934,63.22,154799.39
2026-07-02T07:00:00Z,63.22,63.399,62.866,63.123,144114.66
2026-07-02T08:00:00Z,63.098,63.601,63.0,63.548,182447.46
2026-07-02T09:00:00Z,63.552,64.113,63.392,63.9,184827.61
2026-07-02T10:00:00Z,63.901,64.386,63.749,64.117,239930.28
2026-07-02T11:00:00Z,64.123,65.303,64.091,65.094,553305.0699999999
2026-07-02T12:00:00Z,65.095,65.56,64.727,65.127,374096.7
2026-07-02T13:00:00Z,65.133,66.207,65.052,65.908,451233.36
2026-07-02T14:00:00Z,65.912,66.455,65.03,65.555,531262.6800000001
2026-07-02T15:00:00Z,65.557,65.664,64.898,65.359,327868.02
2026-07-02T16:00:00Z,65.365,65.805,65.02,65.624,232418.08
2026-07-02T17:00:00Z,65.625,66.22,65.441,65.92,428159.21
2026-07-02T18:00:00Z,65.921,67.143,65.914,66.792,415900.06
2026-07-02T19:00:00Z,66.792,66.922,66.137,66.201,245355.47
2026-07-02T20:00:00Z,66.214,66.458,66.114,66.283,110880.4
2026-07-02T21:00:00Z,66.283,66.324,65.6,65.91,206792.49
2026-07-02T22:00:00Z,65.909,66.055,65.409,65.818,156915.09
2026-07-02T23:00:00Z,65.817,66.973,65.651,66.897,231970.12
2026-07-03T00:00:00Z,66.889,66.981,65.842,66.011,279741.92
2026-07-03T01:00:00Z,66.012,67.03,66.001,66.822,281830.85
2026-07-03T02:00:00Z,66.822,67.042,66.388,66.679,73460.24
2026-07-03T03:00:00Z,66.679,66.796,66.3,66.677,73586.99
2026-07-03T04:00:00Z,66.677,66.712,66.242,66.543,51934.96
2026-07-03T05:00:00Z,66.542,67.733,66.503,67.288,233327.16
2026-07-03T06:00:00Z,67.288,67.546,66.911,67.209,107812.11
2026-07-03T07:00:00Z,67.209,67.444,66.943,67.294,149234.27
2026-07-03T08:00:00Z,67.295,67.77,67.281,67.636,202741.01
2026-07-03T09:00:00Z,67.636,68.488,67.445,67.651,341412.31
2026-07-03T10:00:00Z,67.651,69.174,67.514,68.941,645489.03
2026-07-03T11:00:00Z,68.947,69.555,68.829,69.246,330661.48
2026-07-03T12:00:00Z,69.262,69.444,68.763,69.058,220394.86
2026-07-03T13:00:00Z,69.047,69.923,69.0,69.672,314435.82
2026-07-03T14:00:00Z,69.673,70.44,69.023,70.324,447706.63
2026-07-03T15:00:00Z,70.323,70.729,69.812,69.918,439080.31
2026-07-03T16:00:00Z,69.922,70.5,69.417,69.808,374959.31
2026-07-03T17:00:00Z,69.809,70.695,69.602,70.695,360912.68
2026-07-03T18:00:00Z,70.685,70.725,70.275,70.468,180315.34
2026-07-03T19:00:00Z,70.469,70.537,70.175,70.235,94180.06
2026-07-03T20:00:00Z,70.236,71.098,70.185,70.607,241088.5
2026-07-03T21:00:00Z,70.607,71.266,70.343,70.865,293402.55
2026-07-03T22:00:00Z,70.865,70.972,70.547,70.73,230616.64
2026-07-03T23:00:00Z,70.73,71.013,70.25,70.634,215205.76
2026-07-04T00:00:00Z,70.644,71.347,70.521,71.161,189437.08
2026-07-04T01:00:00Z,71.161,71.161,70.119,70.223,223621.47
2026-07-04T02:00:00Z,70.223,71.095,69.939,70.724,332641.45
2026-07-04T03:00:00Z,70.724,71.638,70.544,71.312,220829.33
2026-07-04T04:00:00Z,71.315,72.0,71.089,71.527,339227.99
2026-07-04T05:00:00Z,71.524,71.69,71.0,71.406,149760.68
2026-07-04T06:00:00Z,71.406,71.675,70.775,71.236,140023.37
2026-07-04T07:00:00Z,71.236,71.755,71.106,71.485,118899.21
2026-07-04T08:00:00Z,71.479,71.55,71.011,71.04,63975.19
2026-07-04T09:00:00Z,71.061,71.251,70.646,70.908,171254.14
2026-07-04T10:00:00Z,70.908,71.205,70.478,70.647,78632.95
2026-07-04T11:00:00Z,70.646,70.742,70.379,70.587,97991.49
2026-07-04T12:00:00Z,70.586,71.125,70.567,70.804,72710.17
2026-07-04T13:00:00Z,70.804,71.259,70.306,70.491,136881.28
2026-07-04T14:00:00Z,70.49,70.827,70.382,70.518,76920.18
2026-07-04T15:00:00Z,70.518,71.187,70.458,70.617,130428.51
2026-07-04T16:00:00Z,70.617,70.865,70.157,70.238,141002.15
2026-07-04T17:00:00Z,70.235,70.8,70.0,70.618,215162.77
2026-07-04T18:00:00Z,70.626,70.667,69.555,69.719,406714.47
2026-07-04T19:00:00Z,69.718,70.006,69.355,69.882,255583.3
2026-07-04T20:00:00Z,69.882,70.065,69.5,69.753,155561.68
2026-07-04T21:00:00Z,69.756,70.247,69.687,70.119,123363.06
2026-07-04T22:00:00Z,70.119,70.213,69.791,70.01,68707.03
2026-07-04T23:00:00Z,70.019,70.072,69.616,69.841,115725.2
2026-07-05T00:00:00Z,69.841,69.867,69.055,69.313,198251.61
2026-07-05T01:00:00Z,69.313,69.344,68.595,68.973,264578.28
2026-07-05T02:00:00Z,68.969,68.97,68.227,68.58,315246.02
2026-07-05T03:00:00Z,68.58,68.709,68.336,68.656,91758.14
2026-07-05T04:00:00Z,68.656,69.373,68.655,68.768,154395.62
2026-07-05T05:00:00Z,68.763,68.763,68.21,68.507,137297.34
2026-07-05T06:00:00Z,68.492,68.725,68.325,68.596,138966.97
2026-07-05T07:00:00Z,68.596,68.707,68.345,68.679,34189.34
2026-07-05T08:00:00Z,68.68,68.955,68.461,68.881,55448.98
2026-07-05T09:00:00Z,68.861,68.935,68.333,68.46,72516.92
2026-07-05T10:00:00Z,68.459,69.094,68.361,68.962,73791.93
2026-07-05T11:00:00Z,68.962,69.036,68.46,68.83,151424.47
2026-07-05T12:00:00Z,68.84,69.472,68.65,69.17,170898.28
2026-07-05T13:00:00Z,69.171,69.557,69.072,69.24,87265.41
2026-07-05T14:00:00Z,69.239,69.462,68.99,69.43,115601.21
2026-07-05T15:00:00Z,69.429,69.857,69.327,69.514,134619.69
2026-07-05T16:00:00Z,69.513,69.524,69.151,69.358,69837.43
2026-07-05T17:00:00Z,69.351,69.484,69.112,69.219,50908.17
2026-07-05T18:00:00Z,69.218,69.378,69.098,69.227,49359.94
2026-07-05T19:00:00Z,69.227,69.925,69.196,69.757,184940.69
2026-07-05T20:00:00Z,69.765,70.912,69.714,70.859,297834.45
2026-07-05T21:00:00Z,70.869,71.326,70.461,71.016,329730.56
2026-07-05T22:00:00Z,71.016,71.704,70.857,71.531,242199.93
2026-07-05T23:00:00Z,71.528,71.576,71.008,71.329,84640.78
2026-07-06T00:00:00Z,71.329,72.488,71.116,72.476,382641.22
2026-07-06T01:00:00Z,72.474,72.6,71.685,71.8,179471.99
2026-07-06T02:00:00Z,71.798,72.356,71.511,72.216,176964.35
2026-07-06T03:00:00Z,72.216,72.379,71.281,71.586,159510.31
2026-07-06T04:00:00Z,71.584,71.754,71.083,71.571,181770.87
2026-07-06T05:00:00Z,71.565,71.721,70.636,70.704,287897.1
2026-07-06T06:00:00Z,70.704,71.191,70.642,71.135,103275.56
2026-07-06T07:00:00Z,71.135,71.201,70.758,70.823,109781.32
2026-07-06T08:00:00Z,70.824,71.084,70.021,70.268,244663.94
2026-07-06T09:00:00Z,70.27,70.326,69.744,69.94,124949.69
2026-07-06T10:00:00Z,69.936,70.577,69.935,70.397,80486.26
2026-07-06T11:00:00Z,70.397,70.983,69.88,69.98,172492.86
2026-07-06T12:00:00Z,69.997,70.06,69.016,69.11,584647.14
2026-07-06T13:00:00Z,69.109,69.86,68.622,69.638,548245.14
2026-07-06T14:00:00Z,69.644,70.289,69.455,69.802,193096.59
2026-07-06T15:00:00Z,69.802,70.819,69.802,70.706,278214.25
2026-07-06T16:00:00Z,70.718,71.256,70.664,71.256,402626.82
2026-07-06T17:00:00Z,71.255,71.55,70.946,71.06,229551.17
2026-07-06T18:00:00Z,71.064,71.599,71.031,71.188,140448.85
2026-07-06T19:00:00Z,71.188,71.71,71.112,71.606,109711.04
2026-07-06T20:00:00Z,71.589,71.597,70.799,70.917,181934.65
2026-07-06T21:00:00Z,70.917,71.725,70.83,71.602,212068.78
2026-07-06T22:00:00Z,71.608,71.617,70.978,71.089,107506.73
2026-07-06T23:00:00Z,71.095,71.128,70.5,70.584,161816.78
2026-07-07T00:00:00Z,70.579,72.0,70.423,71.959,328757.3
2026-07-07T01:00:00Z,71.958,71.958,71.121,71.139,168556.57
2026-07-07T02:00:00Z,71.139,71.237,70.47,70.643,148128.38
2026-07-07T03:00:00Z,70.638,70.725,70.064,70.167,118496.31
2026-07-07T04:00:00Z,70.172,70.217,69.671,70.16,187793.29
2026-07-07T05:00:00Z,70.16,70.431,69.455,70.18,192069.33
2026-07-07T06:00:00Z,70.181,70.981,70.039,70.901,169352.29
2026-07-07T07:00:00Z,70.9,71.276,70.5,70.552,122681.59
2026-07-07T08:00:00Z,70.549,71.052,70.5,70.994,113605.99
2026-07-07T09:00:00Z,71.014,71.607,70.867,71.285,140028.34
2026-07-07T10:00:00Z,71.285,71.844,71.228,71.36,293084.22
2026-07-07T11:00:00Z,71.36,71.921,71.15,71.913,246604.13
2026-07-07T12:00:00Z,71.92,72.5,71.804,72.024,369047.79
2026-07-07T13:00:00Z,72.024,72.092,71.116,71.213,488287.66
2026-07-07T14:00:00Z,71.217,72.368,70.838,72.335,601291.4300000001
2026-07-07T15:00:00Z,72.322,72.914,71.895,71.954,577419.66
2026-07-07T16:00:00Z,71.959,72.333,71.555,71.646,236982.84
2026-07-07T17:00:00Z,71.645,72.036,71.379,71.625,162489.64
2026-07-07T18:00:00Z,71.632,71.897,70.115,70.182,498704.89
2026-07-07T19:00:00Z,70.178,70.41,69.455,70.113,500539.49
2026-07-07T20:00:00Z,70.101,70.35,69.866,70.171,145117.78
2026-07-07T21:00:00Z,70.17,70.461,68.8,69.298,533195.4300000001
2026-07-07T22:00:00Z,69.297,69.745,68.893,69.7,225431.2
2026-07-07T23:00:00Z,69.699,69.892,69.087,69.149,160619.3
2026-07-08T00:00:00Z,69.15,69.742,69.087,69.447,167911.3
2026-07-08T01:00:00Z,69.451,69.541,67.5,68.099,621871.42
2026-07-08T02:00:00Z,68.099,68.343,67.216,68.211,450921.4
2026-07-08T03:00:00Z,68.21,68.499,67.839,67.993,151112.82
2026-07-08T04:00:00Z,67.999,68.333,67.781,68.19,144944.88
2026-07-08T05:00:00Z,68.191,68.419,68.016,68.343,75387.56
2026-07-08T06:00:00Z,68.344,68.387,67.803,68.155,102754.98
2026-07-08T07:00:00Z,68.157,68.387,67.711,68.24,108861.5
2026-07-08T08:00:00Z,68.241,68.419,67.342,67.976,428343.61
2026-07-08T09:00:00Z,67.976,68.511,67.708,67.974,222471.21
2026-07-08T10:00:00Z,67.973,68.335,67.857,68.2,108492.0
2026-07-08T11:00:00Z,68.209,68.925,67.837,68.844,212422.22
2026-07-08T12:00:00Z,68.845,68.896,67.921,67.938,189454.14
2026-07-08T13:00:00Z,67.937,68.377,67.39,67.877,420368.3
2026-07-08T14:00:00Z,67.886,68.076,67.216,67.378,361314.03
2026-07-08T15:00:00Z,67.372,67.383,66.491,66.891,582734.7
2026-07-08T16:00:00Z,66.89,67.72,66.872,67.657,393191.27
2026-07-08T17:00:00Z,67.657,67.901,67.441,67.546,238340.14
2026-07-08T18:00:00Z,67.546,67.758,66.606,66.769,285183.41
2026-07-08T19:00:00Z,66.767,67.359,66.633,67.339,181481.55
2026-07-08T20:00:00Z,67.34,67.435,66.804,66.899,108997.25
2026-07-08T21:00:00Z,66.897,67.049,66.1,67.039,420450.26
2026-07-08T22:00:00Z,67.04,67.285,66.879,67.162,129054.73
2026-07-08T23:00:00Z,67.168,67.691,67.023,67.619,158686.98
2026-07-09T00:00:00Z,67.619,67.891,67.22,67.803,200866.13
2026-07-09T01:00:00Z,67.802,68.419,67.214,67.255,272426.08
2026-07-09T02:00:00Z,67.269,67.547,67.0,67.066,111084.56
2026-07-09T03:00:00Z,67.07,67.408,67.001,67.142,129620.41
2026-07-09T04:00:00Z,67.143,67.858,67.051,67.83,84736.18
2026-07-09T05:00:00Z,67.819,68.11,67.31,67.992,131377.39
2026-07-09T06:00:00Z,67.995,68.298,67.698,68.167,157732.8
2026-07-09T07:00:00Z,68.168,68.4,67.652,68.056,159718.79
2026-07-09T08:00:00Z,68.057,68.371,67.881,68.032,181517.78
2026-07-09T09:00:00Z,68.032,68.087,67.509,67.827,183794.67
2026-07-09T10:00:00Z,67.827,67.962,67.18,67.432,190599.58
2026-07-09T11:00:00Z,67.432,67.487,67.0,67.423,155967.04
2026-07-09T12:00:00Z,67.423,67.567,67.052,67.197,141658.09
2026-07-09T13:00:00Z,67.198,68.021,67.165,67.94,221969.24
2026-07-09T14:00:00Z,67.945,68.085,67.24,68.009,228041.84
2026-07-09T15:00:00Z,68.014,68.705,67.351,67.415,596219.02
2026-07-09T16:00:00Z,67.42,68.041,67.07,67.17,288251.81
2026-07-09T17:00:00Z,67.17,67.428,66.915,67.204,182543.62
2026-07-09T18:00:00Z,67.205,68.059,67.154,67.215,327156.09
2026-07-09T19:00:00Z,67.214,67.25,66.541,66.898,315520.68
2026-07-09T20:00:00Z,66.899,67.387,66.889,67.29,105990.49
2026-07-09T21:00:00Z,67.313,67.387,67.144,67.3,46410.74
2026-07-09T22:00:00Z,67.301,67.395,67.037,67.183,75275.85
2026-07-09T23:00:00Z,67.183,67.28,66.881,67.079,64004.14
2026-07-10T00:00:00Z,67.082,67.268,66.804,67.187,126601.52
2026-07-10T01:00:00Z,67.192,68.06,67.009,67.816,184629.39
2026-07-10T02:00:00Z,67.819,68.311,67.796,68.294,98890.36
2026-07-10T03:00:00Z,68.297,68.409,67.978,68.399,84802.52
2026-07-10T04:00:00Z,68.404,68.467,68.079,68.219,105428.94
2026-07-10T05:00:00Z,68.219,68.244,67.973,68.095,94575.53
2026-07-10T06:00:00Z,68.11,68.119,67.706,68.0,88447.22
2026-07-10T07:00:00Z,67.999,68.31,67.842,68.273,65939.61
2026-07-10T08:00:00Z,68.276,68.997,68.212,68.631,230226.97
2026-07-10T09:00:00Z,68.623,69.261,68.466,69.016,203187.51
2026-07-10T10:00:00Z,69.015,69.319,68.751,68.752,154913.53
2026-07-10T11:00:00Z,68.752,69.222,68.63,68.792,217040.13
2026-07-10T12:00:00Z,68.794,68.901,68.142,68.338,411125.35
2026-07-10T13:00:00Z,68.339,68.963,68.251,68.332,186099.52
2026-07-10T14:00:00Z,68.326,68.445,67.141,67.265,407661.67
2026-07-10T15:00:00Z,67.265,67.711,67.15,67.426,152937.09
2026-07-10T16:00:00Z,67.442,67.949,67.301,67.83,202701.69
2026-07-10T17:00:00Z,67.821,67.864,67.354,67.535,123034.06
2026-07-10T18:00:00Z,67.535,67.945,67.151,67.304,147858.47
2026-07-10T19:00:00Z,67.301,67.521,66.938,67.223,282814.45
2026-07-10T20:00:00Z,67.224,67.24,66.641,66.914,233497.42
2026-07-10T21:00:00Z,66.904,67.35,66.859,67.349,113872.78
2026-07-10T22:00:00Z,67.35,67.569,67.322,67.405,79875.13
2026-07-10T23:00:00Z,67.405,67.5,67.268,67.473,51416.42
2026-07-11T00:00:00Z,67.47,67.58,67.188,67.399,77955.02
2026-07-11T01:00:00Z,67.398,67.649,66.829,66.883,169881.57
2026-07-11T02:00:00Z,66.879,67.296,66.743,67.244,130827.1
2026-07-11T03:00:00Z,67.249,67.301,66.932,67.033,37397.07
2026-07-11T04:00:00Z,67.024,67.049,66.464,66.509,181532.72
2026-07-11T05:00:00Z,66.508,66.631,66.312,66.507,108225.86
2026-07-11T06:00:00Z,66.507,66.618,66.261,66.262,77322.85
2026-07-11T07:00:00Z,66.261,66.412,66.145,66.402,76924.36
2026-07-11T08:00:00Z,66.402,66.689,66.378,66.468,64658.56
2026-07-11T09:00:00Z,66.469,66.802,66.468,66.608,60566.63
2026-07-11T10:00:00Z,66.609,66.915,66.537,66.751,82763.52
2026-07-11T11:00:00Z,66.757,66.998,66.689,66.962,34369.24
2026-07-11T12:00:00Z,66.962,67.105,66.72,66.834,51203.41
2026-07-11T13:00:00Z,66.839,66.875,66.327,66.585,137228.14
2026-07-11T14:00:00Z,66.581,67.817,66.581,67.367,377382.31
2026-07-11T15:00:00Z,67.368,67.612,66.85,67.202,227109.12
2026-07-11T16:00:00Z,67.202,67.244,66.85,67.084,133901.85
2026-07-11T17:00:00Z,67.083,67.473,66.978,67.274,126893.3
2026-07-11T18:00:00Z,67.274,67.716,67.212,67.588,115970.76
2026-07-11T19:00:00Z,67.589,67.778,67.379,67.497,89831.13
2026-07-11T20:00:00Z,67.497,67.907,67.497,67.822,154944.08
2026-07-11T21:00:00Z,67.821,68.208,67.757,67.981,148299.86
2026-07-11T22:00:00Z,67.982,68.08,67.517,67.555,82348.75
2026-07-11T23:00:00Z,67.547,67.655,66.7,66.7,150120.48
2026-07-12T00:00:00Z,66.731,67.11,66.534,66.893,198829.62
2026-07-12T01:00:00Z,66.893,67.344,66.807,67.305,57320.4
2026-07-12T02:00:00Z,67.306,67.396,67.091,67.186,30434.1
2026-07-12T03:00:00Z,67.178,67.23,66.92,67.223,36951.48
2026-07-12T04:00:00Z,67.216,67.292,66.977,67.085,15537.76
2026-07-12T05:00:00Z,67.081,67.208,66.931,67.129,14506.03
2026-07-12T06:00:00Z,67.118,67.119,66.478,66.884,76259.46
2026-07-12T07:00:00Z,66.888,67.049,66.821,66.923,24572.72
2026-07-12T08:00:00Z,66.923,67.445,66.908,67.113,68759.21
2026-07-12T09:00:00Z,67.126,67.263,66.664,66.999,122463.9
2026-07-12T10:00:00Z,66.999,67.01,66.48,66.732,169109.08
2026-07-12T11:00:00Z,66.728,67.209,66.639,66.87,103819.52
2026-07-12T12:00:00Z,66.867,67.001,66.642,66.679,81268.82
2026-07-12T13:00:00Z,66.689,67.125,66.602,66.978,130302.26
2026-07-12T14:00:00Z,66.977,67.414,66.973,67.321,94913.62
2026-07-12T15:00:00Z,67.326,67.87,67.326,67.534,237383.2
2026-07-12T16:00:00Z,67.535,68.057,67.482,67.951,203138.59
2026-07-12T17:00:00Z,67.951,68.131,67.822,67.879,142323.89
2026-07-12T18:00:00Z,67.879,68.208,67.82,68.157,92521.92
2026-07-12T19:00:00Z,68.153,68.318,67.893,68.239,94913.41
2026-07-12T20:00:00Z,68.24,68.344,67.829,67.89,45987.75
2026-07-12T21:00:00Z,67.89,68.005,67.69,67.695,127617.12
2026-07-12T22:00:00Z,67.695,67.714,66.92,67.158,325803.75
2026-07-12T23:00:00Z,67.158,67.382,67.045,67.288,69336.45
2026-07-13T00:00:00Z,67.293,68.167,67.194,67.668,164386.67
2026-07-13T01:00:00Z,67.662,67.663,66.933,66.95,118095.06
2026-07-13T02:00:00Z,66.949,67.15,66.902,66.966,154218.22
2026-07-13T03:00:00Z,66.968,66.996,66.5,66.555,228376.01
2026-07-13T04:00:00Z,66.564,66.673,64.816,65.042,896156.87
2026-07-13T05:00:00Z,65.042,65.581,64.75,65.387,355034.23
2026-07-13T06:00:00Z,65.391,65.601,65.0,65.052,166617.2
2026-07-13T07:00:00Z,65.051,65.587,64.868,65.464,161872.31
2026-07-13T08:00:00Z,65.465,65.79,65.259,65.59,155468.09
2026-07-13T09:00:00Z,65.595,65.601,64.928,64.981,169896.59
2026-07-13T10:00:00Z,64.981,65.195,64.83,65.194,126167.86
2026-07-13T11:00:00Z,65.191,65.333,64.879,65.048,145816.26
2026-07-13T12:00:00Z,65.046,65.108,64.184,64.287,778390.23
2026-07-13T13:00:00Z,64.288,64.42,63.344,63.908,750773.55
2026-07-13T14:00:00Z,63.9,64.406,63.561,64.291,353827.59
2026-07-13T15:00:00Z,64.291,64.446,63.805,63.841,141631.1
2026-07-13T16:00:00Z,63.841,63.938,63.1,63.51,727137.58
2026-07-13T17:00:00Z,63.51,63.936,63.247,63.347,296324.47
2026-07-13T18:00:00Z,63.348,63.797,63.26,63.675,144429.25
2026-07-13T19:00:00Z,63.675,63.832,63.5,63.673,87353.93
2026-07-13T20:00:00Z,63.668,63.668,62.97,63.492,342754.46
2026-07-13T21:00:00Z,63.493,63.508,62.586,62.883,348214.54
2026-07-13T22:00:00Z,62.884,63.245,62.883,63.174,89067.71
2026-07-13T23:00:00Z,63.175,63.6,63.026,63.4,91085.44
2026-07-14T00:00:00Z,63.401,63.7,63.081,63.519,213749.0
2026-07-14T01:00:00Z,63.52,63.738,63.149,63.157,113380.64
2026-07-14T02:00:00Z,63.157,63.458,62.996,63.183,160250.45
2026-07-14T03:00:00Z,63.185,63.269,62.506,63.23,247592.11
2026-07-14T04:00:00Z,63.233,63.421,62.999,63.393,69991.62
2026-07-14T05:00:00Z,63.394,64.121,63.35,63.703,256808.44
2026-07-14T06:00:00Z,63.704,63.881,63.63,63.731,71776.66
2026-07-14T07:00:00Z,63.732,63.819,63.449,63.484,66041.92
2026-07-14T08:00:00Z,63.485,63.868,63.392,63.834,107598.2
2026-07-14T09:00:00Z,63.835,63.992,63.453,63.472,99848.61
2026-07-14T10:00:00Z,63.473,63.996,63.446,63.92,72089.93
2026-07-14T11:00:00Z,63.925,64.049,63.756,63.798,73046.11
2026-07-14T12:00:00Z,63.799,65.223,63.561,65.093,604073.51
2026-07-14T13:00:00Z,65.092,65.363,64.63,65.027,303102.04
2026-07-14T14:00:00Z,65.028,65.053,64.336,64.857,431487.32
2026-07-14T15:00:00Z,64.858,65.161,64.568,64.711,235001.39
2026-07-14T16:00:00Z,64.729,65.046,64.578,64.775,174309.94
2026-07-14T17:00:00Z,64.788,65.343,64.442,65.191,215310.95
2026-07-14T18:00:00Z,65.19,65.7,64.975,65.563,324891.77
2026-07-14T19:00:00Z,65.563,65.663,65.198,65.237,91003.36
2026-07-14T20:00:00Z,65.24,65.749,65.017,65.748,192287.72
2026-07-14T21:00:00Z,65.747,66.017,65.569,65.611,301297.24
2026-07-14T22:00:00Z,65.611,66.111,65.531,65.685,152017.18
2026-07-14T23:00:00Z,65.695,65.835,65.376,65.566,113235.09
2026-07-15T00:00:00Z,65.566,65.873,65.46,65.698,115796.87
2026-07-15T01:00:00Z,65.697,65.732,64.915,65.076,177355.87
2026-07-15T02:00:00Z,65.077,66.551,64.966,66.506,394366.62
2026-07-15T03:00:00Z,66.517,67.601,66.433,67.288,417339.22
2026-07-15T04:00:00Z,67.291,67.398,66.8,66.844,185667.32
2026-07-15T05:00:00Z,66.845,67.209,66.649,67.12,133395.82
2026-07-15T06:00:00Z,67.122,67.592,67.045,67.375,214990.71
2026-07-15T07:00:00Z,67.379,67.379,66.768,66.858,258313.1
2026-07-15T08:00:00Z,66.871,67.45,66.702,67.247,179024.22
2026-07-15T09:00:00Z,67.248,68.186,67.193,67.979,519695.19
2026-07-15T10:00:00Z,67.977,68.233,67.828,68.219,210233.36
2026-07-15T11:00:00Z,68.22,68.465,68.175,68.452,215033.87
2026-07-15T12:00:00Z,68.452,68.923,68.195,68.909,392385.3
2026-07-15T13:00:00Z,68.909,68.977,68.205,68.43,341759.75
2026-07-15T14:00:00Z,68.43,68.808,68.24,68.269,370532.28
2026-07-15T15:00:00Z,68.277,68.37,67.58,67.876,673140.8199999999
2026-07-15T16:00:00Z,67.879,67.926,67.1,67.362,241206.85
2026-07-15T17:00:00Z,67.362,67.991,67.362,67.81,229622.83
2026-07-15T18:00:00Z,67.805,68.345,67.12,67.277,333990.69
2026-07-15T19:00:00Z,67.289,67.397,66.744,66.814,323781.92
2026-07-15T20:00:00Z,66.814,67.379,66.76,67.203,211971.74
2026-07-15T21:00:00Z,67.203,67.486,66.945,67.087,95651.26
2026-07-15T22:00:00Z,67.087,67.212,66.913,67.06,72820.53
2026-07-15T23:00:00Z,67.06,67.319,66.742,66.862,111625.34
2026-07-16T00:00:00Z,66.86,67.217,66.364,66.619,212371.06
2026-07-16T01:00:00Z,66.619,66.787,66.131,66.687,130317.34
2026-07-16T02:00:00Z,66.687,66.7,66.261,66.527,81417.17
2026-07-16T03:00:00Z,66.527,66.596,66.0,66.109,284554.45
2026-07-16T04:00:00Z,66.109,66.471,65.938,66.412,126546.25
2026-07-16T05:00:00Z,66.412,66.896,66.412,66.86,113325.91
2026-07-16T06:00:00Z,66.86,66.939,66.6,66.855,112219.59
2026-07-16T07:00:00Z,66.854,66.9,66.114,66.474,173486.18
2026-07-16T08:00:00Z,66.474,66.585,65.524,65.961,312814.7
2026-07-16T09:00:00Z,65.961,66.083,65.75,65.915,49866.73
2026-07-16T10:00:00Z,65.918,66.092,65.669,65.918,60763.1
2026-07-16T11:00:00Z,65.918,65.927,65.604,65.835,86181.61
2026-07-16T12:00:00Z,65.834,65.867,65.103,65.374,228037.81
2026-07-16T13:00:00Z,65.373,65.841,65.366,65.529,164723.58
2026-07-16T14:00:00Z,65.522,66.17,65.496,65.701,272177.34
2026-07-16T15:00:00Z,65.7,65.755,65.169,65.342,382047.35
2026-07-16T16:00:00Z,65.341,65.342,63.856,63.88,717200.5
2026-07-16T17:00:00Z,63.87,63.944,61.805,62.811,1868206.5600000001
2026-07-16T18:00:00Z,62.811,63.0,62.242,62.823,429438.82
2026-07-16T19:00:00Z,62.823,62.895,62.117,62.264,282159.26
2026-07-16T20:00:00Z,62.248,62.736,62.075,62.267,279425.3
2026-07-16T21:00:00Z,62.265,62.668,62.186,62.309,129928.6
2026-07-16T22:00:00Z,62.309,62.638,61.381,61.891,574141.7
2026-07-16T23:00:00Z,61.891,61.891,60.5,60.705,755029.63
2026-07-17T00:00:00Z,60.698,61.521,60.649,61.453,258353.85
2026-07-17T01:00:00Z,61.451,61.679,59.575,60.014,724217.63
2026-07-17T02:00:00Z,60.015,60.556,59.985,60.301,259398.29
2026-07-17T03:00:00Z,60.302,60.646,59.92,59.936,164208.05
2026-07-17T04:00:00Z,59.943,60.164,59.753,59.984,174791.89
2026-07-17T05:00:00Z,59.989,59.989,58.781,59.112,1035838.54
2026-07-17T06:00:00Z,59.121,59.544,58.758,59.198,246833.17
2026-07-17T07:00:00Z,59.199,59.336,58.45,58.614,609071.23
2026-07-17T08:00:00Z,58.615,59.78,58.568,59.533,340302.3
2026-07-17T09:00:00Z,59.543,61.07,59.441,60.443,406154.08
2026-07-17T10:00:00Z,60.445,60.751,60.101,60.196,199489.34
2026-07-17T11:00:00Z,60.197,60.493,60.12,60.307,131433.48
2026-07-17T12:00:00Z,60.308,60.318,59.62,59.651,238853.6
2026-07-17T13:00:00Z,59.65,60.603,58.934,60.561,558197.36
2026-07-17T14:00:00Z,60.572,60.961,59.909,60.091,401475.05
2026-07-17T15:00:00Z,60.091,60.836,59.776,60.778,388916.88
2026-07-17T16:00:00Z,60.779,60.823,60.163,60.239,171533.8
2026-07-17T17:00:00Z,60.239,60.756,60.218,60.39,238663.94
2026-07-17T18:00:00Z,60.385,60.478,59.821,60.297,280578.05
2026-07-17T19:00:00Z,60.299,60.366,59.69,60.266,324772.13
2026-07-17T20:00:00Z,60.27,60.295,59.423,59.699,218914.18
2026-07-17T21:00:00Z,59.702,59.98,59.702,59.934,85190.84
2026-07-17T22:00:00Z,59.94,60.192,59.648,59.77,133537.83
2026-07-17T23:00:00Z,59.771,59.958,59.494,59.725,126070.92
2026-07-18T00:00:00Z,59.729,60.088,59.63,59.712,65315.81
2026-07-18T01:00:00Z,59.717,59.869,59.575,59.692,31921.75
2026-07-18T02:00:00Z,59.693,59.974,59.467,59.475,66417.52
2026-07-18T03:00:00Z,59.475,59.728,59.342,59.619,62342.17
2026-07-18T04:00:00Z,59.624,59.634,59.174,59.236,103077.9
2026-07-18T05:00:00Z,59.247,59.422,58.705,58.86,220105.9
2026-07-18T06:00:00Z,58.86,59.221,58.557,58.899,213792.95
2026-07-18T07:00:00Z,58.89,59.376,58.75,59.344,105656.03
2026-07-18T08:00:00Z,59.354,59.48,58.727,58.773,97221.47
2026-07-18T09:00:00Z,58.773,58.955,58.712,58.76,38811.91
2026-07-18T10:00:00Z,58.754,59.14,58.754,59.114,38969.07
2026-07-18T11:00:00Z,59.114,59.153,58.531,58.79,111640.2
2026-07-18T12:00:00Z,58.785,59.216,58.501,58.835,197865.61
2026-07-18T13:00:00Z,58.839,58.86,58.227,58.658,212068.98
2026-07-18T14:00:00Z,58.662,59.682,58.619,59.42,229885.21
2026-07-18T15:00:00Z,59.423,59.447,59.082,59.191,68005.9
2026-07-18T16:00:00Z,59.19,59.597,59.129,59.503,74911.27
2026-07-18T17:00:00Z,59.513,59.901,59.371,59.83,225509.42
2026-07-18T18:00:00Z,59.831,60.151,59.5,59.91,243331.26
2026-07-18T19:00:00Z,59.91,60.008,59.739,59.847,76015.52
2026-07-18T20:00:00Z,59.847,60.2,59.776,59.985,116595.56
2026-07-18T21:00:00Z,59.982,60.174,59.929,60.022,66308.4
2026-07-18T22:00:00Z,60.022,60.625,59.924,60.5,170709.86
2026-07-18T23:00:00Z,60.482,60.517,60.121,60.189,141090.56
2026-07-19T00:00:00Z,60.189,60.545,60.184,60.401,53129.32
2026-07-19T01:00:00Z,60.391,60.927,60.363,60.902,116025.35
2026-07-19T02:00:00Z,60.902,61.129,60.647,60.837,196556.14
2026-07-19T03:00:00Z,60.837,60.867,60.579,60.689,69095.98
2026-07-19T04:00:00Z,60.689,60.986,60.629,60.84,90546.18
2026-07-19T05:00:00Z,60.841,61.047,60.64,60.752,59864.58
2026-07-19T06:00:00Z,60.752,60.895,60.565,60.822,56238.46
2026-07-19T07:00:00Z,60.822,60.906,60.663,60.734,25827.18
2026-07-19T08:00:00Z,60.733,61.356,60.681,61.282,166396.83
2026-07-19T09:00:00Z,61.285,61.361,61.028,61.279,133481.12
2026-07-19T10:00:00Z,61.276,61.293,60.843,60.972,101115.41
2026-07-19T11:00:00Z,60.969,61.33,60.898,61.027,76355.63
2026-07-19T12:00:00Z,61.033,61.078,60.569,60.971,149964.38
2026-07-19T13:00:00Z,60.969,61.187,60.596,61.096,72186.96
2026-07-19T14:00:00Z,61.097,61.289,60.794,60.948,141341.83
2026-07-19T15:00:00Z,60.948,61.031,60.788,60.855,37750.94
2026-07-19T16:00:00Z,60.873,60.898,60.601,60.681,51977.92
2026-07-19T17:00:00Z,60.681,61.168,60.23,60.762,197770.58
2026-07-19T18:00:00Z,60.762,60.822,60.425,60.604,90486.72
2026-07-19T19:00:00Z,60.604,61.112,60.549,61.078,78780.6
2026-07-19T20:00:00Z,61.066,61.459,60.92,61.291,129118.39
2026-07-19T21:00:00Z,61.301,61.323,60.905,60.924,81148.51
2026-07-19T22:00:00Z,60.924,61.349,60.885,60.986,166399.78
2026-07-19T23:00:00Z,60.986,61.216,60.801,61.11,73136.86
2026-07-20T00:00:00Z,61.112,61.616,60.308,60.661,481461.87
2026-07-20T01:00:00Z,60.654,60.95,60.074,60.192,188926.12
2026-07-20T02:00:00Z,60.192,60.559,60.13,60.502,147346.13
2026-07-20T03:00:00Z,60.502,60.581,60.031,60.286,110010.08
2026-07-20T04:00:00Z,60.287,60.455,59.78,60.061,224299.01
2026-07-20T05:00:00Z,60.07,60.312,59.786,60.283,93938.91
2026-07-20T06:00:00Z,60.287,60.391,59.983,60.169,71342.77
2026-07-20T07:00:00Z,60.17,60.818,60.168,60.676,117129.6
2026-07-20T08:00:00Z,60.676,60.882,60.395,60.589,77023.8
2026-07-20T09:00:00Z,60.589,60.818,60.368,60.702,86520.7
2026-07-20T10:00:00Z,60.702,60.863,60.637,60.683,39297.36
2026-07-20T11:00:00Z,60.684,61.343,60.571,61.32,169337.61
2026-07-20T12:00:00Z,61.319,61.34,60.869,61.272,108108.74
2026-07-20T13:00:00Z,61.267,61.571,60.661,60.804,327233.42
2026-07-20T14:00:00Z,60.803,61.159,60.414,60.87,154807.4
2026-07-20T15:00:00Z,60.871,62.322,60.855,62.182,573561.74
2026-07-20T16:00:00Z,62.182,62.465,62.027,62.292,418829.44
2026-07-20T17:00:00Z,62.293,62.3,61.795,61.955,197423.54
2026-07-20T18:00:00Z,61.949,62.439,61.949,62.22,174106.54
2026-07-20T19:00:00Z,62.219,62.28,61.935,61.993,90455.79
2026-07-20T20:00:00Z,61.998,62.733,61.944,62.673,154837.57
2026-07-20T21:00:00Z,62.674,62.9,62.437,62.472,188668.35
2026-07-20T22:00:00Z,62.473,62.746,62.215,62.242,89206.05
2026-07-20T23:00:00Z,62.24,62.702,62.227,62.447,57920.07
2026-07-21T00:00:00Z,62.439,62.813,62.274,62.468,129275.83
2026-07-21T01:00:00Z,62.464,62.624,62.265,62.305,91171.01
2026-07-21T02:00:00Z,62.306,62.528,62.251,62.471,37821.02
2026-07-21T03:00:00Z,62.472,62.806,62.461,62.629,92574.39
2026-07-21T04:00:00Z,62.641,62.97,62.566,62.851,107394.75
2026-07-21T05:00:00Z,62.85,63.15,62.826,63.027,161398.15
2026-07-21T06:00:00Z,63.017,63.223,62.88,63.108,135979.93
2026-07-21T07:00:00Z,63.094,63.355,62.909,62.936,120219.34
2026-07-21T08:00:00Z,62.935,63.004,62.729,62.954,143652.8
2026-07-21T09:00:00Z,62.954,63.245,62.8,63.092,97016.18
2026-07-21T10:00:00Z,63.091,63.171,62.521,62.696,136391.36
2026-07-21T11:00:00Z,62.697,62.908,62.502,62.823,64898.93
2026-07-21T12:00:00Z,62.823,62.863,62.461,62.736,146857.58
2026-07-21T13:00:00Z,62.739,62.838,62.1,62.543,286537.07
2026-07-21T14:00:00Z,62.548,62.64,61.834,61.881,279529.81
2026-07-21T15:00:00Z,61.882,62.062,61.521,61.749,320611.69
2026-07-21T16:00:00Z,61.748,61.907,61.422,61.877,172668.36
2026-07-21T17:00:00Z,61.876,61.91,60.145,60.469,850647.64
2026-07-21T18:00:00Z,60.47,60.658,60.268,60.455,210208.28
2026-07-21T19:00:00Z,60.454,60.747,59.862,60.235,527158.96
2026-07-21T20:00:00Z,60.244,60.455,59.804,60.402,270099.78
2026-07-21T21:00:00Z,60.402,60.948,60.29,60.723,355280.55
2026-07-21T22:00:00Z,60.707,60.849,60.613,60.756,145535.99
2026-07-21T23:00:00Z,60.756,60.836,60.537,60.836,112187.84
2026-07-22T00:00:00Z,60.833,61.148,60.743,61.12,133249.29
2026-07-22T01:00:00Z,61.119,61.155,60.741,60.78,173213.35
2026-07-22T02:00:00Z,60.781,60.892,60.649,60.675,42937.26
2026-07-22T03:00:00Z,60.675,60.813,60.035,60.097,229757.24
2026-07-22T04:00:00Z,60.096,60.546,59.961,60.257,121809.9
2026-07-22T05:00:00Z,60.256,60.262,58.686,59.02,507941.93
2026-07-22T06:00:00Z,59.021,59.05,58.099,58.709,768458.5699999999
2026-07-22T07:00:00Z,58.7,58.7,58.15,58.512,280580.68
2026-07-22T08:00:00Z,58.512,58.9,58.473,58.781,141635.85
2026-07-22T09:00:00Z,58.78,58.95,58.58,58.935,118094.59
2026-07-22T10:00:00Z,58.93,59.154,58.866,59.037,87425.97
2026-07-22T11:00:00Z,59.026,59.197,58.437,58.633,360058.5
2026-07-22T12:00:00Z,58.63,58.648,58.197,58.41,205323.18
2026-07-22T13:00:00Z,58.418,58.928,58.1,58.649,296746.64
2026-07-22T14:00:00Z,58.646,59.122,58.201,58.468,308890.61
2026-07-22T15:00:00Z,58.468,58.804,58.01,58.028,348398.03
2026-07-22T16:00:00Z,58.031,58.288,57.369,58.215,775474.73
2026-07-22T17:00:00Z,58.215,59.6,57.732,59.014,961502.6
2026-07-22T18:00:00Z,59.014,59.702,58.644,59.538,458370.22
2026-07-22T19:00:00Z,59.539,59.927,59.089,59.167,465882.5
2026-07-22T20:00:00Z,59.174,60.06,59.115,59.28,215850.42
2026-07-22T21:00:00Z,59.28,59.481,58.986,59.154,100328.44
2026-07-22T22:00:00Z,59.155,59.298,58.723,59.179,195350.44
2026-07-22T23:00:00Z,59.177,59.4,58.817,59.336,80573.2
2026-07-23T00:00:00Z,59.338,59.744,59.284,59.363,63567.91
2026-07-23T01:00:00Z,59.363,59.394,58.865,58.937,135590.57
2026-07-23T02:00:00Z,58.938,58.989,58.43,58.928,199419.61
2026-07-23T03:00:00Z,58.942,59.14,58.725,59.053,80204.79
2026-07-23T04:00:00Z,59.044,59.511,58.976,59.09,86757.42
2026-07-23T05:00:00Z,59.088,59.334,58.802,58.843,48741.91
2026-07-23T06:00:00Z,58.842,59.173,58.657,59.059,127734.07
2026-07-23T07:00:00Z,59.059,59.066,58.269,58.604,158065.42
2026-07-23T08:00:00Z,58.605,59.036,58.599,59.025,51941.65
2026-07-23T09:00:00Z,59.025,59.224,58.933,59.13,48269.52
2026-07-23T10:00:00Z,59.131,59.275,59.023,59.092,43449.12
2026-07-23T11:00:00Z,59.094,59.497,58.929,59.246,126408.29
2026-07-23T12:00:00Z,59.245,59.559,58.783,59.302,171830.06
2026-07-23T13:00:00Z,59.29,60.001,59.087,59.088,476137.18
2026-07-23T14:00:00Z,59.088,59.992,58.901,59.862,360466.15
2026-07-23T15:00:00Z,59.865,59.901,59.348,59.488,131321.35
2026-07-23T16:00:00Z,59.487,59.493,58.44,58.703,471875.55
2026-07-23T17:00:00Z,58.703,58.776,58.104,58.226,311600.42
2026-07-23T18:00:00Z,58.226,58.759,57.678,58.349,339623.2
2026-07-23T19:00:00Z,58.35,58.631,57.568,57.935,275100.1
2026-07-23T20:00:00Z,57.932,58.394,57.897,58.047,150146.54
2026-07-23T21:00:00Z,58.044,58.446,57.413,57.616,322945.52
2026-07-23T22:00:00Z,57.617,57.639,57.1,57.529,290997.67
2026-07-23T23:00:00Z,57.529,57.993,57.419,57.429,214772.86
2026-07-24T00:00:00Z,57.431,57.543,57.137,57.418,188364.11
2026-07-24T01:00:00Z,57.407,58.158,57.39,57.972,135370.78
2026-07-24T02:00:00Z,57.98,58.1,57.543,57.733,108200.89
2026-07-24T03:00:00Z,57.729,58.311,57.53,58.146,138694.76
2026-07-24T04:00:00Z,58.151,58.469,58.128,58.352,151607.85
2026-07-24T05:00:00Z,58.356,58.488,58.284,58.374,41010.66
2026-07-24T06:00:00Z,58.378,58.768,58.377,58.719,176519.11
2026-07-24T07:00:00Z,58.706,58.97,58.5,58.635,99453.45
2026-07-24T08:00:00Z,58.635,59.017,58.635,58.755,60489.27
2026-07-24T09:00:00Z,58.754,58.863,58.463,58.797,72241.39
2026-07-24T10:00:00Z,58.797,58.799,58.213,58.409,61665.35
2026-07-24T11:00:00Z,58.402,58.578,58.2,58.495,52087.9
2026-07-24T12:00:00Z,58.495,58.545,58.173,58.306,94473.71
2026-07-24T13:00:00Z,58.307,58.522,57.909,58.341,261513.96
2026-07-24T14:00:00Z,58.343,58.947,57.85,58.878,227081.47
2026-07-24T15:00:00Z,58.877,59.194,58.54,58.751,144225.9
2026-07-24T16:00:00Z,58.751,59.123,58.605,58.692,83911.35
2026-07-24T17:00:00Z,58.69,59.033,58.577,58.949,64440.26
2026-07-24T18:00:00Z,58.948,58.948,58.187,58.58,151471.1
2026-07-24T19:00:00Z,58.58,58.647,58.027,58.112,103701.55
2026-07-24T20:00:00Z,58.113,58.244,57.868,57.966,79246.91
2026-07-24T21:00:00Z,57.974,57.98,56.566,56.661,580491.46
2026-07-24T22:00:00Z,56.665,57.357,56.5,57.158,443201.7
2026-07-24T23:00:00Z,57.157,57.523,57.149,57.398,120189.43
2026-07-25T00:00:00Z,57.398,57.529,57.227,57.333,50827.87
2026-07-25T01:00:00Z,57.333,57.652,57.011,57.38,185972.76
2026-07-25T02:00:00Z,57.394,57.493,57.121,57.195,49207.38
2026-07-25T03:00:00Z,57.202,57.481,57.202,57.39,20853.13
2026-07-25T04:00:00Z,57.383,57.442,57.287,57.396,41482.0
2026-07-25T05:00:00Z,57.395,57.471,57.147,57.206,26237.49
2026-07-25T06:00:00Z,57.205,57.246,57.033,57.246,31294.3
2026-07-25T07:00:00Z,57.245,57.359,57.051,57.109,35627.55
2026-07-25T08:00:00Z,57.109,57.245,56.912,57.022,56951.31
2026-07-25T09:00:00Z,57.025,57.916,56.912,57.704,152480.18
2026-07-25T10:00:00Z,57.719,57.76,57.438,57.532,23572.52
2026-07-25T11:00:00Z,57.535,57.7,57.354,57.683,54005.49
2026-07-25T12:00:00Z,57.682,57.691,57.375,57.514,52617.04
2026-07-25T13:00:00Z,57.516,57.741,57.274,57.32,49199.15
2026-07-25T14:00:00Z,57.32,57.523,57.18,57.46,63496.27
2026-07-25T15:00:00Z,57.458,57.961,57.445,57.719,139694.85
2026-07-25T16:00:00Z,57.721,57.93,57.608,57.877,59190.6
2026-07-25T17:00:00Z,57.877,58.532,57.787,58.227,260298.5
2026-07-25T18:00:00Z,58.228,58.481,58.228,58.332,63155.4
2026-07-25T19:00:00Z,58.335,58.401,57.878,58.024,107688.31
2026-07-25T20:00:00Z,58.025,58.137,57.83,58.073,117825.87
2026-07-25T21:00:00Z,58.074,58.104,57.798,58.047,95782.87
2026-07-25T22:00:00Z,58.048,58.137,57.956,58.115,30929.34
2026-07-25T23:00:00Z,58.12,58.224,58.0,58.096,35854.65
2026-07-26T00:00:00Z,58.093,58.356,58.027,58.242,37980.22
2026-07-26T01:00:00Z,58.245,58.379,58.142,58.355,55786.5
2026-07-26T02:00:00Z,58.362,58.58,58.253,58.519,87138.66
2026-07-26T03:00:00Z,58.52,58.58,58.389,58.529,67129.77
2026-07-26T04:00:00Z,58.533,58.645,58.387,58.496,138144.35
2026-07-26T05:00:00Z,58.497,58.653,58.34,58.619,41717.49
2026-07-26T06:00:00Z,58.628,58.721,58.28,58.578,87131.52
2026-07-26T07:00:00Z,58.568,58.73,58.519,58.545,20840.88
2026-07-26T08:00:00Z,58.541,58.541,58.327,58.475,25533.87
2026-07-26T09:00:00Z,58.475,58.703,58.475,58.642,23514.23
2026-07-26T10:00:00Z,58.643,58.864,58.609,58.725,34257.21
2026-07-26T11:00:00Z,58.727,58.828,58.526,58.56,25545.71
2026-07-26T12:00:00Z,58.559,58.748,58.515,58.618,28101.27
2026-07-26T13:00:00Z,58.622,58.679,58.42,58.55,36973.8
2026-07-26T14:00:00Z,58.55,58.922,58.484,58.694,101031.67
2026-07-26T15:00:00Z,58.694,59.099,58.65,58.953,182796.26
2026-07-26T16:00:00Z,58.958,59.537,58.831,59.388,232024.92
2026-07-26T17:00:00Z,59.384,59.5,59.006,59.142,96561.64
2026-07-26T18:00:00Z,59.144,59.172,58.903,58.981,69364.14
2026-07-26T19:00:00Z,58.982,59.001,58.712,58.95,115755.58
2026-07-26T20:00:00Z,58.958,58.977,58.738,58.846,47480.32
2026-07-26T21:00:00Z,58.845,59.199,58.815,59.074,116205.12
2026-07-26T22:00:00Z,59.081,59.75,59.081,59.721,197165.6
2026-07-26T23:00:00Z,59.722,59.847,59.511,59.594,121023.35
2026-07-27T00:00:00Z,59.594,59.632,59.21,59.32,104446.9
2026-07-27T01:00:00Z,59.316,59.623,59.1,59.479,155579.49
2026-07-27T02:00:00Z,59.48,59.715,59.379,59.552,64960.68
2026-07-27T03:00:00Z,59.553,59.888,59.449,59.888,103644.06
2026-07-27T04:00:00Z,59.888,60.428,59.818,60.19,180254.41
2026-07-27T05:00:00Z,60.184,60.428,60.057,60.106,90226.84
2026-07-27T06:00:00Z,60.106,60.328,59.993,60.076,87781.84
2026-07-27T07:00:00Z,60.067,60.125,59.816,59.935,60474.97
2026-07-27T08:00:00Z,59.944,60.285,59.684,60.141,93367.13
2026-07-27T09:00:00Z,60.142,60.245,59.95,60.034,63798.49
2026-07-27T10:00:00Z,60.034,60.361,59.961,60.35,46883.58
2026-07-27T11:00:00Z,60.35,60.37,59.753,59.79,83676.43
2026-07-27T12:00:00Z,59.789,60.035,59.4,59.762,124534.96
2026-07-27T13:00:00Z,59.764,59.953,59.222,59.469,263636.43
2026-07-27T14:00:00Z,59.47,59.51,57.538,58.175,717523.83
2026-07-27T15:00:00Z,58.175,58.372,57.315,57.411,506112.75
2026-07-27T16:00:00Z,57.412,57.922,57.211,57.578,277599.57
2026-07-27T17:00:00Z,57.579,57.853,57.1,57.213,289915.55
2026-07-27T18:00:00Z,57.211,57.222,56.26,56.681,695739.47
2026-07-27T19:00:00Z,56.681,57.274,56.562,57.257,295176.28
2026-07-27T20:00:00Z,57.241,57.25,56.866,57.195,136261.94
2026-07-27T21:00:00Z,57.191,57.218,56.662,56.682,110245.68
2026-07-27T22:00:00Z,56.683,56.683,55.97,56.161,428260.8
2026-07-27T23:00:00Z,56.159,56.486,55.689,56.057,514618.31
2026-07-28T00:00:00Z,56.057,56.251,55.859,56.163,190538.74
2026-07-28T01:00:00Z,56.162,56.398,55.648,56.255,211404.13
2026-07-28T02:00:00Z,56.248,56.4,55.542,55.779,197119.14
2026-07-28T03:00:00Z,55.784,56.181,55.74,56.149,102945.46
2026-07-28T04:00:00Z,56.145,56.302,55.988,56.189,58748.23
2026-07-28T05:00:00Z,56.191,56.38,55.15,55.157,314099.9
2026-07-28T06:00:00Z,55.157,55.59,54.652,55.459,544164.5
2026-07-28T07:00:00Z,55.459,55.487,54.989,55.302,105395.31
2026-07-28T08:00:00Z,55.301,55.367,55.064,55.208,84255.29
2026-07-28T09:00:00Z,55.208,55.297,54.912,55.022,68437.67
2026-07-28T10:00:00Z,55.022,55.1,54.606,54.63,201481.66
2026-07-28T11:00:00Z,54.629,54.731,54.282,54.336,362135.96
2026-07-28T12:00:00Z,54.335,54.54,54.257,54.28,203731.05
2026-07-28T13:00:00Z,54.279,54.35,54.0,54.235,507806.43
2026-07-28T14:00:00Z,54.235,55.244,54.092,54.834,453499.0
2026-07-28T15:00:00Z,54.835,55.58,54.627,55.285,362209.21
2026-07-28T16:00:00Z,55.285,55.802,55.184,55.638,230075.96
2026-07-28T17:00:00Z,55.649,55.759,54.602,54.807,378463.17
2026-07-28T18:00:00Z,54.809,55.095,54.637,55.071,234918.79
2026-07-28T19:00:00Z,55.072,55.53,54.959,55.369,275932.68
2026-07-28T20:00:00Z,55.369,55.55,55.233,55.417,147481.43
2026-07-28T21:00:00Z,55.421,55.725,55.152,55.659,157273.59
2026-07-28T22:00:00Z,55.66,55.723,54.782,54.831,125271.94
2026-07-28T23:00:00Z,54.832,55.17,54.458,55.144,290278.78
2026-07-29T00:00:00Z,55.144,55.348,54.923,54.965,139268.88
2026-07-29T01:00:00Z,54.961,55.089,54.305,54.358,102354.08
2026-07-29T02:00:00Z,54.355,54.838,54.3,54.568,100400.25
2026-07-29T03:00:00Z,54.574,54.665,54.172,54.29,118190.24
2026-07-29T04:00:00Z,54.29,54.406,54.003,54.347,198590.1
2026-07-29T05:00:00Z,54.34,55.043,54.327,54.975,153765.08
2026-07-29T06:00:00Z,54.975,55.542,54.773,55.373,150485.24
2026-07-29T07:00:00Z,55.373,55.445,55.163,55.374,71882.27
2026-07-29T08:00:00Z,55.382,55.389,54.599,54.764,143200.3
2026-07-29T09:00:00Z,54.761,55.201,54.723,55.159,104237.86
2026-07-29T10:00:00Z,55.163,55.187,54.653,54.725,103610.53
2026-07-29T11:00:00Z,54.73,54.919,54.513,54.889,119493.33
2026-07-29T12:00:00Z,54.899,55.032,54.545,55.012,207928.66
2026-07-29T13:00:00Z,55.014,55.439,54.824,55.297,220164.1
2026-07-29T14:00:00Z,55.308,55.475,54.721,54.924,162933.64
2026-07-29T15:00:00Z,54.924,55.146,54.565,54.735,150348.51
2026-07-29T16:00:00Z,54.722,54.797,54.255,54.765,232047.15
2026-07-29T17:00:00Z,54.776,54.97,54.565,54.949,141964.86
2026-07-29T18:00:00Z,54.949,55.474,54.505,55.213,402150.35
2026-07-29T19:00:00Z,55.216,55.4,53.089,53.111,1042964.14
2026-07-29T20:00:00Z,53.112,53.801,53.061,53.533,517882.79
2026-07-29T21:00:00Z,53.541,53.586,53.076,53.516,327331.96
2026-07-29T22:00:00Z,53.518,53.787,53.472,53.779,182067.61
2026-07-29T23:00:00Z,53.78,54.075,53.717,53.863,223807.56
2026-07-30T00:00:00Z,53.858,54.222,53.712,53.934,93225.17
2026-07-30T01:00:00Z,53.935,54.3,53.803,54.115,107729.45
2026-07-30T02:00:00Z,54.116,54.207,53.794,53.809,54507.74
2026-07-30T03:00:00Z,53.812,54.113,53.764,54.027,47820.24
2026-07-30T04:00:00Z,54.032,54.077,53.372,53.58,178547.6
2026-07-30T05:00:00Z,53.58,53.79,53.51,53.779,91989.64
2026-07-30T06:00:00Z,53.778,53.876,53.65,53.68,43290.44
2026-07-30T07:00:00Z,53.681,53.888,53.56,53.637,49128.16
2026-07-30T08:00:00Z,53.645,54.038,53.559,53.911,71047.83
2026-07-30T09:00:00Z,53.912,54.092,53.824,53.969,42401.98
2026-07-30T10:00:00Z,53.976,54.113,53.423,53.423,114561.95
2026-07-30T11:00:00Z,53.424,53.479,52.876,53.124,427765.14
2026-07-30T12:00:00Z,53.113,53.512,52.884,53.199,347841.82
2026-07-30T13:00:00Z,53.187,53.695,52.761,53.641,330848.1
2026-07-30T14:00:00Z,53.628,54.028,53.395,53.702,328154.7
2026-07-30T15:00:00Z,53.703,54.563,53.633,54.425,349633.95
2026-07-30T16:00:00Z,54.423,54.863,54.357,54.82,396388.85
2026-07-30T17:00:00Z,54.82,55.143,54.569,54.789,204326.1
2026-07-30T18:00:00Z,54.788,55.023,54.606,54.919,110801.75
2026-07-30T19:00:00Z,54.919,55.409,54.919,55.361,188726.62
2026-07-30T20:00:00Z,55.367,55.45,54.875,54.992,182452.35
2026-07-30T21:00:00Z,54.989,55.719,54.988,55.628,243188.14
2026-07-30T22:00:00Z,55.628,56.09,55.54,55.967,215258.67
2026-07-30T23:00:00Z,55.967,55.985,55.584,55.82,165011.21
2026-07-31T00:00:00Z,55.819,56.029,55.593,55.6,192098.75
2026-07-31T01:00:00Z,55.6,56.094,55.581,55.581,313426.65
2026-07-31T02:00:00Z,55.581,55.737,54.921,55.073,172777.45
2026-07-31T03:00:00Z,55.073,55.204,54.8,55.038,71916.56
2026-07-31T04:00:00Z,55.038,55.16,54.796,55.078,62312.62
2026-07-31T05:00:00Z,55.078,55.539,54.937,55.189,111753.44
2026-07-31T06:00:00Z,55.189,55.614,55.159,55.568,87170.97
2026-07-31T07:00:00Z,55.564,55.564,54.431,54.5,189972.27
2026-07-31T08:00:00Z,54.502,54.904,54.477,54.82,155638.91
2026-07-31T09:00:00Z,54.826,54.929,54.112,54.227,128415.1
2026-07-31T10:00:00Z,54.226,54.776,54.086,54.729,106437.39
2026-07-31T11:00:00Z,54.729,54.919,54.544,54.916,67705.48
2026-07-31T12:00:00Z,54.916,55.394,54.75,55.291,101135.84
2026-07-31T13:00:00Z,55.303,55.48,54.57,54.889,380469.45
2026-07-31T14:00:00Z,54.889,55.37,54.253,54.478,425876.37
2026-07-31T15:00:00Z,54.478,54.58,53.991,54.244,324062.03
2026-07-31T16:00:00Z,54.243,54.496,53.0,53.346,680620.38
2026-07-31T17:00:00Z,53.346,53.616,53.265,53.59,281169.5
2026-07-31T18:00:00Z,53.591,53.616,52.866,53.025,450061.42
2026-07-31T19:00:00Z,53.022,53.091,52.114,52.282,756268.04
2026-07-31T20:00:00Z,52.288,52.953,51.814,52.69,695826.91
2026-07-31T21:00:00Z,52.689,52.85,52.01,52.203,194147.43
2026-07-31T22:00:00Z,52.202,52.668,52.181,52.44,145087.85
2026-07-31T23:00:00Z,52.44,52.668,52.383,52.501,65288.62
2026-08-01T00:00:00Z,52.507,52.646,52.291,52.451,67904.36
2026-08-01T01:00:00Z,52.449,52.66,52.448,52.531,74577.71
2026-08-01T02:00:00Z,52.537,52.589,52.221,52.229,78118.35
2026-08-01T03:00:00Z,52.23,52.303,52.064,52.274,90590.76
2026-08-01T04:00:00Z,52.275,52.389,52.2,52.258,77637.06
2026-08-01T05:00:00Z,52.259,52.329,51.488,51.657,347620.66
2026-08-01T06:00:00Z,51.656,52.014,51.578,51.836,128091.22
2026-08-01T07:00:00Z,51.837,52.02,51.599,51.851,148692.18
2026-08-01T08:00:00Z,51.852,52.457,51.826,52.176,183840.7
2026-08-01T09:00:00Z,52.179,52.328,52.031,52.063,91017.18
2026-08-01T10:00:00Z,52.066,52.239,51.995,52.06,49688.6
2026-08-01T11:00:00Z,52.064,52.142,51.838,52.138,68090.07
2026-08-01T12:00:00Z,52.137,52.38,52.046,52.104,121409.97
2026-08-01T13:00:00Z,52.119,52.611,52.081,52.212,148990.91
2026-08-01T14:00:00Z,52.222,52.469,52.139,52.318,76191.26
2026-08-01T15:00:00Z,52.317,52.596,52.201,52.399,112593.01
2026-08-01T16:00:00Z,52.4,52.598,52.295,52.486,110807.01
2026-08-01T17:00:00Z,52.489,52.582,52.02,52.119,137321.33
2026-08-01T18:00:00Z,52.119,52.142,51.6,52.119,316524.35
2026-08-01T19:00:00Z,52.118,52.169,51.822,52.031,149428.53
2026-08-01T20:00:00Z,52.031,52.143,51.856,52.0,105587.59
2026-08-01T21:00:00Z,52.001,52.257,52.0,52.139,90299.02
2026-08-01T22:00:00Z,52.14,52.221,52.047,52.056,28186.51
2026-08-01T23:00:00Z,52.056,52.15,52.017,52.15,26770.36
2026-08-02T00:00:00Z,52.149,52.457,52.142,52.358,74513.61
2026-08-02T01:00:00Z,52.358,52.608,52.314,52.386,81275.4
2026-08-02T02:00:00Z,52.378,52.97,52.262,52.899,221752.72
2026-08-02T03:00:00Z,52.899,53.025,52.684,52.745,101675.77
2026-08-02T04:00:00Z,52.742,52.839,52.504,52.548,93298.27
2026-08-02T05:00:00Z,52.551,52.65,52.401,52.43,56628.07
2026-08-02T06:00:00Z,52.431,52.433,52.103,52.176,112963.12
2026-08-02T07:00:00Z,52.171,52.253,51.805,51.858,82533.5
2026-08-02T08:00:00Z,51.859,52.128,51.725,52.001,121314.48
2026-08-02T09:00:00Z,52.002,52.034,51.775,51.781,75705.41
2026-08-02T10:00:00Z,51.79,51.84,51.081,51.452,530113.95
2026-08-02T11:00:00Z,51.453,51.564,51.196,51.246,125185.52
2026-08-02T12:00:00Z,51.247,51.636,51.111,51.46,155754.71
2026-08-02T13:00:00Z,51.443,51.674,51.423,51.589,94845.89
2026-08-02T14:00:00Z,51.582,51.583,51.294,51.387,61703.87
2026-08-02T15:00:00Z,51.386,51.598,51.271,51.34,76470.96
2026-08-02T16:00:00Z,51.339,52.401,51.252,52.138,293135.24
2026-08-02T17:00:00Z,52.132,52.307,51.921,52.203,153573.36
2026-08-02T18:00:00Z,52.203,52.748,52.202,52.519,142260.3
2026-08-02T19:00:00Z,52.519,52.809,52.323,52.691,137262.06
2026-08-02T20:00:00Z,52.69,52.742,52.346,52.556,117205.47
2026-08-02T21:00:00Z,52.556,53.0,52.415,52.8,262438.2
2026-08-02T22:00:00Z,52.811,52.968,52.495,52.55,165820.26
2026-08-02T23:00:00Z,52.55,52.688,52.451,52.534,50441.75
2026-08-03T00:00:00Z,52.541,52.692,52.295,52.64,108587.8
2026-08-03T01:00:00Z,52.637,52.644,52.25,52.504,70793.33
2026-08-03T02:00:00Z,52.505,52.579,52.177,52.322,105733.79
2026-08-03T03:00:00Z,52.308,52.41,52.02,52.191,77564.37
2026-08-03T04:00:00Z,52.182,52.693,52.065,52.241,136219.95
2026-08-03T05:00:00Z,52.241,52.786,52.177,52.786,63657.96
2026-08-03T06:00:00Z,52.781,52.813,51.885,52.188,166204.44
2026-08-03T07:00:00Z,52.193,52.5,52.172,52.333,71809.85
2026-08-03T08:00:00Z,52.337,52.475,51.9,52.436,205101.37
2026-08-03T09:00:00Z,52.436,52.843,52.379,52.755,184119.48
2026-08-03T10:00:00Z,52.753,52.813,52.565,52.769,101558.27
2026-08-03T11:00:00Z,52.753,53.169,52.583,52.692,234483.82
2026-08-03T12:00:00Z,52.692,52.943,52.565,52.794,70601.78
2026-08-03T13:00:00Z,52.787,53.652,52.733,53.648,380211.56
2026-08-03T14:00:00Z,53.649,54.25,53.286,54.149,719097.15
2026-08-03T15:00:00Z,54.155,54.414,53.862,54.29,276661.86
2026-08-03T16:00:00Z,54.297,54.8,54.296,54.565,301944.99
2026-08-03T17:00:00Z,54.564,54.78,54.323,54.592,148371.1
2026-08-03T18:00:00Z,54.593,54.785,54.18,54.18,144557.16
2026-08-03T19:00:00Z,54.181,54.565,54.028,54.453,160774.7
2026-08-03T20:00:00Z,54.466,54.717,54.201,54.209,106185.77
2026-08-03T21:00:00Z,54.203,54.337,53.765,53.88,183555.43
2026-08-03T22:00:00Z,53.891,54.021,53.731,54.003,55977.79
2026-08-03T23:00:00Z,54.003,54.016,53.821,53.961,58060.78
2026-08-04T00:00:00Z,53.955,53.955,53.531,53.548,69377.93
2026-08-04T01:00:00Z,53.552,54.3,53.526,54.275,106938.49
2026-08-04T02:00:00Z,54.273,54.476,54.176,54.267,85824.21
2026-08-04T03:00:00Z,54.267,54.339,54.036,54.132,40256.19
2026-08-04T04:00:00Z,54.142,54.585,54.139,54.506,111960.17
2026-08-04T05:00:00Z,54.506,54.55,54.337,54.41,67679.96
2026-08-04T06:00:00Z,54.411,54.475,54.085,54.258,74534.02
2026-08-04T07:00:00Z,54.26,54.924,54.245,54.746,227273.82
2026-08-04T08:00:00Z,54.746,55.0,54.51,54.743,115933.03
2026-08-04T09:00:00Z,54.739,54.772,54.476,54.756,69958.38
2026-08-04T10:00:00Z,54.757,55.252,54.668,55.202,287947.34
2026-08-04T11:00:00Z,55.203,55.522,55.131,55.503,223898.38
2026-08-04T12:00:00Z,55.503,55.737,55.36,55.626,308738.36
2026-08-04T13:00:00Z,55.626,55.792,55.138,55.217,390416.77
2026-08-04T14:00:00Z,55.217,55.475,55.002,55.381,236216.76
2026-08-04T15:00:00Z,55.387,55.56,55.0,55.386,245922.42
2026-08-04T16:00:00Z,55.387,55.469,55.167,55.251,152309.33
2026-08-04T17:00:00Z,55.252,55.735,55.23,55.564,170253.08
2026-08-04T18:00:00Z,55.564,55.78,55.263,55.305,157229.59
2026-08-04T19:00:00Z,55.306,55.606,55.21,55.536,157070.56
2026-08-04T20:00:00Z,55.536,55.744,55.303,55.419,175227.32
2026-08-04T21:00:00Z,55.42,55.456,55.047,55.203,172352.17
2026-08-04T22:00:00Z,55.204,55.278,55.023,55.129,85934.87
2026-08-04T23:00:00Z,55.136,55.346,55.0,55.006,59037.33
2026-08-05T00:00:00Z,55.007,55.084,54.679,54.725,130618.74
2026-08-05T01:00:00Z,54.725,55.392,54.61,55.279,129442.03
2026-08-05T02:00:00Z,55.28,56.391,55.256,56.345,354226.12
2026-08-05T03:00:00Z,56.355,56.515,55.696,55.968,147613.89
2026-08-05T04:00:00Z,55.969,56.305,55.921,56.205,80158.49
2026-08-05T05:00:00Z,56.207,56.943,56.197,56.895,318405.79
2026-08-05T06:00:00Z,56.895,57.246,56.695,57.015,228979.97
2026-08-05T07:00:00Z,57.015,57.232,56.525,57.04,218843.48
2026-08-05T08:00:00Z,57.04,57.862,57.004,57.547,412147.34
2026-08-05T09:00:00Z,57.546,57.631,57.201,57.227,124311.48
2026-08-05T10:00:00Z,57.227,57.354,56.77,57.346,161215.0
2026-08-05T11:00:00Z,57.347,57.422,56.62,56.997,263476.29
2026-08-05T12:00:00Z,56.997,57.339,56.826,57.062,129972.62
2026-08-05T13:00:00Z,57.071,57.269,56.517,57.141,258143.39
2026-08-05T14:00:00Z,57.131,57.489,56.876,57.269,282967.22
2026-08-05T15:00:00Z,57.272,57.703,56.999,57.047,242241.35
2026-08-05T16:00:00Z,57.054,57.8,57.054,57.49,326705.26
2026-08-05T17:00:00Z,57.491,57.961,57.326,57.725,272638.8
2026-08-05T18:00:00Z,57.725,57.888,57.098,57.218,178939.6
2026-08-05T19:00:00Z,57.218,57.487,57.147,57.178,133684.59
2026-08-05T20:00:00Z,57.177,57.258,56.738,57.11,304607.79
2026-08-05T21:00:00Z,57.116,57.144,56.676,56.76,170424.08
2026-08-05T22:00:00Z,56.76,56.821,56.621,56.7,85948.36
2026-08-05T23:00:00Z,56.698,56.995,56.645,56.914,84694.38
2026-08-06T00:00:00Z,56.917,57.183,56.782,56.91,78809.05
2026-08-06T01:00:00Z,56.91,56.936,56.361,56.472,111756.31
2026-08-06T02:00:00Z,56.471,56.502,56.021,56.127,180018.46
2026-08-06T03:00:00Z,56.126,56.385,56.015,56.299,82326.88
2026-08-06T04:00:00Z,56.299,56.633,56.223,56.331,67615.36
2026-08-06T05:00:00Z,56.342,56.62,56.32,56.444,80646.42
2026-08-06T06:00:00Z,56.454,56.456,56.035,56.116,108586.56
2026-08-06T07:00:00Z,56.118,56.118,55.721,55.991,181532.34
2026-08-06T08:00:00Z,55.991,56.162,55.755,56.09,87146.81
2026-08-06T09:00:00Z,56.09,56.09,55.522,55.552,118820.27
2026-08-06T10:00:00Z,55.553,55.655,55.333,55.536,95078.99
2026-08-06T11:00:00Z,55.536,55.547,55.28,55.326,110857.97
2026-08-06T12:00:00Z,55.331,55.389,54.851,54.939,236310.5
2026-08-06T13:00:00Z,54.94,55.345,54.614,55.113,399105.78
2026-08-06T14:00:00Z,55.108,56.096,55.055,55.872,662737.92
2026-08-06T15:00:00Z,55.86,56.092,55.528,55.554,252594.8
2026-08-06T16:00:00Z,55.553,56.245,55.283,56.233,415305.14
2026-08-06T17:00:00Z,56.241,56.533,56.06,56.185,238723.46
2026-08-06T18:00:00Z,56.184,56.232,55.911,56.038,113127.4
2026-08-06T19:00:00Z,56.036,56.3,55.968,56.017,110086.94
2026-08-06T20:00:00Z,56.028,56.251,55.767,55.833,69695.74
2026-08-06T21:00:00Z,55.834,56.07,55.765,55.981,61011.61
2026-08-06T22:00:00Z,55.981,56.308,55.914,56.179,38735.26
2026-08-06T23:00:00Z,56.169,56.26,55.786,56.159,124005.07
2026-08-07T00:00:00Z,56.16,56.167,55.57,55.768,90734.42
2026-08-07T01:00:00Z,55.777,55.919,55.57,55.782,67040.19
2026-08-07T02:00:00Z,55.774,55.911,55.493,55.671,60933.83
2026-08-07T03:00:00Z,55.674,55.737,55.442,55.596,44796.8
2026-08-07T04:00:00Z,55.592,55.73,55.009,55.247,172578.71
2026-08-07T05:00:00Z,55.246,55.389,55.0,55.359,129430.71
2026-08-07T06:00:00Z,55.36,55.723,55.261,55.558,73382.1
2026-08-07T07:00:00Z,55.558,55.692,55.5,55.575,50044.69
2026-08-07T08:00:00Z,55.575,56.413,55.542,56.274,170116.68
2026-08-07T09:00:00Z,56.274,56.556,56.2,56.541,211378.55
2026-08-07T10:00:00Z,56.541,56.803,56.467,56.803,148781.04
2026-08-07T11:00:00Z,56.803,57.002,56.628,56.943,198244.91
2026-08-07T12:00:00Z,56.943,56.974,56.478,56.563,243477.72
2026-08-07T13:00:00Z,56.562,56.842,56.22,56.237,311785.12
2026-08-07T14:00:00Z,56.237,56.26,55.616,55.874,490201.81
2026-08-07T15:00:00Z,55.873,55.882,55.455,55.742,243801.65
2026-08-07T16:00:00Z,55.752,55.791,54.898,55.096,441109.72
2026-08-07T17:00:00Z,55.099,55.163,53.459,54.151,1068180.2
2026-08-07T18:00:00Z,54.148,54.577,53.717,54.016,436871.82
2026-08-07T19:00:00Z,54.004,54.583,53.992,54.583,255842.92
2026-08-07T20:00:00Z,54.583,54.591,54.259,54.308,177108.37
2026-08-07T21:00:00Z,54.314,54.373,53.971,54.008,183928.57
2026-08-07T22:00:00Z,54.008,54.345,53.932,54.168,141338.48
2026-08-07T23:00:00Z,54.168,54.186,53.801,54.064,96415.08
2026-08-08T00:00:00Z,54.063,54.162,53.838,53.962,80775.32
2026-08-08T01:00:00Z,53.963,54.247,53.935,54.162,62459.87
2026-08-08T02:00:00Z,54.162,54.231,53.956,54.108,44276.37
2026-08-08T03:00:00Z,54.107,54.381,54.101,54.319,59847.0
2026-08-08T04:00:00Z,54.33,54.407,54.158,54.212,66550.1
2026-08-08T05:00:00Z,54.212,54.411,54.121,54.396,49612.65
2026-08-08T06:00:00Z,54.396,54.411,54.317,54.34,26353.32
2026-08-08T07:00:00Z,54.34,54.389,54.251,54.373,29352.6
2026-08-08T08:00:00Z,54.374,54.639,54.333,54.619,157299.33
2026-08-08T09:00:00Z,54.619,54.766,54.552,54.595,82770.1
2026-08-08T10:00:00Z,54.595,54.81,54.595,54.79,59696.64
2026-08-08T11:00:00Z,54.791,54.82,54.473,54.512,65792.21
2026-08-08T12:00:00Z,54.513,54.61,54.338,54.61,67654.86
2026-08-08T13:00:00Z,54.609,54.719,54.334,54.349,57249.49
2026-08-08T14:00:00Z,54.344,54.701,54.315,54.615,67881.21
2026-08-08T15:00:00Z,54.614,54.952,54.614,54.727,102560.03
2026-08-08T16:00:00Z,54.726,55.005,54.697,55.005,74724.34
2026-08-08T17:00:00Z,55.004,55.155,54.821,54.979,141790.07
2026-08-08T18:00:00Z,54.978,55.009,54.662,54.784,58898.98
2026-08-08T19:00:00Z,54.783,54.972,54.721,54.921,36191.43
2026-08-08T20:00:00Z,54.92,55.225,54.91,55.121,68128.25
2026-08-08T21:00:00Z,55.12,55.2,54.991,55.128,40115.02
2026-08-08T22:00:00Z,55.131,55.135,54.875,54.989,48075.53
2026-08-08T23:00:00Z,54.99,55.123,54.925,55.074,38664.35
2026-08-09T00:00:00Z,55.073,55.182,55.041,55.134,42169.06
2026-08-09T01:00:00Z,55.135,55.282,54.985,55.125,38939.94
2026-08-09T02:00:00Z,55.128,55.2,54.776,54.841,66892.38
2026-08-09T03:00:00Z,54.841,54.888,54.607,54.71,31239.31
2026-08-09T04:00:00Z,54.709,54.989,54.515,54.773,75732.48
2026-08-09T05:00:00Z,54.784,54.839,54.54,54.668,30681.37
2026-08-09T06:00:00Z,54.667,54.771,54.563,54.716,25822.95
2026-08-09T07:00:00Z,54.714,54.787,54.623,54.754,20096.32
2026-08-09T08:00:00Z,54.747,54.898,54.405,54.591,39913.89
2026-08-09T09:00:00Z,54.591,54.68,54.424,54.555,38639.26
2026-08-09T10:00:00Z,54.555,54.612,54.451,54.483,36080.65
2026-08-09T11:00:00Z,54.487,54.522,54.057,54.227,123149.54
2026-08-09T12:00:00Z,54.217,54.278,54.09,54.126,30367.47
2026-08-09T13:00:00Z,54.127,54.544,54.126,54.464,67967.07
2026-08-09T14:00:00Z,54.475,54.716,54.4,54.628,74115.13
2026-08-09T15:00:00Z,54.626,54.917,54.488,54.815,99526.69
2026-08-09T16:00:00Z,54.821,54.997,54.74,54.857,60374.8
2026-08-09T17:00:00Z,54.841,54.959,54.656,54.685,45320.63
2026-08-09T18:00:00Z,54.696,54.779,54.537,54.615,22096.01
2026-08-09T19:00:00Z,54.599,54.708,54.52,54.657,25133.14
2026-08-09T20:00:00Z,54.657,54.813,54.576,54.665,33739.12
2026-08-09T21:00:00Z,54.665,54.678,54.308,54.355,77908.31
2026-08-09T22:00:00Z,54.363,54.595,53.79,54.043,306495.67
2026-08-09T23:00:00Z,54.02,54.137,53.706,53.83,123563.43
2026-08-10T00:00:00Z,53.822,54.215,53.774,54.003,119328.54
2026-08-10T01:00:00Z,53.987,54.43,53.863,54.38,54255.01
2026-08-10T02:00:00Z,54.38,54.495,54.08,54.325,61475.69
2026-08-10T03:00:00Z,54.325,54.395,53.987,54.061,62928.59
2026-08-10T04:00:00Z,54.068,54.203,53.897,53.935,57294.27
2026-08-10T05:00:00Z,53.936,54.288,53.93,54.263,39310.83
2026-08-10T06:00:00Z,54.259,54.677,54.055,54.671,150916.81
2026-08-10T07:00:00Z,54.671,54.802,54.605,54.735,120610.32
2026-08-10T08:00:00Z,54.74,54.853,54.64,54.721,79864.18
2026-08-10T09:00:00Z,54.721,54.732,54.462,54.463,97056.14
2026-08-10T10:00:00Z,54.462,54.537,54.343,54.459,35299.69
2026-08-10T11:00:00Z,54.46,54.765,54.228,54.762,99348.07
2026-08-10T12:00:00Z,54.765,55.244,54.642,54.705,148562.18
2026-08-10T13:00:00Z,54.717,54.915,54.303,54.606,157712.9
2026-08-10T14:00:00Z,54.601,54.889,54.282,54.327,168731.92
2026-08-10T15:00:00Z,54.328,54.523,53.992,54.305,257682.45
2026-08-10T16:00:00Z,54.305,54.425,53.947,54.224,111111.39
2026-08-10T17:00:00Z,54.227,55.173,54.182,54.972,288229.79
2026-08-10T18:00:00Z,54.973,55.465,54.777,54.921,209752.79
2026-08-10T19:00:00Z,54.917,55.855,54.891,55.855,260377.6
2026-08-10T20:00:00Z,55.828,56.079,55.398,55.441,187028.52
2026-08-10T21:00:00Z,55.44,55.544,55.149,55.218,73788.58
2026-08-10T22:00:00Z,55.221,55.389,55.036,55.179,39513.22
2026-08-10T23:00:00Z,55.179,55.191,54.981,55.049,36712.73
2026-08-11T00:00:00Z,55.049,55.061,54.83,54.872,55051.21
2026-08-11T01:00:00Z,54.871,55.487,54.765,55.371,235446.5
2026-08-11T02:00:00Z,55.36,55.392,55.153,55.221,24101.57
2026-08-11T03:00:00Z,55.225,55.45,55.217,55.395,37873.32
2026-08-11T04:00:00Z,55.393,55.615,55.356,55.559,78830.02
2026-08-11T05:00:00Z,55.551,55.562,55.241,55.323,22697.76
2026-08-11T06:00:00Z,55.324,55.489,55.0,55.091,43463.03
2026-08-11T07:00:00Z,55.095,55.15,54.8,55.043,65875.68
2026-08-11T08:00:00Z,55.05,55.204,54.882,55.176,39458.73
2026-08-11T09:00:00Z,55.181,55.317,55.085,55.244,43549.14
2026-08-11T10:00:00Z,55.252,55.272,55.053,55.141,45041.83
2026-08-11T11:00:00Z,55.14,55.385,55.14,55.304,53071.85
2026-08-11T12:00:00Z,55.304,55.344,54.877,54.943,87405.18
2026-08-11T13:00:00Z,54.944,55.074,54.556,54.707,127642.79
2026-08-11T14:00:00Z,54.707,54.707,54.204,54.325,206381.28
2026-08-11T15:00:00Z,54.325,54.465,53.737,53.879,363158.26
2026-08-11T16:00:00Z,53.878,54.062,53.78,53.911,169801.75
2026-08-11T17:00:00Z,53.92,54.039,53.769,53.946,95892.11
2026-08-11T18:00:00Z,53.946,54.281,53.925,54.07,99534.17
2026-08-11T19:00:00Z,54.065,54.584,53.758,54.519,167792.6
2026-08-11T20:00:00Z,54.521,54.715,54.412,54.621,132801.66
2026-08-11T21:00:00Z,54.622,54.727,54.412,54.608,64460.19
2026-08-11T22:00:00Z,54.608,54.733,54.302,54.333,47923.91
2026-08-11T23:00:00Z,54.333,54.544,54.233,54.47,48428.6
2026-08-12T00:00:00Z,54.47,54.589,54.316,54.36,72099.8
2026-08-12T01:00:00Z,54.36,54.7,54.264,54.521,166252.1
2026-08-12T02:00:00Z,54.521,54.646,54.435,54.515,51684.91
2026-08-12T03:00:00Z,54.516,54.752,54.479,54.619,34841.75
2026-08-12T04:00:00Z,54.621,54.8,54.398,54.474,59619.25
2026-08-12T05:00:00Z,54.475,54.633,54.43,54.621,25968.28
2026-08-12T06:00:00Z,54.613,54.893,54.594,54.788,58292.94
2026-08-12T07:00:00Z,54.787,55.195,54.787,55.122,107391.58
2026-08-12T08:00:00Z,55.123,55.168,54.858,55.0,45976.88
2026-08-12T09:00:00Z,54.998,55.355,54.865,55.295,71378.54
2026-08-12T10:00:00Z,55.295,55.51,55.158,55.496,82710.57
2026-08-12T11:00:00Z,55.496,55.764,55.487,55.742,113850.67
2026-08-12T12:00:00Z,55.742,55.966,55.472,55.78,206798.85
2026-08-12T13:00:00Z,55.779,56.4,55.724,55.972,337819.06
2026-08-12T14:00:00Z,55.964,56.014,55.393,55.826,440968.72
2026-08-12T15:00:00Z,55.821,56.564,55.791,56.52,275723.64
2026-08-12T16:00:00Z,56.52,56.612,56.252,56.587,134759.56
2026-08-12T17:00:00Z,56.587,56.913,56.409,56.849,118553.64
2026-08-12T18:00:00Z,56.839,56.907,56.306,56.567,261931.66
2026-08-12T19:00:00Z,56.567,56.651,56.131,56.201,96967.57
2026-08-12T20:00:00Z,56.201,56.381,56.108,56.192,47073.96
2026-08-12T21:00:00Z,56.191,56.241,56.0,56.035,56173.59
2026-08-12T22:00:00Z,56.034,56.444,55.901,56.08,148589.15
2026-08-12T23:00:00Z,56.079,56.115,55.896,56.03,42166.21
2026-08-13T00:00:00Z,56.031,56.481,55.991,56.397,58993.46
2026-08-13T01:00:00Z,56.397,56.501,56.157,56.301,211997.13
2026-08-13T02:00:00Z,56.301,56.624,56.265,56.487,80568.59
2026-08-13T03:00:00Z,56.487,56.642,56.384,56.437,73509.61
2026-08-13T04:00:00Z,56.438,56.897,56.365,56.769,111263.35
2026-08-13T05:00:00Z,56.767,57.383,56.761,57.194,208654.76
2026-08-13T06:00:00Z,57.194,57.383,57.145,57.365,55505.38
2026-08-13T07:00:00Z,57.366,57.476,57.252,57.304,101532.04
2026-08-13T08:00:00Z,57.305,57.381,56.805,57.087,133270.67
2026-08-13T09:00:00Z,57.088,57.755,56.88,57.734,296287.34
2026-08-13T10:00:00Z,57.735,57.751,57.422,57.435,132252.12
2026-08-13T11:00:00Z,57.437,57.471,56.951,57.037,219029.8
2026-08-13T12:00:00Z,57.037,57.686,56.99,57.662,125467.95
2026-08-13T13:00:00Z,57.662,58.048,57.392,57.638,272320.59
2026-08-13T14:00:00Z,57.638,58.345,57.492,58.163,267602.96
2026-08-13T15:00:00Z,58.163,58.5,57.774,57.786,351318.81
2026-08-13T16:00:00Z,57.789,58.025,57.304,57.512,333777.89
2026-08-13T17:00:00Z,57.518,57.784,57.369,57.385,113811.97
2026-08-13T18:00:00Z,57.385,57.809,57.381,57.757,80871.82
2026-08-13T19:00:00Z,57.757,57.921,57.409,57.438,77148.66
2026-08-13T20:00:00Z,57.443,57.545,57.0,57.424,166347.35
2026-08-13T21:00:00Z,57.424,57.595,57.02,57.152,130867.72
2026-08-13T22:00:00Z,57.152,57.601,57.144,57.39,76290.33
2026-08-13T23:00:00Z,57.39,57.489,57.242,57.464,71918.6
2026-08-14T00:00:00Z,57.464,57.595,57.355,57.566,90668.95
2026-08-14T01:00:00Z,57.568,57.601,57.159,57.203,93017.17
2026-08-14T02:00:00Z,57.203,57.325,57.019,57.025,44134.02
2026-08-14T03:00:00Z,57.025,57.072,56.521,56.523,187372.95
2026-08-14T04:00:00Z,56.523,56.852,56.506,56.78,80751.13
2026-08-14T05:00:00Z,56.779,56.912,56.603,56.786,37468.3
2026-08-14T06:00:00Z,56.785,56.786,56.274,56.299,88886.9
2026-08-14T07:00:00Z,56.299,56.496,56.292,56.406,62434.46
2026-08-14T08:00:00Z,56.406,56.769,56.369,56.668,60959.2
2026-08-14T09:00:00Z,56.666,56.732,56.371,56.384,43085.39
2026-08-14T10:00:00Z,56.371,56.605,56.35,56.505,42618.39
2026-08-14T11:00:00Z,56.504,56.634,56.1,56.18,88306.87
2026-08-14T12:00:00Z,56.171,56.241,56.0,56.101,183433.37
2026-08-14T13:00:00Z,56.099,56.206,55.938,56.099,178431.25
2026-08-14T14:00:00Z,56.096,56.104,55.466,55.479,305189.81
2026-08-14T15:00:00Z,55.476,55.934,55.466,55.603,149403.86
2026-08-14T16:00:00Z,55.595,56.061,55.584,55.887,115225.37
2026-08-14T17:00:00Z,55.892,56.009,55.682,55.724,57643.0
2026-08-14T18:00:00Z,55.724,55.769,55.523,55.637,72393.99
2026-08-14T19:00:00Z,55.637,55.724,55.302,55.697,87683.71
2026-08-14T20:00:00Z,55.697,55.737,55.388,55.503,30329.98
2026-08-14T21:00:00Z,55.503,56.013,55.5,55.943,92194.18
2026-08-14T22:00:00Z,55.944,56.457,55.928,56.381,186649.06
2026-08-14T23:00:00Z,56.382,56.513,56.183,56.48,64426.43
2026-08-15T00:00:00Z,56.486,56.515,56.306,56.31,35331.9
2026-08-15T01:00:00Z,56.312,56.521,56.225,56.403,40897.28
2026-08-15T02:00:00Z,56.407,56.652,56.35,56.615,38725.5
2026-08-15T03:00:00Z,56.616,56.729,56.478,56.556,110471.35
2026-08-15T04:00:00Z,56.556,56.631,56.2,56.235,63092.13
2026-08-15T05:00:00Z,56.235,56.297,55.81,56.244,97680.54
2026-08-15T06:00:00Z,56.236,56.314,56.1,56.242,30233.75
2026-08-15T07:00:00Z,56.242,56.449,56.124,56.443,29446.06
2026-08-15T08:00:00Z,56.444,56.48,55.984,56.033,64469.99
2026-08-15T09:00:00Z,56.044,56.152,55.956,55.991,34197.75
2026-08-15T10:00:00Z,55.998,56.022,55.851,55.963,25424.4
2026-08-15T11:00:00Z,55.958,56.03,55.822,56.012,27343.51
2026-08-15T12:00:00Z,56.011,56.249,55.867,56.248,50715.52
2026-08-15T13:00:00Z,56.248,56.59,56.211,56.347,72823.68
2026-08-15T14:00:00Z,56.346,56.476,56.222,56.273,70067.26
2026-08-15T15:00:00Z,56.273,56.808,56.252,56.769,69999.98
2026-08-15T16:00:00Z,56.772,57.18,56.598,57.176,183580.59
2026-08-15T17:00:00Z,57.178,57.2,56.893,57.03,97531.23
2026-08-15T18:00:00Z,57.024,57.155,56.855,57.016,59572.48
2026-08-15T19:00:00Z,57.016,57.35,56.928,57.288,91875.53
2026-08-15T20:00:00Z,57.289,57.289,56.973,57.027,75752.42
2026-08-15T21:00:00Z,57.027,57.121,56.972,56.991,26331.66
2026-08-15T22:00:00Z,56.991,57.088,56.867,56.921,32123.0
2026-08-15T23:00:00Z,56.921,56.992,56.741,56.875,53812.63
2026-08-16T00:00:00Z,56.875,56.951,56.714,56.792,35432.37
2026-08-16T01:00:00Z,56.792,57.103,56.776,57.068,50975.55
2026-08-16T02:00:00Z,57.075,57.283,56.854,57.175,69415.83
2026-08-16T03:00:00Z,57.175,57.189,56.908,56.931,25809.68
2026-08-16T04:00:00Z,56.931,57.18,56.893,57.073,19388.53
2026-08-16T05:00:00Z,57.07,57.187,56.825,56.859,45542.59
2026-08-16T06:00:00Z,56.859,57.135,56.747,57.035,59320.84
2026-08-16T07:00:00Z,57.038,57.45,57.035,57.449,85225.25
2026-08-16T08:00:00Z,57.449,57.499,57.304,57.499,51826.98
2026-08-16T09:00:00Z,57.498,57.547,57.284,57.429,62545.91
2026-08-16T10:00:00Z,57.428,57.464,57.253,57.326,22558.26
2026-08-16T11:00:00Z,57.326,57.464,57.291,57.366,26575.81
2026-08-16T12:00:00Z,57.359,57.368,57.168,57.186,36712.22
2026-08-16T13:00:00Z,57.186,57.235,57.057,57.172,40772.6
2026-08-16T14:00:00Z,57.171,57.25,57.021,57.208,39254.77
2026-08-16T15:00:00Z,57.203,57.495,57.12,57.418,76303.87
2026-08-16T16:00:00Z,57.417,57.93,57.411,57.78,180650.99
2026-08-16T17:00:00Z,57.779,58.0,57.627,57.705,133618.97
2026-08-16T18:00:00Z,57.709,57.713,57.395,57.605,87002.01
2026-08-16T19:00:00Z,57.604,57.931,57.604,57.674,87785.64
2026-08-16T20:00:00Z,57.673,57.764,57.502,57.566,37851.14
2026-08-16T21:00:00Z,57.565,57.587,57.167,57.309,146327.33
2026-08-16T22:00:00Z,57.308,57.316,57.111,57.211,102074.13
2026-08-16T23:00:00Z,57.211,57.284,57.025,57.099,76624.24
2026-08-17T00:00:00Z,57.099,57.331,57.021,57.328,92319.86
2026-08-17T01:00:00Z,57.327,58.421,57.307,58.346,475627.03
2026-08-17T02:00:00Z,58.346,58.964,58.182,58.905,251864.1
2026-08-17T03:00:00Z,58.907,59.176,58.731,59.115,257302.87
2026-08-17T04:00:00Z,59.119,59.161,58.835,58.846,152673.94
2026-08-17T05:00:00Z,58.846,59.04,58.668,58.67,103287.21
2026-08-17T06:00:00Z,58.67,59.378,58.669,59.269,210951.85
2026-08-17T07:00:00Z,59.274,59.647,59.162,59.529,218607.94
2026-08-17T08:00:00Z,59.532,59.565,59.07,59.078,146237.28
2026-08-17T09:00:00Z,59.078,59.316,59.078,59.296,55893.74
2026-08-17T10:00:00Z,59.296,59.826,59.149,59.804,265485.75
2026-08-17T11:00:00Z,59.793,59.874,59.421,59.479,421127.45
2026-08-17T12:00:00Z,59.48,59.49,59.01,59.14,191542.87
2026-08-17T13:00:00Z,59.14,59.393,58.777,59.262,263976.96
2026-08-17T14:00:00Z,59.262,59.502,58.832,59.499,229212.9
2026-08-17T15:00:00Z,59.499,59.57,59.092,59.275,207635.38
2026-08-17T16:00:00Z,59.276,59.294,59.027,59.163,66289.23
2026-08-17T17:00:00Z,59.163,59.192,58.69,58.956,152693.3
2026-08-17T18:00:00Z,58.955,59.264,58.925,59.026,103005.57
2026-08-17T19:00:00Z,59.026,59.071,58.784,58.941,60398.2
2026-08-17T20:00:00Z,58.936,58.941,58.36,58.709,202759.52
2026-08-17T21:00:00Z,58.708,58.995,58.647,58.936,76394.84
2026-08-17T22:00:00Z,58.936,59.157,58.835,59.039,90088.45
2026-08-17T23:00:00Z,59.04,59.448,59.034,59.416,111330.51
2026-08-18T00:00:00Z,59.416,59.62,59.386,59.57,107099.51
2026-08-18T01:00:00Z,59.57,59.609,59.055,59.115,198353.38
2026-08-18T02:00:00Z,59.115,59.336,59.026,59.175,65570.11
2026-08-18T03:00:00Z,59.175,59.394,58.958,59.351,91047.23
2026-08-18T04:00:00Z,59.351,59.357,59.06,59.244,37141.4
2026-08-18T05:00:00Z,59.246,59.567,58.837,59.091,143364.36
2026-08-18T06:00:00Z,59.091,60.25,58.963,59.942,437495.0
2026-08-18T07:00:00Z,59.942,60.478,59.574,59.619,324081.91
2026-08-18T08:00:00Z,59.623,59.669,59.167,59.581,205016.82
2026-08-18T09:00:00Z,59.58,59.7,59.305,59.605,160036.58
2026-08-18T10:00:00Z,59.605,59.904,59.586,59.79,120532.02
2026-08-18T11:00:00Z,59.79,59.952,59.722,59.827,93771.73
2026-08-18T12:00:00Z,59.826,59.897,59.19,59.285,166638.9
2026-08-18T13:00:00Z,59.284,59.543,59.091,59.184,244684.41
2026-08-18T14:00:00Z,59.182,59.811,58.975,59.112,257314.6
2026-08-18T15:00:00Z,59.113,59.548,59.067,59.342,130006.59
2026-08-18T16:00:00Z,59.348,59.379,58.24,58.776,496260.46
2026-08-18T17:00:00Z,58.775,58.795,58.232,58.632,167509.55
2026-08-18T18:00:00Z,58.632,58.749,58.502,58.691,90970.29
2026-08-18T19:00:00Z,58.691,59.043,58.659,58.889,139504.87
2026-08-18T20:00:00Z,58.91,59.098,58.493,58.539,141111.22
2026-08-18T21:00:00Z,58.539,58.691,58.479,58.691,59764.88
2026-08-18T22:00:00Z,58.69,58.813,58.312,58.371,121647.87
2026-08-18T23:00:00Z,58.38,58.643,58.246,58.477,110440.23
2026-08-19T00:00:00Z,58.483,58.673,58.15,58.504,172946.44
2026-08-19T01:00:00Z,58.514,58.818,58.502,58.502,115644.08
2026-08-19T02:00:00Z,58.502,58.503,58.191,58.371,66681.48
2026-08-19T03:00:00Z,58.377,58.467,58.202,58.37,67825.03
2026-08-19T04:00:00Z,58.37,58.544,58.321,58.523,35691.7
2026-08-19T05:00:00Z,58.522,58.664,58.183,58.21,69146.36
2026-08-19T06:00:00Z,58.209,58.558,58.0,58.433,116358.77
2026-08-19T07:00:00Z,58.434,58.472,58.112,58.128,77599.82
2026-08-19T08:00:00Z,58.128,58.489,58.076,58.272,70734.71
2026-08-19T09:00:00Z,58.267,58.439,58.192,58.221,63617.35
2026-08-19T10:00:00Z,58.228,58.49,58.123,58.488,52670.5
2026-08-19T11:00:00Z,58.488,58.939,58.456,58.706,159998.24
2026-08-19T12:00:00Z,58.705,59.333,58.65,59.252,216991.86
2026-08-19T13:00:00Z,59.251,59.412,58.573,58.623,330350.44
2026-08-19T14:00:00Z,58.621,59.927,58.589,59.853,389887.21
2026-08-19T15:00:00Z,59.866,61.844,59.617,61.83,2097429.2200000002
2026-08-19T16:00:00Z,61.83,62.639,61.517,61.944,1306783.46
2026-08-19T17:00:00Z,61.957,62.401,61.563,62.185,620080.14
2026-08-19T18:00:00Z,62.185,62.477,61.747,62.226,241525.76
2026-08-19T19:00:00Z,62.233,73.368,62.026,70.27,7704862.3899999997
2026-08-19T20:00:00Z,70.265,71.2,68.407,71.149,2046363.02
2026-08-19T21:00:00Z,71.149,72.69,69.9,71.365,2180248.8500000001
2026-08-19T22:00:00Z,71.375,71.939,70.27,70.877,1207166.5800000001
2026-08-19T23:00:00Z,70.878,71.279,69.0,69.748,1550797.1200000001
2026-08-20T00:00:00Z,69.726,71.056,69.0,69.734,930748.4300000001
2026-08-20T01:00:00Z,69.734,69.889,68.39,69.445,1074468.8100000001
2026-08-20T02:00:00Z,69.443,69.997,69.182,69.667,395929.3
2026-08-20T03:00:00Z,69.678,69.697,68.907,69.471,387006.51
2026-08-20T04:00:00Z,69.476,70.841,69.42,70.828,384010.95
2026-08-20T05:00:00Z,70.829,71.46,70.715,71.177,290122.53
2026-08-20T06:00:00Z,71.195,72.56,71.051,71.952,652404.84
2026-08-20T07:00:00Z,71.951,72.063,71.381,72.021,500329.64
2026-08-20T08:00:00Z,72.022,73.122,70.478,73.107,1640305.1799999999
2026-08-20T09:00:00Z,73.108,74.623,72.708,73.15,1333100.0800000001
2026-08-20T10:00:00Z,73.146,73.757,72.118,72.14,577151.58
2026-08-20T11:00:00Z,72.14,72.96,71.438,71.892,964534.46
2026-08-20T12:00:00Z,71.903,71.999,71.0,71.617,374682.94
2026-08-20T13:00:00Z,71.623,72.273,71.155,71.804,432425.77
2026-08-20T14:00:00Z,71.807,72.662,71.51,72.025,483792.97
2026-08-20T15:00:00Z,72.025,73.469,71.928,73.203,918379.8
2026-08-20T16:00:00Z,73.203,74.2,72.75,73.737,782032.0699999999
2026-08-20T17:00:00Z,73.736,74.353,73.067,73.671,691679.47
2026-08-20T18:00:00Z,73.67,73.797,71.631,72.098,941575.62
2026-08-20T19:00:00Z,72.097,73.0,72.097,72.559,251058.8
2026-08-20T20:00:00Z,72.559,73.954,72.559,73.912,233029.65
2026-08-20T21:00:00Z,73.913,74.957,73.779,74.896,673959.34
2026-08-20T22:00:00Z,74.896,75.0,73.513,73.601,559023.05
2026-08-20T23:00:00Z,73.601,74.36,73.552,73.773,478760.73
2026-08-21T00:00:00Z,73.775,74.539,73.362,73.443,790210.0
2026-08-21T01:00:00Z,73.44,75.101,73.331,74.619,555732.97
2026-08-21T02:00:00Z,74.619,74.93,73.691,73.691,503683.1
2026-08-21T03:00:00Z,73.692,73.883,71.15,72.24,1425776.1399999999
2026-08-21T04:00:00Z,72.25,72.953,72.036,72.62,196972.18
2026-08-21T05:00:00Z,72.619,73.258,72.323,73.068,233365.79
2026-08-21T06:00:00Z,73.072,73.454,72.45,72.9,285994.0
2026-08-21T07:00:00Z,72.899,74.0,72.747,73.8,406125.47
2026-08-21T08:00:00Z,73.801,76.1,73.529,75.779,1167322.4399999999
2026-08-21T09:00:00Z,75.787,75.86,73.068,74.188,1486899.96
2026-08-21T10:00:00Z,74.186,75.596,73.92,75.055,1102416.0900000001
2026-08-21T11:00:00Z,75.047,75.446,73.601,74.276,644444.8
2026-08-21T12:00:00Z,74.277,74.657,73.715,74.222,715447.61
2026-08-21T13:00:00Z,74.225,77.891,74.2,76.863,2501690.5899999999
2026-08-21T14:00:00Z,76.896,77.752,75.15,77.65,1358721.1200000001
2026-08-21T15:00:00Z,77.649,77.692,76.47,76.697,870952.88
2026-08-21T16:00:00Z,76.698,76.842,75.894,76.499,478070.18
2026-08-21T17:00:00Z,76.503,76.717,74.417,75.135,890182.17
2026-08-21T18:00:00Z,75.137,75.545,74.07,74.566,787186.6800000001
2026-08-21T19:00:00Z,74.565,75.16,73.95,74.944,598100.38
2026-08-21T20:00:00Z,74.945,75.823,74.84,75.704,355816.21
2026-08-21T21:00:00Z,75.705,77.08,75.608,77.078,813264.16
2026-08-21T22:00:00Z,77.078,77.193,74.994,76.181,1262298.01
2026-08-21T23:00:00Z,76.185,76.472,75.021,75.555,724636.28
2026-08-22T00:00:00Z,75.563,76.215,74.615,75.991,430192.54
2026-08-22T01:00:00Z,76.002,76.76,75.621,76.597,293698.08
2026-08-22T02:00:00Z,76.597,81.0,76.543,80.718,2017913.22
2026-08-22T03:00:00Z,80.736,82.535,80.271,82.147,1271483.6299999999
2026-08-22T04:00:00Z,82.142,82.464,80.698,81.2,966992.51
2026-08-22T05:00:00Z,81.194,81.77,72.521,79.282,3137210.3599999999
2026-08-22T06:00:00Z,79.319,80.75,78.351,80.401,605317.47
2026-08-22T07:00:00Z,80.413,80.79,78.798,78.826,482826.29
2026-08-22T08:00:00Z,78.825,79.239,76.813,77.165,647953.41
2026-08-22T09:00:00Z,77.165,78.393,76.035,78.086,637936.3
2026-08-22T10:00:00Z,78.088,78.187,75.111,76.982,764822.3100000001
2026-08-22T11:00:00Z,76.982,78.035,76.169,77.939,265828.41
2026-08-22T12:00:00Z,77.948,78.71,77.485,77.579,381492.38
2026-08-22T13:00:00Z,77.583,78.145,77.14,77.933,313219.8
2026-08-22T14:00:00Z,77.932,78.047,77.091,77.503,300828.16
2026-08-22T15:00:00Z,77.51,78.22,77.141,77.465,182763.8
2026-08-22T16:00:00Z,77.467,78.385,77.272,78.164,348488.43
2026-08-22T17:00:00Z,78.165,79.689,77.804,79.17,395117.54
2026-08-22T18:00:00Z,79.17,79.65,78.5,79.044,161295.72
2026-08-22T19:00:00Z,79.044,79.539,78.797,79.253,130564.25
2026-08-22T20:00:00Z,79.253,79.947,78.988,79.274,290481.26
2026-08-22T21:00:00Z,79.25,79.25,78.042,78.217,345811.26
2026-08-22T22:00:00Z,78.218,79.838,77.927,79.002,438646.37
2026-08-22T23:00:00Z,78.969,80.0,78.482,79.408,311593.9
2026-08-23T00:00:00Z,79.411,81.099,79.01,80.592,515647.52
2026-08-23T01:00:00Z,80.592,81.164,79.646,80.157,502983.64
2026-08-23T02:00:00Z,80.157,80.249,78.613,78.88,354220.11
2026-08-23T03:00:00Z,78.885,78.977,77.49,77.98,333028.67
2026-08-23T04:00:00Z,77.981,78.584,77.007,77.474,454664.52
2026-08-23T05:00:00Z,77.46,78.864,77.342,77.806,254950.42
2026-08-23T06:00:00Z,77.802,78.892,77.3,78.282,403339.62
2026-08-23T07:00:00Z,78.282,79.1,78.168,78.786,239070.2
2026-08-23T08:00:00Z,78.787,79.394,78.651,79.228,281561.82
2026-08-23T09:00:00Z,79.228,79.397,78.751,78.949,140464.6
2026-08-23T10:00:00Z,78.948,79.455,78.888,79.437,165182.96
2026-08-23T11:00:00Z,79.437,81.21,79.372,80.575,566485.1899999999
2026-08-23T12:00:00Z,80.571,80.885,79.876,80.684,280524.25
2026-08-23T13:00:00Z,80.671,81.611,79.395,80.594,732145.28
2026-08-23T14:00:00Z,80.582,80.8,78.371,79.565,538855.7
2026-08-23T15:00:00Z,79.562,79.844,79.087,79.704,353832.78
2026-08-23T16:00:00Z,79.704,80.747,79.36,80.225,386390.48
2026-08-23T17:00:00Z,80.226,80.592,79.71,79.949,171852.01
2026-08-23T18:00:00Z,79.949,81.279,79.89,81.129,420570.81
2026-08-23T19:00:00Z,81.129,81.306,80.636,81.016,254768.58
2026-08-23T20:00:00Z,81.017,81.11,80.56,80.899,262008.16
2026-08-23T21:00:00Z,80.9,82.479,80.899,82.1,586902.0699999999
2026-08-23T22:00:00Z,82.1,83.257,81.641,82.543,538446.03
2026-08-23T23:00:00Z,82.543,83.464,81.795,82.369,511605.02
2026-08-24T00:00:00Z,82.37,82.376,80.772,81.697,439413.36
2026-08-24T01:00:00Z,81.699,81.923,80.042,80.13,296513.75
2026-08-24T02:00:00Z,80.142,81.271,79.8,80.945,276359.5
2026-08-24T03:00:00Z,80.952,81.0,79.205,79.507,369340.55
2026-08-24T04:00:00Z,79.496,80.518,79.495,79.927,269772.21
2026-08-24T05:00:00Z,79.927,80.483,79.263,79.63,414144.97
2026-08-24T06:00:00Z,79.63,79.908,78.989,79.741,206222.6
2026-08-24T07:00:00Z,79.757,80.376,79.404,79.528,142447.15
2026-08-24T08:00:00Z,79.522,79.529,76.98,77.878,1158582.1200000001
2026-08-24T09:00:00Z,77.879,78.592,77.841,78.541,184052.88
2026-08-24T10:00:00Z,78.541,79.061,78.37,78.415,202627.17
2026-08-24T11:00:00Z,78.409,80.39,78.035,80.205,534706.24
2026-08-24T12:00:00Z,80.205,80.979,79.491,80.496,482731.04
2026-08-24T13:00:00Z,80.496,80.999,78.202,78.852,1051186.3400000001
2026-08-24T14:00:00Z,78.853,80.53,78.782,79.383,822466.91
2026-08-24T15:00:00Z,79.383,80.128,78.108,78.489,590306.02
2026-08-24T16:00:00Z,78.489,79.391,78.305,78.345,223198.04
2026-08-24T17:00:00Z,78.346,78.939,76.594,77.54,1058617.1100000001
2026-08-24T18:00:00Z,77.54,77.888,76.925,77.661,306908.23
2026-08-24T19:00:00Z,77.661,77.869,77.295,77.757,232134.21
2026-08-24T20:00:00Z,77.751,78.188,77.45,78.148,206142.22
2026-08-24T21:00:00Z,78.148,78.436,77.7,77.957,265720.59
2026-08-24T22:00:00Z,77.96,78.352,77.734,77.755,85755.28
2026-08-24T23:00:00Z,77.761,79.019,77.658,79.013,273715.56
2026-08-25T00:00:00Z,79.009,79.784,78.17,79.756,376277.94
2026-08-25T01:00:00Z,79.759,80.048,79.041,79.934,404689.68
2026-08-25T02:00:00Z,79.966,80.9,79.623,80.656,797228.0699999999
2026-08-25T03:00:00Z,80.657,81.337,80.054,80.736,991986.86
2026-08-25T04:00:00Z,80.735,81.273,80.6,81.034,368807.02
2026-08-25T05:00:00Z,81.021,81.348,80.622,80.682,184390.93
2026-08-25T06:00:00Z,80.683,81.239,80.596,80.822,170004.14
2026-08-25T07:00:00Z,80.823,81.845,80.2,81.075,365444.76
2026-08-25T08:00:00Z,81.08,81.968,80.7,81.248,470345.03
2026-08-25T09:00:00Z,81.249,82.0,80.68,80.95,469452.98
2026-08-25T10:00:00Z,80.949,81.324,80.471,80.859,310562.4
2026-08-25T11:00:00Z,80.859,81.1,79.623,79.845,430043.71
2026-08-25T12:00:00Z,79.845,80.326,79.318,79.911,343500.38
2026-08-25T13:00:00Z,79.91,80.327,78.828,80.161,499413.91
2026-08-25T14:00:00Z,80.149,81.536,79.889,80.883,624924.3100000001
2026-08-25T15:00:00Z,80.882,81.665,80.382,81.597,409181.22
2026-08-25T16:00:00Z,81.606,81.9,80.973,81.582,427306.4
2026-08-25T17:00:00Z,81.582,81.75,81.051,81.599,280771.16
2026-08-25T18:00:00Z,81.599,82.869,81.57,82.324,812991.8
2026-08-25T19:00:00Z,82.324,83.253,80.768,81.743,901762.16
2026-08-25T20:00:00Z,81.744,81.77,78.451,78.472,710652.79
2026-08-25T21:00:00Z,78.461,79.75,78.293,79.607,706335.35
2026-08-25T22:00:00Z,79.607,80.366,79.472,80.167,290270.35
2026-08-25T23:00:00Z,80.165,80.392,78.927,79.652,291240.61
2026-08-26T00:00:00Z,79.653,80.767,79.433,80.552,384051.45
2026-08-26T01:00:00Z,80.553,81.538,80.486,81.387,248991.66
2026-08-26T02:00:00Z,81.38,82.0,81.057,81.842,230088.33
2026-08-26T03:00:00Z,81.843,81.994,81.386,81.652,169568.91
2026-08-26T04:00:00Z,81.653,82.25,81.578,82.074,236329.83
2026-08-26T05:00:00Z,82.07,83.055,81.495,82.458,445994.94
2026-08-26T06:00:00Z,82.463,82.633,81.706,81.977,184034.99
2026-08-26T07:00:00Z,81.978,82.455,81.664,81.93,162255.48
2026-08-26T08:00:00Z,81.93,82.63,81.567,81.961,174369.51
2026-08-26T09:00:00Z,81.962,82.158,81.242,81.919,145898.16
2026-08-26T10:00:00Z,81.92,83.734,81.746,83.148,550253.4
2026-08-26T11:00:00Z,83.149,83.568,81.42,81.827,644543.41
2026-08-26T12:00:00Z,81.828,82.748,81.111,81.881,737093.03
2026-08-26T13:00:00Z,81.892,82.114,80.561,81.644,715684.74
2026-08-26T14:00:00Z,81.64,82.457,80.853,81.141,753635.3
2026-08-26T15:00:00Z,81.14,81.426,80.357,80.452,313089.03
2026-08-26T16:00:00Z,80.452,80.931,79.441,79.652,642046.0600000001
2026-08-26T17:00:00Z,79.653,81.184,79.468,80.735,369538.21
2026-08-26T18:00:00Z,80.746,81.24,80.422,81.026,144562.62
2026-08-26T19:00:00Z,81.026,81.384,80.719,81.096,153156.67
2026-08-26T20:00:00Z,81.102,81.48,80.01,80.409,432398.73
2026-08-26T21:00:00Z,80.409,82.279,80.389,82.138,711870.6899999999
2026-08-26T22:00:00Z,82.134,82.95,81.158,81.353,867873.74
2026-08-26T23:00:00Z,81.348,82.543,81.31,82.282,262835.09
2026-08-27T00:00:00Z,82.296,82.305,81.158,81.17,254776.98
2026-08-27T01:00:00Z,81.17,82.139,81.114,81.793,198602.81
2026-08-27T02:00:00Z,81.793,82.23,80.798,81.062,384247.37
2026-08-27T03:00:00Z,81.062,81.415,80.627,80.756,232596.23
2026-08-27T04:00:00Z,80.756,81.106,80.5,80.707,106544.57
2026-08-27T05:00:00Z,80.707,81.8,80.579,81.592,131085.07
2026-08-27T06:00:00Z,81.592,81.662,80.899,81.621,168293.69
2026-08-27T07:00:00Z,81.621,81.833,81.276,81.733,126222.91
2026-08-27T08:00:00Z,81.733,82.49,81.357,82.488,434641.78
2026-08-27T09:00:00Z,82.487,83.86,82.256,83.056,720350.58
2026-08-27T10:00:00Z,83.056,83.68,81.888,82.252,888710.45
2026-08-27T11:00:00Z,82.262,82.831,81.597,82.042,309441.25
2026-08-27T12:00:00Z,82.042,82.503,82.01,82.271,176204.11
2026-08-27T13:00:00Z,82.271,82.987,82.01,82.915,499079.24
2026-08-27T14:00:00Z,82.91,84.8,82.119,84.191,1605176.8400000001
2026-08-27T15:00:00Z,84.185,85.5,84.0,84.634,1161267.45
2026-08-27T16:00:00Z,84.633,85.46,83.733,84.687,674274.83
2026-08-27T17:00:00Z,84.682,86.41,84.496,85.67,858409.1899999999
2026-08-27T18:00:00Z,85.663,86.341,84.7,86.311,565265.4300000001
2026-08-27T19:00:00Z,86.311,86.727,84.819,84.819,714061.1800000001
2026-08-27T20:00:00Z,84.835,85.469,84.291,85.339,409819.93
2026-08-27T21:00:00Z,85.339,85.37,84.173,84.746,339913.22
2026-08-27T22:00:00Z,84.748,85.34,84.494,84.926,174427.51
2026-08-27T23:00:00Z,84.925,85.256,84.566,84.641,108694.45
2026-08-28T00:00:00Z,84.641,84.65,83.812,84.117,227459.32
2026-08-28T01:00:00Z,84.129,85.035,83.8,83.949,282617.1
2026-08-28T02:00:00Z,83.949,84.082,83.271,83.328,295739.3
2026-08-28T03:00:00Z,83.329,83.793,83.063,83.628,159883.59
2026-08-28T04:00:00Z,83.628,83.822,82.891,83.247,208125.78
2026-08-28T05:00:00Z,83.246,83.425,82.857,83.013,148724.04
2026-08-28T06:00:00Z,83.013,83.697,82.986,83.573,127129.64
2026-08-28T07:00:00Z,83.573,84.233,83.115,84.061,195759.53
2026-08-28T08:00:00Z,84.046,84.777,83.21,83.369,263413.16
2026-08-28T09:00:00Z,83.369,83.375,82.394,82.693,378168.99
2026-08-28T10:00:00Z,82.693,83.579,82.26,83.444,274248.96
2026-08-28T11:00:00Z,83.452,83.658,82.927,82.997,141571.68
2026-08-28T12:00:00Z,82.992,83.279,82.62,83.033,181662.78
2026-08-28T13:00:00Z,83.034,84.33,82.985,84.0,539152.1
2026-08-28T14:00:00Z,84.041,85.188,82.527,84.729,1156148.1599999999
2026-08-28T15:00:00Z,84.74,85.1,81.208,81.737,1064798.4099999999
2026-08-28T16:00:00Z,81.71,82.11,80.063,81.535,1414802.55
2026-08-28T17:00:00Z,81.534,82.186,80.576,80.759,592350.28
2026-08-28T18:00:00Z,80.788,80.903,78.348,79.265,1747413.3100000001
2026-08-28T19:00:00Z,79.266,80.138,79.144,79.621,580172.08
2026-08-28T20:00:00Z,79.633,80.5,79.382,79.808,463194.11
2026-08-28T21:00:00Z,79.811,80.766,79.516,79.825,199161.41
2026-08-28T22:00:00Z,79.824,81.222,79.805,81.094,272403.82
2026-08-28T23:00:00Z,81.105,81.19,80.698,80.942,127342.36
2026-08-29T00:00:00Z,80.941,81.228,80.098,80.142,219043.96
2026-08-29T01:00:00Z,80.142,80.5,80.065,80.5,110696.93
2026-08-29T02:00:00Z,80.5,80.821,80.135,80.725,58888.45
2026-08-29T03:00:00Z,80.725,82.2,80.704,81.532,399687.76
2026-08-29T04:00:00Z,81.533,82.1,81.389,81.836,198475.86
2026-08-29T05:00:00Z,81.845,82.153,81.74,81.892,78912.73
2026-08-29T06:00:00Z,81.9,81.924,80.801,81.396,328939.99
2026-08-29T07:00:00Z,81.396,81.784,81.138,81.376,102938.79
2026-08-29T08:00:00Z,81.376,81.435,80.957,81.212,114306.91
2026-08-29T09:00:00Z,81.213,81.648,81.001,81.349,162563.03
2026-08-29T10:00:00Z,81.344,81.453,81.001,81.256,115734.93
2026-08-29T11:00:00Z,81.256,81.439,80.845,80.869,77020.71
2026-08-29T12:00:00Z,80.87,81.474,80.869,81.439,79088.21
2026-08-29T13:00:00Z,81.439,81.976,81.254,81.885,105744.87
2026-08-29T14:00:00Z,81.887,82.833,81.692,82.725,324435.96
2026-08-29T15:00:00Z,82.737,83.198,82.466,82.97,283699.6
2026-08-29T16:00:00Z,82.97,83.557,82.88,82.989,329705.98
2026-08-29T17:00:00Z,82.99,83.349,82.743,83.188,142366.19
2026-08-29T18:00:00Z,83.187,83.29,82.534,83.147,144372.78
2026-08-29T19:00:00Z,83.148,83.24,82.65,82.84,119462.26
2026-08-29T20:00:00Z,82.84,82.956,82.747,82.782,95334.34
2026-08-29T21:00:00Z,82.782,83.461,82.659,83.154,108456.54
2026-08-29T22:00:00Z,83.153,83.563,83.09,83.47,134477.11
2026-08-29T23:00:00Z,83.471,83.53,83.075,83.382,106752.19
2026-08-30T00:00:00Z,83.38,83.458,83.01,83.185,88910.22
2026-08-30T01:00:00Z,83.184,83.462,83.016,83.312,91539.75
2026-08-30T02:00:00Z,83.318,83.376,82.891,82.959,69783.87
2026-08-30T03:00:00Z,82.958,83.16,82.776,82.818,57463.16
2026-08-30T04:00:00Z,82.817,83.099,82.482,82.869,66582.27
2026-08-30T05:00:00Z,82.853,83.279,82.83,83.14,46756.21
2026-08-30T06:00:00Z,83.14,83.45,82.968,83.385,48484.22
2026-08-30T07:00:00Z,83.386,83.39,82.654,82.875,101173.94
2026-08-30T08:00:00Z,82.882,83.923,82.847,83.391,148271.82
2026-08-30T09:00:00Z,83.391,83.605,83.047,83.263,70386.4
2026-08-30T10:00:00Z,83.252,83.591,83.169,83.512,38761.93
2026-08-30T11:00:00Z,83.513,83.6,83.227,83.596,46444.08
2026-08-30T12:00:00Z,83.597,83.896,83.213,83.79,116510.36
2026-08-30T13:00:00Z,83.786,83.994,83.509,83.908,83744.66
2026-08-30T14:00:00Z,83.908,84.155,83.326,83.543,212765.11
2026-08-30T15:00:00Z,83.543,83.785,83.053,83.184,95456.13
2026-08-30T16:00:00Z,83.184,83.93,83.157,83.928,180560.56
2026-08-30T17:00:00Z,83.928,84.064,82.544,83.323,530475.96
2026-08-30T18:00:00Z,83.33,83.599,82.963,83.356,104763.92
2026-08-30T19:00:00Z,83.356,83.439,82.542,82.693,131834.12
2026-08-30T20:00:00Z,82.69,82.816,81.571,81.694,341530.26
2026-08-30T21:00:00Z,81.694,82.261,81.317,81.87,276298.47
2026-08-30T22:00:00Z,81.875,82.135,80.62,80.824,505968.37
2026-08-30T23:00:00Z,80.824,80.824,79.017,79.992,1046864.15
2026-08-31T00:00:00Z,79.986,80.667,79.519,80.178,317015.17
2026-08-31T01:00:00Z,80.178,80.388,79.88,80.001,190360.52
2026-08-31T02:00:00Z,80.001,80.942,79.748,80.005,231136.78
2026-08-31T03:00:00Z,80.006,80.622,79.877,80.352,156461.22
2026-08-31T04:00:00Z,80.353,80.353,79.941,80.218,79978.16
2026-08-31T05:00:00Z,80.22,81.197,80.157,81.095,195505.75
2026-08-31T06:00:00Z,81.094,81.094,80.748,80.9,62113.35
2026-08-31T07:00:00Z,80.898,81.327,80.769,81.178,89878.6
2026-08-31T08:00:00Z,81.179,81.505,80.953,81.337,103952.85
2026-08-31T09:00:00Z,81.338,81.535,81.13,81.274,95486.32
2026-08-31T10:00:00Z,81.283,82.13,81.162,81.764,153098.59
2026-08-31T11:00:00Z,81.766,82.063,81.523,81.786,106512.45
2026-08-31T12:00:00Z,81.787,82.06,80.861,81.139,199383.96
2026-08-31T13:00:00Z,81.139,81.565,80.476,80.578,293476.21
2026-08-31T14:00:00Z,80.58,81.806,80.58,81.572,210361.17
2026-08-31T15:00:00Z,81.572,82.531,81.225,82.118,370280.78
2026-08-31T16:00:00Z,82.119,85.001,81.619,83.829,1557639.1699999999
2026-08-31T17:00:00Z,83.803,84.505,83.533,84.049,521458.96
2026-08-31T18:00:00Z,84.058,84.8,83.761,83.873,363384.24
2026-08-31T19:00:00Z,83.874,84.107,83.43,83.632,394081.58
2026-08-31T20:00:00Z,83.64,84.782,83.617,84.68,340900.78
2026-08-31T21:00:00Z,84.682,85.401,84.3,84.864,421207.16
2026-08-31T22:00:00Z,84.865,85.28,84.385,84.41,192485.14
2026-08-31T23:00:00Z,84.409,84.436,83.906,84.171,141704.81
2026-09-01T00:00:00Z,84.171,84.599,83.924,84.097,122557.85
2026-09-01T01:00:00Z,84.098,84.283,83.6,84.243,143128.4
2026-09-01T02:00:00Z,84.242,84.283,83.637,83.961,113961.15
2026-09-01T03:00:00Z,83.961,84.52,83.7,84.315,92494.99
2026-09-01T04:00:00Z,84.315,84.499,83.832,83.948,68710.48
2026-09-01T05:00:00Z,83.949,84.464,83.913,84.425,83819.26
2026-09-01T06:00:00Z,84.411,84.473,84.041,84.054,95670.0
2026-09-01T07:00:00Z,84.066,84.195,83.273,83.474,233777.67
2026-09-01T08:00:00Z,83.474,83.576,82.645,83.015,324739.78
2026-09-01T09:00:00Z,83.015,83.538,82.9,83.024,149019.01
2026-09-01T10:00:00Z,83.024,83.8,82.7,83.482,191980.39
2026-09-01T11:00:00Z,83.487,84.014,83.292,83.882,148407.12
2026-09-01T12:00:00Z,83.882,83.882,82.655,83.158,193770.38
2026-09-01T13:00:00Z,83.159,83.894,82.95,83.64,292207.51
2026-09-01T14:00:00Z,83.64,84.467,83.496,83.831,328912.63
2026-09-01T15:00:00Z,83.838,83.855,83.11,83.236,224341.35
2026-09-01T16:00:00Z,83.233,83.316,81.922,82.326,631466.29
2026-09-01T17:00:00Z,82.325,82.449,81.512,81.706,435875.91
2026-09-01T18:00:00Z,81.71,81.896,80.56,81.552,790300.92
2026-09-01T19:00:00Z,81.552,82.759,81.365,82.681,377888.13
2026-09-01T20:00:00Z,82.682,82.965,82.26,82.537,211178.2
2026-09-01T21:00:00Z,82.536,82.792,81.739,82.34,176936.04
2026-09-01T22:00:00Z,82.352,82.579,81.959,82.432,129382.84
2026-09-01T23:00:00Z,82.423,82.83,82.363,82.737,63847.77
2026-09-02T00:00:00Z,82.752,83.192,82.485,82.499,279029.81
2026-09-02T01:00:00Z,82.512,82.81,81.915,81.95,182591.78
2026-09-02T02:00:00Z,81.951,83.15,81.725,82.929,278124.31
2026-09-02T03:00:00Z,82.929,83.388,82.858,82.915,147184.87
2026-09-02T04:00:00Z,82.914,83.115,82.569,83.081,73553.94
2026-09-02T05:00:00Z,83.08,83.678,82.883,83.678,104411.82
2026-09-02T06:00:00Z,83.677,83.696,82.837,83.163,172388.55
2026-09-02T07:00:00Z,83.166,83.399,82.246,82.289,135148.4
2026-09-02T08:00:00Z,82.288,82.459,81.251,81.476,229685.71
2026-09-02T09:00:00Z,81.468,81.74,81.021,81.253,129560.22
2026-09-02T10:00:00Z,81.252,81.381,80.736,81.31,199499.92
2026-09-02T11:00:00Z,81.304,81.304,80.159,81.204,356069.81
2026-09-02T12:00:00Z,81.205,81.631,80.92,80.98,196039.36
2026-09-02T13:00:00Z,80.982,81.663,80.715,81.384,398232.99
2026-09-02T14:00:00Z,81.389,81.88,80.927,80.946,264234.07
2026-09-02T15:00:00Z,80.946,81.776,80.424,81.649,382655.56
2026-09-02T16:00:00Z,81.646,81.978,81.335,81.409,175637.23
2026-09-02T17:00:00Z,81.41,81.845,80.981,81.737,109263.39
2026-09-02T18:00:00Z,81.737,81.885,81.156,81.647,93070.01
2026-09-02T19:00:00Z,81.648,81.752,80.76,81.056,155833.49
2026-09-02T20:00:00Z,81.052,81.597,80.92,81.464,102877.96
2026-09-02T21:00:00Z,81.464,81.879,81.366,81.626,59841.06
2026-09-02T22:00:00Z,81.626,81.671,81.006,81.235,93688.98
2026-09-02T23:00:00Z,81.235,81.962,81.132,81.9,115808.77
2026-09-03T00:00:00Z,81.9,82.058,81.225,81.288,97138.28
2026-09-03T01:00:00Z,81.288,81.945,81.06,81.628,82106.51
2026-09-03T02:00:00Z,81.628,82.443,81.478,82.294,160107.8
2026-09-03T03:00:00Z,82.297,82.432,81.951,82.292,51650.31
2026-09-03T04:00:00Z,82.291,82.49,82.062,82.468,49089.55
2026-09-03T05:00:00Z,82.472,82.618,81.5,82.137,114936.0
2026-09-03T06:00:00Z,82.133,82.234,81.935,82.075,57310.88
2026-09-03T07:00:00Z,82.063,82.395,81.819,81.958,62788.29
2026-09-03T08:00:00Z,81.969,82.319,81.815,81.972,49855.59
2026-09-03T09:00:00Z,81.973,82.15,81.663,81.702,63213.01
2026-09-03T10:00:00Z,81.702,81.854,81.132,81.509,99986.38
2026-09-03T11:00:00Z,81.511,82.15,81.48,82.11,101567.61
2026-09-03T12:00:00Z,82.11,82.825,81.891,82.743,195023.05
2026-09-03T13:00:00Z,82.744,83.251,82.419,82.941,360652.99
2026-09-03T14:00:00Z,82.941,83.957,82.701,83.908,547554.39
2026-09-03T15:00:00Z,83.915,84.646,83.39,84.464,1482903.22
2026-09-03T16:00:00Z,84.479,84.573,82.974,84.034,1080602.5
2026-09-03T17:00:00Z,84.035,84.35,83.799,83.983,184129.99
2026-09-03T18:00:00Z,83.983,84.5,83.701,84.456,206570.66
2026-09-03T19:00:00Z,84.456,86.142,84.212,85.78,983173.4
2026-09-03T20:00:00Z,85.789,86.4,85.165,85.333,564091.3199999999
2026-09-03T21:00:00Z,85.303,85.7,85.01,85.4,194537.06
2026-09-03T22:00:00Z,85.405,86.064,85.242,85.851,187470.73
2026-09-03T23:00:00Z,85.851,88.199,85.77,87.486,932198.15
2026-09-04T00:00:00Z,87.478,87.883,86.463,86.496,474589.52
2026-09-04T01:00:00Z,86.496,87.499,86.388,87.227,176312.05
2026-09-04T02:00:00Z,87.24,87.591,86.7,87.06,122339.14
2026-09-04T03:00:00Z,87.063,87.513,86.878,87.241,69652.3
2026-09-04T04:00:00Z,87.241,87.326,86.437,86.482,107686.66
2026-09-04T05:00:00Z,86.482,86.694,85.538,86.241,201195.61
2026-09-04T06:00:00Z,86.203,86.244,85.678,86.043,130984.14
2026-09-04T07:00:00Z,86.042,86.706,85.849,86.284,163092.95
2026-09-04T08:00:00Z,86.298,86.975,85.718,86.919,165350.24
2026-09-04T09:00:00Z,86.932,87.15,86.486,86.96,153900.43
2026-09-04T10:00:00Z,86.959,87.3,86.525,87.059,183940.23
2026-09-04T11:00:00Z,87.058,87.25,86.906,87.25,97066.21
2026-09-04T12:00:00Z,87.25,87.442,84.523,85.557,973762.17
2026-09-04T13:00:00Z,85.553,85.952,84.654,85.08,619871.28
2026-09-04T14:00:00Z,85.073,85.4,83.502,83.734,756904.3199999999
2026-09-04T15:00:00Z,83.734,84.873,83.5,84.727,383225.28
2026-09-04T16:00:00Z,84.72,85.527,84.574,85.114,340989.16
2026-09-04T17:00:00Z,85.113,85.539,84.883,84.97,129936.58
2026-09-04T18:00:00Z,84.965,85.391,84.745,85.12,134965.65
2026-09-04T19:00:00Z,85.159,85.442,84.821,84.861,144022.5
2026-09-04T20:00:00Z,84.86,85.114,84.238,84.328,224853.61
2026-09-04T21:00:00Z,84.328,84.405,83.385,83.919,296444.22
2026-09-04T22:00:00Z,83.919,84.233,83.699,83.848,110632.43
2026-09-04T23:00:00Z,83.848,84.558,83.836,84.452,103797.98
2026-09-05T00:00:00Z,84.451,84.642,84.303,84.363,37458.33
2026-09-05T01:00:00Z,84.367,84.414,83.99,84.062,67230.37
2026-09-05T02:00:00Z,84.049,84.236,83.959,84.11,41313.11
2026-09-05T03:00:00Z,84.11,84.188,83.777,83.954,48616.36
2026-09-05T04:00:00Z,83.953,84.072,83.725,83.962,64985.36
2026-09-05T05:00:00Z,83.975,84.323,83.667,84.161,96747.05
2026-09-05T06:00:00Z,84.161,84.425,83.939,84.3,76323.69
2026-09-05T07:00:00Z,84.3,84.719,84.256,84.575,79564.48
2026-09-05T08:00:00Z,84.575,84.794,84.405,84.756,74275.63
2026-09-05T09:00:00Z,84.756,84.894,84.66,84.873,40365.78
2026-09-05T10:00:00Z,84.88,84.894,84.597,84.623,56009.79
2026-09-05T11:00:00Z,84.624,85.037,84.624,84.857,73901.89
2026-09-05T12:00:00Z,84.857,85.268,84.75,85.23,103607.64
2026-09-05T13:00:00Z,85.23,85.717,85.026,85.153,223295.75
2026-09-05T14:00:00Z,85.139,85.441,85.072,85.191,56179.91
2026-09-05T15:00:00Z,85.191,85.672,85.027,85.433,129905.38
2026-09-05T16:00:00Z,85.433,86.174,85.364,86.05,155233.2
2026-09-05T17:00:00Z,86.051,86.151,85.408,85.722,101928.39
2026-09-05T18:00:00Z,85.722,85.871,85.509,85.835,55047.4
2026-09-05T19:00:00Z,85.835,86.165,85.306,85.392,126967.03
2026-09-05T20:00:00Z,85.392,85.704,85.175,85.268,110735.02
2026-09-05T21:00:00Z,85.268,85.989,85.212,85.564,70584.77
2026-09-05T22:00:00Z,85.564,85.741,85.296,85.388,37067.83
2026-09-05T23:00:00Z,85.387,85.495,85.128,85.428,40900.34
2026-09-06T00:00:00Z,85.427,85.648,85.318,85.416,50722.98
2026-09-06T01:00:00Z,85.413,86.393,84.497,85.368,411597.59
2026-09-06T02:00:00Z,85.381,85.658,85.048,85.549,106212.55
2026-09-06T03:00:00Z,85.549,86.133,85.549,85.887,64223.92
2026-09-06T04:00:00Z,85.886,86.7,85.789,86.634,122401.06
2026-09-06T05:00:00Z,86.634,87.32,86.462,86.77,293693.44
2026-09-06T06:00:00Z,86.77,86.793,86.124,86.302,107339.77
2026-09-06T07:00:00Z,86.302,86.701,85.87,86.559,170516.82
2026-09-06T08:00:00Z,86.559,87.137,86.376,86.656,188615.43
2026-09-06T09:00:00Z,86.656,87.873,86.656,87.811,257639.65
2026-09-06T10:00:00Z,87.812,87.987,87.514,87.898,133149.04
2026-09-06T11:00:00Z,87.894,88.727,87.597,88.525,251285.96
2026-09-06T12:00:00Z,88.524,89.604,88.115,89.175,483695.74
2026-09-06T13:00:00Z,89.174,89.433,88.5,89.427,293799.86
2026-09-06T14:00:00Z,89.425,89.45,88.1,88.96,459927.87
2026-09-06T15:00:00Z,88.96,89.45,88.289,88.41,279423.5
2026-09-06T16:00:00Z,88.411,88.515,87.473,87.992,340569.77
2026-09-06T17:00:00Z,87.992,88.306,87.546,88.151,161975.68
2026-09-06T18:00:00Z,88.152,88.255,87.416,87.651,107075.39
2026-09-06T19:00:00Z,87.663,87.754,87.096,87.28,127055.14
2026-09-06T20:00:00Z,87.283,88.306,87.069,88.182,144940.97
2026-09-06T21:00:00Z,88.179,88.465,87.464,87.731,197034.82
2026-09-06T22:00:00Z,87.742,87.827,86.521,87.367,304626.42
2026-09-06T23:00:00Z,87.367,88.035,87.267,87.943,129525.03
2026-09-07T00:00:00Z,87.956,88.067,87.452,87.643,55367.73
2026-09-07T01:00:00Z,87.635,87.725,86.493,86.799,198915.7
2026-09-07T02:00:00Z,86.8,87.711,86.476,86.964,109271.37
2026-09-07T03:00:00Z,86.959,86.975,86.117,86.293,173111.11
2026-09-07T04:00:00Z,86.292,86.374,86.0,86.267,80012.46
2026-09-07T05:00:00Z,86.267,86.817,86.175,86.613,96850.58
2026-09-07T06:00:00Z,86.603,86.957,86.551,86.911,80755.82
2026-09-07T07:00:00Z,86.912,86.995,86.075,86.338,74784.63
2026-09-07T08:00:00Z,86.349,86.873,86.32,86.835,43619.01
2026-09-07T09:00:00Z,86.834,87.5,86.751,87.239,156230.7
2026-09-07T10:00:00Z,87.24,87.879,87.239,87.796,99146.52
2026-09-07T11:00:00Z,87.796,87.99,87.51,87.804,48991.19
2026-09-07T12:00:00Z,87.805,88.308,87.791,88.058,123640.61
2026-09-07T13:00:00Z,88.05,88.253,87.312,87.503,139541.14
2026-09-07T14:00:00Z,87.504,87.795,86.281,86.799,304324.83
2026-09-07T15:00:00Z,86.799,86.849,84.698,85.16,631279.73
2026-09-07T16:00:00Z,85.167,85.722,85.167,85.462,206625.82
2026-09-07T17:00:00Z,85.472,85.718,85.0,85.027,173978.26
2026-09-07T18:00:00Z,85.024,85.378,84.833,85.083,152324.7
2026-09-07T19:00:00Z,85.081,85.739,84.85,85.7,112108.71
2026-09-07T20:00:00Z,85.7,85.808,85.279,85.294,76789.17
2026-09-07T21:00:00Z,85.296,85.424,85.138,85.204,37560.79
2026-09-07T22:00:00Z,85.204,85.31,84.639,85.069,86636.29
2026-09-07T23:00:00Z,85.076,85.469,85.048,85.176,73471.15
2026-09-08T00:00:00Z,85.185,85.266,84.592,85.228,122633.17
2026-09-08T01:00:00Z,85.228,85.479,84.923,85.42,69327.69
2026-09-08T02:00:00Z,85.42,85.514,84.1,84.155,199090.16
2026-09-08T03:00:00Z,84.155,84.279,83.856,84.067,188790.52
2026-09-08T04:00:00Z,84.066,84.374,83.876,84.239,160960.67
2026-09-08T05:00:00Z,84.239,84.48,84.049,84.06,72157.29
2026-09-08T06:00:00Z,84.06,84.271,83.175,83.854,368137.64
2026-09-08T07:00:00Z,83.854,84.306,83.808,84.113,129591.11
2026-09-08T08:00:00Z,84.113,84.427,83.748,84.036,104254.68
2026-09-08T09:00:00Z,84.035,84.424,83.899,84.363,51060.31
2026-09-08T10:00:00Z,84.361,84.572,83.627,83.627,120091.03
2026-09-08T11:00:00Z,83.64,83.67,82.924,83.151,372695.92
2026-09-08T12:00:00Z,83.15,83.314,82.6,83.272,224474.72
2026-09-08T13:00:00Z,83.274,83.355,81.491,82.622,884291.67
2026-09-08T14:00:00Z,82.622,83.9,82.333,83.594,464176.86
2026-09-08T15:00:00Z,83.594,84.1,83.447,83.936,215930.6
2026-09-08T16:00:00Z,83.917,84.788,83.5,84.219,387908.29
2026-09-08T17:00:00Z,84.219,84.378,83.744,83.858,135424.62
2026-09-08T18:00:00Z,83.854,84.507,83.812,84.359,154670.09
2026-09-08T19:00:00Z,84.373,84.6,83.966,84.1,106437.84
2026-09-08T20:00:00Z,84.1,84.488,84.014,84.194,117372.01
2026-09-08T21:00:00Z,84.204,84.489,84.191,84.343,59565.52
2026-09-08T22:00:00Z,84.344,84.938,84.343,84.935,97069.5
2026-09-08T23:00:00Z,84.939,85.128,84.617,85.121,98182.52
2026-09-09T00:00:00Z,85.121,85.795,85.075,85.674,188320.57
2026-09-09T01:00:00Z,85.674,85.828,85.112,85.562,148962.94
2026-09-09T02:00:00Z,85.562,85.956,85.269,85.629,97120.04
2026-09-09T03:00:00Z,85.652,85.7,85.028,85.21,65131.7
2026-09-09T04:00:00Z,85.225,86.142,85.225,86.141,148039.25
2026-09-09T05:00:00Z,86.142,86.168,85.44,85.65,148252.45
2026-09-09T06:00:00Z,85.65,86.8,85.649,86.761,266508.96
2026-09-09T07:00:00Z,86.762,86.905,86.576,86.89,159330.1
2026-09-09T08:00:00Z,86.89,87.0,86.178,86.552,259145.71
2026-09-09T09:00:00Z,86.561,86.624,85.587,85.638,138855.56
2026-09-09T10:00:00Z,85.64,86.156,85.544,86.144,71552.83
2026-09-09T11:00:00Z,86.156,86.304,85.522,86.298,125828.64
2026-09-09T12:00:00Z,86.296,87.0,86.217,86.749,263567.76
2026-09-09T13:00:00Z,86.762,86.835,85.86,86.55,181225.97
2026-09-09T14:00:00Z,86.549,86.63,85.807,86.052,169544.22
2026-09-09T15:00:00Z,86.074,86.375,83.773,84.975,651008.4
2026-09-09T16:00:00Z,84.978,85.765,84.653,85.67,272133.27
2026-09-09T17:00:00Z,85.67,87.027,85.459,86.997,508821.98
2026-09-09T18:00:00Z,86.997,87.037,85.872,85.922,242919.84
2026-09-09T19:00:00Z,85.932,86.133,84.484,84.78,384199.75
2026-09-09T20:00:00Z,84.764,85.437,83.987,85.392,393341.22
2026-09-09T21:00:00Z,85.392,85.528,84.177,84.291,248849.16
2026-09-09T22:00:00Z,84.291,84.428,82.33,82.552,659003.65
2026-09-09T23:00:00Z,82.551,83.642,82.537,83.516,292453.82
2026-09-10T00:00:00Z,83.549,83.655,82.654,82.675,143413.05
2026-09-10T01:00:00Z,82.675,83.615,82.675,83.183,209672.08
2026-09-10T02:00:00Z,83.183,84.081,83.164,84.006,111352.49
2026-09-10T03:00:00Z,84.005,84.26,83.903,83.994,69057.01
2026-09-10T04:00:00Z,83.994,84.363,83.956,84.22,103180.82
2026-09-10T05:00:00Z,84.22,84.325,83.741,84.03,117438.37
2026-09-10T06:00:00Z,84.03,84.032,83.345,83.808,163675.83
2026-09-10T07:00:00Z,83.808,83.808,82.705,83.226,163881.88
2026-09-10T08:00:00Z,83.215,83.354,82.905,82.983,68504.81
2026-09-10T09:00:00Z,82.983,83.386,82.552,82.799,166028.33
2026-09-10T10:00:00Z,82.803,83.011,82.436,82.619,127871.48
2026-09-10T11:00:00Z,82.619,83.183,81.991,82.752,269970.07
2026-09-10T12:00:00Z,82.752,82.864,80.024,80.612,1354948.95
2026-09-10T13:00:00Z,80.616,81.367,80.581,81.016,667434.0600000001
2026-09-10T14:00:00Z,81.009,81.481,80.278,81.215,441913.22
2026-09-10T15:00:00Z,81.216,81.22,80.352,80.639,219533.96
2026-09-10T16:00:00Z,80.635,80.878,78.594,79.937,1204275.03
2026-09-10T17:00:00Z,79.938,80.85,79.791,80.218,488534.64
2026-09-10T18:00:00Z,80.218,80.968,79.524,80.864,355557.09
2026-09-10T19:00:00Z,80.864,80.864,79.878,80.153,278500.22
2026-09-10T20:00:00Z,80.153,80.719,80.153,80.386,170446.68
2026-09-10T21:00:00Z,80.388,80.597,80.071,80.12,57615.64
2026-09-10T22:00:00Z,80.119,80.407,79.32,79.404,152919.82
2026-09-10T23:00:00Z,79.412,79.576,78.171,78.519,632852.45
2026-09-11T00:00:00Z,78.519,79.236,78.462,79.226,199922.77
2026-09-11T01:00:00Z,79.236,79.525,78.598,79.106,184001.81
2026-09-11T02:00:00Z,79.081,79.145,78.306,78.617,169988.84
2026-09-11T03:00:00Z,78.617,78.733,78.138,78.687,133720.23
2026-09-11T04:00:00Z,78.687,79.59,78.612,79.247,174546.33
2026-09-11T05:00:00Z,79.246,79.823,79.125,79.81,143566.25
2026-09-11T06:00:00Z,79.81,80.04,79.461,79.989,137723.65
2026-09-11T07:00:00Z,79.99,80.379,79.756,79.84,128639.53
2026-09-11T08:00:00Z,79.839,80.353,79.567,80.312,110394.66
2026-09-11T09:00:00Z,80.312,80.312,79.155,79.484,150736.11
2026-09-11T10:00:00Z,79.471,79.67,79.029,79.063,54635.48
2026-09-11T11:00:00Z,79.063,79.318,78.5,79.218,160349.59
2026-09-11T12:00:00Z,79.217,82.177,78.549,81.946,1196310.8200000001
2026-09-11T13:00:00Z,81.959,83.455,80.497,83.404,1055245.5600000001
2026-09-11T14:00:00Z,83.404,83.767,82.297,82.888,957420.25
2026-09-11T15:00:00Z,82.892,83.672,81.6,81.96,462893.07
2026-09-11T16:00:00Z,81.976,82.582,81.117,82.02,485108.61
2026-09-11T17:00:00Z,82.019,82.091,81.382,81.497,118379.91
2026-09-11T18:00:00Z,81.497,81.62,79.645,79.86,656865.92
2026-09-11T19:00:00Z,79.86,80.874,79.67,80.727,176332.43
2026-09-11T20:00:00Z,80.726,81.29,80.27,80.584,158317.32
2026-09-11T21:00:00Z,80.583,80.896,79.708,79.833,104718.77
2026-09-11T22:00:00Z,79.833,80.005,78.5,78.911,475483.6
2026-09-11T23:00:00Z,78.91,79.49,78.797,79.391,163458.02
2026-09-12T00:00:00Z,79.378,79.465,78.628,78.72,109645.05
2026-09-12T01:00:00Z,78.707,79.027,78.5,78.672,84837.0
2026-09-12T02:00:00Z,78.672,79.131,78.65,79.017,113844.05
2026-09-12T03:00:00Z,79.014,79.014,78.509,78.829,126306.08
2026-09-12T04:00:00Z,78.829,78.887,78.401,78.463,84687.27
2026-09-12T05:00:00Z,78.463,78.736,78.334,78.553,87918.85
2026-09-12T06:00:00Z,78.553,78.873,78.404,78.752,50380.31
2026-09-12T07:00:00Z,78.751,79.103,78.709,79.039,80975.3
2026-09-12T08:00:00Z,79.054,79.424,78.94,79.368,175173.71
2026-09-12T09:00:00Z,79.368,79.5,79.189,79.495,77202.52
2026-09-12T10:00:00Z,79.495,79.919,79.489,79.836,126727.88
2026-09-12T11:00:00Z,79.836,80.431,79.634,80.242,145196.83
2026-09-12T12:00:00Z,80.23,80.384,79.972,80.271,63574.2
2026-09-12T13:00:00Z,80.271,80.475,80.025,80.163,40966.71
2026-09-12T14:00:00Z,80.162,80.475,80.108,80.273,56440.13
2026-09-12T15:00:00Z,80.277,80.452,80.041,80.231,76539.75
2026-09-12T16:00:00Z,80.23,80.362,79.9,80.277,75976.68
2026-09-12T17:00:00Z,80.277,80.775,80.188,80.479,93469.36
2026-09-12T18:00:00Z,80.471,80.513,79.886,80.068,81733.08
2026-09-12T19:00:00Z,80.069,80.102,79.33,79.644,137473.63
2026-09-12T20:00:00Z,79.644,79.955,79.644,79.733,83614.3
2026-09-12T21:00:00Z,79.733,79.933,79.381,79.484,112234.2
2026-09-12T22:00:00Z,79.484,79.775,79.413,79.612,53476.75
2026-09-12T23:00:00Z,79.612,79.847,79.588,79.641,54444.75
2026-09-13T00:00:00Z,79.638,79.644,79.034,79.223,111695.22
2026-09-13T01:00:00Z,79.222,79.477,79.2,79.33,69590.4
2026-09-13T02:00:00Z,79.33,79.498,79.121,79.206,43396.07
2026-09-13T03:00:00Z,79.206,79.39,78.939,78.99,86038.59
2026-09-13T04:00:00Z,78.991,79.172,78.938,79.076,21535.61
2026-09-13T05:00:00Z,79.076,79.459,79.075,79.343,35117.92
2026-09-13T06:00:00Z,79.342,79.41,78.571,78.727,87231.58
2026-09-13T07:00:00Z,78.727,78.915,78.447,78.487,145274.91
2026-09-13T08:00:00Z,78.488,78.547,77.612,77.778,360137.32
2026-09-13T09:00:00Z,77.782,77.96,77.218,77.902,345601.97
2026-09-13T10:00:00Z,77.892,77.93,77.039,77.235,205044.74
2026-09-13T11:00:00Z,77.223,77.545,77.039,77.463,151783.79
2026-09-13T12:00:00Z,77.466,77.738,77.243,77.705,75418.42
2026-09-13T13:00:00Z,77.705,78.117,76.593,77.979,418330.21
2026-09-13T14:00:00Z,77.98,78.628,77.876,78.423,256975.95
2026-09-13T15:00:00Z,78.423,78.456,77.892,77.925,137744.52
2026-09-13T16:00:00Z,77.925,78.606,77.924,78.443,106166.07
2026-09-13T17:00:00Z,78.443,78.719,78.091,78.386,99882.24
2026-09-13T18:00:00Z,78.386,78.42,78.17,78.313,25134.55
2026-09-13T19:00:00Z,78.313,78.6,77.72,78.05,193358.01
2026-09-13T20:00:00Z,78.05,78.88,78.033,78.878,126281.95
2026-09-13T21:00:00Z,78.871,78.9,78.449,78.515,67513.04
2026-09-13T22:00:00Z,78.515,78.515,76.966,77.423,277617.16
2026-09-13T23:00:00Z,77.423,77.637,77.187,77.26,72388.98
2026-09-14T00:00:00Z,77.26,77.962,76.908,77.736,213537.15
2026-09-14T01:00:00Z,77.739,78.27,77.478,78.18,41218.01
2026-09-14T02:00:00Z,78.181,79.523,77.992,79.413,361211.09
2026-09-14T03:00:00Z,79.414,80.081,79.3,79.837,497743.3
2026-09-14T04:00:00Z,79.843,80.291,79.762,79.987,129361.4
2026-09-14T05:00:00Z,79.986,80.039,79.41,79.546,90451.53
2026-09-14T06:00:00Z,79.545,80.111,79.399,79.643,136699.5
2026-09-14T07:00:00Z,79.642,80.152,79.533,79.916,74687.53
2026-09-14T08:00:00Z,79.915,80.03,79.414,79.78,93076.95
2026-09-14T09:00:00Z,79.779,80.291,79.073,80.007,148027.27
2026-09-14T10:00:00Z,80.021,80.022,79.533,79.795,72019.07
2026-09-14T11:00:00Z,79.797,80.489,79.468,80.086,143231.84
2026-09-14T12:00:00Z,80.085,80.817,79.654,79.772,237155.1
2026-09-14T13:00:00Z,79.771,80.846,79.021,80.271,633738.77
2026-09-14T14:00:00Z,80.279,81.063,79.41,79.735,506483.32
2026-09-14T15:00:00Z,79.721,80.314,79.245,79.845,257681.72
2026-09-14T16:00:00Z,79.844,80.969,79.545,80.447,260457.65
2026-09-14T17:00:00Z,80.458,81.307,80.394,81.288,188426.03
2026-09-14T18:00:00Z,81.288,82.052,80.981,81.651,360826.32
2026-09-14T19:00:00Z,81.65,81.65,80.996,81.259,208103.87
2026-09-14T20:00:00Z,81.254,82.48,81.101,81.416,369528.31
2026-09-14T21:00:00Z,81.415,81.442,80.492,80.543,219805.16
2026-09-14T22:00:00Z,80.542,80.66,79.962,80.009,158443.71
2026-09-14T23:00:00Z,80.008,80.361,79.865,80.335,115213.32
2026-09-15T00:00:00Z,80.332,80.555,79.991,80.199,150226.25
2026-09-15T01:00:00Z,80.198,80.52,79.861,80.227,192518.01
2026-09-15T02:00:00Z,80.227,80.413,79.936,79.945,102129.96
2026-09-15T03:00:00Z,79.945,79.946,79.243,79.432,180346.66
2026-09-15T04:00:00Z,79.439,79.58,79.219,79.343,104129.88
2026-09-15T05:00:00Z,79.343,79.85,78.742,79.721,290277.29
2026-09-15T06:00:00Z,79.715,79.991,78.998,79.193,155748.33
2026-09-15T07:00:00Z,79.198,79.224,78.46,78.629,129515.95
2026-09-15T08:00:00Z,78.629,79.03,78.433,79.023,118210.12
2026-09-15T09:00:00Z,79.013,79.3,78.71,79.187,72087.4
2026-09-15T10:00:00Z,79.186,79.487,79.039,79.413,63283.97
2026-09-15T11:00:00Z,79.411,79.465,78.755,79.022,79558.69
2026-09-15T12:00:00Z,79.021,79.734,78.968,79.493,120751.32
2026-09-15T13:00:00Z,79.49,79.777,78.421,79.143,201667.93
2026-09-15T14:00:00Z,79.142,79.287,76.381,76.945,851588.9300000001
2026-09-15T15:00:00Z,76.94,77.829,76.798,77.227,369903.91
2026-09-15T16:00:00Z,77.228,77.408,76.602,76.691,373472.18
2026-09-15T17:00:00Z,76.685,78.101,76.352,77.348,461925.31
2026-09-15T18:00:00Z,77.348,77.923,75.15,77.041,1227170.8300000001
2026-09-15T19:00:00Z,77.039,77.493,76.292,77.219,707920.0600000001
2026-09-15T20:00:00Z,77.219,77.66,76.393,77.244,440034.75
2026-09-15T21:00:00Z,77.245,77.245,76.3,76.508,299526.56
2026-09-15T22:00:00Z,76.5,77.016,76.301,76.77,152091.27
2026-09-15T23:00:00Z,76.77,77.463,76.751,76.91,146417.12
2026-09-16T00:00:00Z,76.921,77.389,76.63,77.256,152111.84
2026-09-16T01:00:00Z,77.247,77.544,76.618,76.654,109416.82
2026-09-16T02:00:00Z,76.67,77.845,76.67,77.412,141922.6
2026-09-16T03:00:00Z,77.423,77.912,77.355,77.471,70087.56
2026-09-16T04:00:00Z,77.476,77.607,77.037,77.2,96047.72
2026-09-16T05:00:00Z,77.2,77.467,76.953,77.247,89558.11
2026-09-16T06:00:00Z,77.246,77.502,77.008,77.487,46195.24
2026-09-16T07:00:00Z,77.488,77.997,77.401,77.541,116726.5
2026-09-16T08:00:00Z,77.542,77.592,77.027,77.567,101400.41
2026-09-16T09:00:00Z,77.568,77.892,77.392,77.758,111886.58
2026-09-16T10:00:00Z,77.762,77.997,77.576,77.799,133757.07
2026-09-16T11:00:00Z,77.8,79.653,77.77,79.267,715790.4399999999
2026-09-16T12:00:00Z,79.281,79.283,78.161,78.779,335361.63
2026-09-16T13:00:00Z,78.772,78.825,77.756,78.637,384363.08
2026-09-16T14:00:00Z,78.639,78.697,77.9,78.127,237000.61
2026-09-16T15:00:00Z,78.132,78.995,78.047,78.661,194592.91
2026-09-16T16:00:00Z,78.655,79.0,78.538,78.915,127128.13
2026-09-16T17:00:00Z,78.915,79.109,77.972,78.645,241908.75
2026-09-16T18:00:00Z,78.648,80.364,78.125,78.982,1500462.7
2026-09-16T19:00:00Z,79.019,79.726,77.033,78.625,1018721.4300000001
2026-09-16T20:00:00Z,78.616,79.084,77.977,78.663,252698.73
2026-09-16T21:00:00Z,78.656,78.677,77.939,78.316,57950.91
2026-09-16T22:00:00Z,78.316,78.409,77.652,77.68,90019.61
2026-09-16T23:00:00Z,77.679,78.691,77.612,78.235,246776.06
2026-09-17T00:00:00Z,78.231,78.608,78.071,78.15,94993.63
2026-09-17T01:00:00Z,78.142,79.405,78.059,78.913,360805.14
2026-09-17T02:00:00Z,78.911,79.468,78.526,79.33,117079.99
2026-09-17T03:00:00Z,79.328,79.5,79.092,79.32,64556.63
2026-09-17T04:00:00Z,79.322,79.368,78.752,79.13,95443.56
2026-09-17T05:00:00Z,79.133,79.201,78.661,78.711,47332.99
2026-09-17T06:00:00Z,78.713,79.356,78.7,79.139,81967.93
2026-09-17T07:00:00Z,79.138,79.558,79.105,79.554,74075.99
2026-09-17T08:00:00Z,79.556,80.366,79.517,80.337,203219.3
2026-09-17T09:00:00Z,80.337,80.973,79.792,79.797,282757.4
2026-09-17T10:00:00Z,79.794,80.016,79.537,79.688,111425.01
2026-09-17T11:00:00Z,79.696,79.865,79.33,79.769,73273.94
2026-09-17T12:00:00Z,79.77,81.424,79.616,81.215,650045.36
2026-09-17T13:00:00Z,81.23,83.352,80.442,82.069,2153803.1400000001
2026-09-17T14:00:00Z,82.079,83.3,81.549,82.165,534012.62
2026-09-17T15:00:00Z,82.16,82.611,81.494,82.57,214939.5
2026-09-17T16:00:00Z,82.579,82.609,81.66,82.222,268452.72
2026-09-17T17:00:00Z,82.232,82.9,82.007,82.657,179233.65
2026-09-17T18:00:00Z,82.657,82.657,81.802,81.861,88646.31
2026-09-17T19:00:00Z,81.862,83.405,81.747,83.208,273246.47
2026-09-17T20:00:00Z,83.209,83.706,82.847,83.278,224066.45
2026-09-17T21:00:00Z,83.284,83.559,82.778,83.286,113081.92
2026-09-17T22:00:00Z,83.287,84.248,82.88,84.189,294936.86
2026-09-17T23:00:00Z,84.184,85.253,84.034,85.124,293165.11
2026-09-18T00:00:00Z,85.124,86.3,85.074,86.28,359713.31
2026-09-18T01:00:00Z,86.29,86.93,86.259,86.801,392285.41
2026-09-18T02:00:00Z,86.801,86.96,86.05,86.308,248836.7
2026-09-18T03:00:00Z,86.308,87.139,86.238,86.924,248283.58
2026-09-18T04:00:00Z,86.907,87.329,86.05,87.319,179163.71
2026-09-18T05:00:00Z,87.319,87.744,87.184,87.718,166911.41
2026-09-18T06:00:00Z,87.718,87.93,87.452,87.834,139904.75
2026-09-18T07:00:00Z,87.831,88.5,87.41,88.279,225452.93
2026-09-18T08:00:00Z,88.279,88.657,87.861,88.642,161930.09
2026-09-18T09:00:00Z,88.64,89.0,88.378,88.979,175042.6
2026-09-18T10:00:00Z,88.957,91.03,88.943,90.609,803859.4300000001
2026-09-18T11:00:00Z,90.611,90.867,89.542,89.855,492230.4
2026-09-18T12:00:00Z,89.867,91.98,89.581,91.262,679350.55
2026-09-18T13:00:00Z,91.256,91.7,90.472,90.672,604877.87
2026-09-18T14:00:00Z,90.654,92.64,90.387,92.587,698068.34
2026-09-18T15:00:00Z,92.587,92.737,91.125,91.382,405433.32
2026-09-18T16:00:00Z,91.368,91.883,90.718,90.864,379149.12
2026-09-18T17:00:00Z,90.85,91.823,90.677,91.289,355635.07
2026-09-18T18:00:00Z,91.289,91.665,90.745,90.789,237855.31
2026-09-18T19:00:00Z,90.789,92.4,90.789,92.352,287123.29
2026-09-18T20:00:00Z,92.337,92.48,91.542,91.638,201710.0
2026-09-18T21:00:00Z,91.643,92.103,91.136,91.543,213892.82
2026-09-18T22:00:00Z,91.55,92.728,91.403,92.617,182150.33
2026-09-18T23:00:00Z,92.611,93.17,92.251,92.611,265803.92
2026-09-19T00:00:00Z,92.614,93.548,92.363,93.22,252033.53
2026-09-19T01:00:00Z,93.207,93.74,92.501,93.171,283423.33
2026-09-19T02:00:00Z,93.184,94.5,93.159,94.295,255850.02
2026-09-19T03:00:00Z,94.306,94.599,93.444,93.497,197554.92
2026-09-19T04:00:00Z,93.505,93.935,91.432,92.403,374087.51
2026-09-19T05:00:00Z,92.408,92.928,91.908,92.058,130207.24
2026-09-19T06:00:00Z,92.058,93.167,91.975,93.108,97109.56
2026-09-19T07:00:00Z,93.108,93.53,92.818,92.926,122787.9
2026-09-19T08:00:00Z,92.943,93.342,91.89,91.927,96253.76
