timestamp,open,high,low,close,volume
2026-04-15T00:00:00Z,4835.2,4838.9,4827.2,4834.4,65.3555
2026-04-15T01:00:00Z,4835.2,4870.8,4828.8,4847.0,407.3404
2026-04-15T02:00:00Z,4846.8,4852.9,4821.1,4823.9,183.5243
2026-04-15T03:00:00Z,4824.0,4827.6,4817.6,4825.6,123.529
2026-04-15T04:00:00Z,4823.0,4826.7,4820.9,4824.4,150.5913
2026-04-15T05:00:00Z,4826.0,4828.9,4812.8,4820.0,691.1287
2026-04-15T06:00:00Z,4819.6,4822.7,4811.0,4811.6,313.5004
2026-04-15T07:00:00Z,4811.5,4814.3,4804.7,4810.9,135.2967
2026-04-15T08:00:00Z,4810.8,4820.8,4806.3,4818.4,242.4836
2026-04-15T09:00:00Z,4818.9,4819.6,4787.9,4800.4,628.7619
2026-04-15T10:00:00Z,4799.7,4806.4,4792.4,4802.8,440.9526
2026-04-15T11:00:00Z,4801.8,4816.3,4798.1,4815.7,501.4689
2026-04-15T12:00:00Z,4814.3,4818.1,4809.8,4813.9,1030.5318
2026-04-15T13:00:00Z,4813.9,4832.6,4811.4,4832.1,695.7198
2026-04-15T14:00:00Z,4832.1,4832.6,4814.7,4817.3,868.6294
2026-04-15T15:00:00Z,4816.4,4817.4,4789.7,4802.9,911.3449
2026-04-15T16:00:00Z,4803.1,4813.3,4803.1,4806.8,486.8759
2026-04-15T17:00:00Z,4806.7,4809.9,4794.6,4795.2,97.2178
2026-04-15T18:00:00Z,4795.7,4804.4,4793.6,4802.1,77.6799
2026-04-15T19:00:00Z,4802.0,4805.0,4797.1,4797.5,270.6749
2026-04-15T20:00:00Z,4798.2,4798.4,4790.0,4791.2,240.2368
2026-04-15T21:00:00Z,4791.2,4799.2,4790.5,4796.6,189.509
2026-04-15T22:00:00Z,4796.2,4812.0,4793.2,4809.8,235.3911
2026-04-15T23:00:00Z,4809.7,4826.9,4809.7,4823.5,180.1477
2026-04-16T00:00:00Z,4823.5,4837.6,4821.9,4834.3,339.2728
2026-04-16T01:00:00Z,4834.2,4835.0,4813.3,4818.9,186.7173
2026-04-16T02:00:00Z,4818.9,4824.3,4814.1,4821.0,82.0049
2026-04-16T03:00:00Z,4821.0,4827.2,4821.0,4825.0,33.222
2026-04-16T04:00:00Z,4824.6,4833.9,4824.1,4833.9,90.2576
2026-04-16T05:00:00Z,4833.8,4839.1,4823.8,4823.9,183.0974
2026-04-16T06:00:00Z,4823.9,4829.8,4816.7,4827.7,172.8074
2026-04-16T07:00:00Z,4827.6,4829.9,4820.0,4823.0,102.7924
2026-04-16T08:00:00Z,4822.8,4822.8,4808.8,4814.6,158.8452
2026-04-16T09:00:00Z,4814.0,4818.3,4808.6,4813.4,99.8006
2026-04-16T10:00:00Z,4814.0,4819.8,4807.9,4819.8,109.5485
2026-04-16T11:00:00Z,4819.8,4823.9,4817.8,4823.9,129.0826
2026-04-16T12:00:00Z,4823.7,4824.7,4814.4,4818.5,230.028
2026-04-16T13:00:00Z,4818.7,4826.8,4787.2,4796.6,344.8079
2026-04-16T14:00:00Z,4796.9,4807.8,4772.7,4792.4,500.1573
2026-04-16T15:00:00Z,4792.2,4813.1,4791.5,4808.3,261.121
2026-04-16T16:00:00Z,4809.4,4810.4,4789.2,4793.1,157.3309
2026-04-16T17:00:00Z,4793.4,4796.0,4783.4,4790.6,107.9922
2026-04-16T18:00:00Z,4791.1,4795.3,4789.2,4791.7,147.7871
2026-04-16T19:00:00Z,4791.8,4800.7,4791.8,4797.0,325.1947
2026-04-16T20:00:00Z,4796.9,4796.9,4787.9,4792.5,66.0169
2026-04-16T21:00:00Z,4792.5,4793.3,4783.8,4786.5,177.6126
2026-04-16T22:00:00Z,4786.5,4798.6,4786.5,4798.4,215.36
2026-04-16T23:00:00Z,4798.4,4798.4,4793.1,4793.2,183.5394
2026-04-17T00:00:00Z,4792.0,4802.3,4786.6,4795.5,65.9419
2026-04-17T01:00:00Z,4795.5,4795.5,4769.9,4790.2,354.2959
2026-04-17T02:00:00Z,4789.7,4794.4,4786.0,4786.0,135.1937
2026-04-17T03:00:00Z,4786.5,4797.7,4786.0,4793.0,358.2336
2026-04-17T04:00:00Z,4793.0,4805.6,4792.9,4804.7,62.2961
2026-04-17T05:00:00Z,4804.7,4806.5,4796.3,4796.3,89.1164
2026-04-17T06:00:00Z,4796.0,4796.0,4783.0,4788.2,132.7397
2026-04-17T07:00:00Z,4788.0,4794.5,4781.6,4786.7,124.3793
2026-04-17T08:00:00Z,4786.9,4797.9,4785.1,4797.9,593.4923
2026-04-17T09:00:00Z,4797.9,4801.9,4793.4,4793.7,74.7524
2026-04-17T10:00:00Z,4793.2,4796.3,4785.2,4788.9,105.4086
2026-04-17T11:00:00Z,4789.1,4814.0,4786.0,4802.2,428.2839
2026-04-17T12:00:00Z,4802.2,4848.2,4801.2,4846.8,1309.2659
2026-04-17T13:00:00Z,4847.5,4890.5,4837.6,4880.1,1253.9458
2026-04-17T14:00:00Z,4881.1,4886.0,4862.8,4875.8,431.7543
2026-04-17T15:00:00Z,4874.0,4880.1,4858.9,4869.0,581.7255
2026-04-17T16:00:00Z,4868.7,4874.4,4866.1,4868.5,82.7043
2026-04-17T17:00:00Z,4868.6,4871.1,4853.4,4862.6,344.7062
2026-04-17T18:00:00Z,4862.9,4867.7,4857.1,4859.9,43.1284
2026-04-17T19:00:00Z,4858.7,4860.2,4854.2,4854.4,96.8423
2026-04-17T20:00:00Z,4854.8,4854.9,4832.1,4833.1,214.1422
2026-04-17T21:00:00Z,4833.0,4836.5,4832.4,4833.5,96.6556
2026-04-17T22:00:00Z,4834.0,4838.2,4833.7,4834.2,27.3757
2026-04-17T23:00:00Z,4834.2,4842.2,4833.2,4840.9,344.7738
2026-04-18T00:00:00Z,4840.9,4845.0,4840.6,4844.1,313.9877
2026-04-18T01:00:00Z,4844.1,4844.9,4842.0,4842.1,52.2014
2026-04-18T02:00:00Z,4842.2,4842.9,4840.6,4840.6,22.9427
2026-04-18T03:00:00Z,4840.7,4841.0,4838.6,4838.6,274.0683
2026-04-18T04:00:00Z,4838.6,4838.7,4832.3,4834.3,234.8031
2026-04-18T05:00:00Z,4834.3,4834.4,4828.7,4831.8,68.25
2026-04-18T06:00:00Z,4831.9,4833.2,4831.8,4833.1,37.4129
2026-04-18T07:00:00Z,4833.1,4835.0,4831.1,4832.7,17.0279
2026-04-18T08:00:00Z,4832.7,4832.8,4826.9,4827.0,196.8283
2026-04-18T09:00:00Z,4827.0,4827.2,4825.3,4825.4,81.3813
2026-04-18T10:00:00Z,4825.5,4825.5,4820.4,4821.0,94.8452
2026-04-18T11:00:00Z,4821.0,4821.0,4817.1,4818.7,125.9208
2026-04-18T12:00:00Z,4818.6,4818.6,4813.4,4814.7,168.6885
2026-04-18T13:00:00Z,4814.8,4816.7,4814.6,4814.9,79.4726
2026-04-18T14:00:00Z,4815.0,4816.6,4814.9,4816.5,55.1201
2026-04-18T15:00:00Z,4816.6,4820.0,4816.6,4817.6,41.8944
2026-04-18T16:00:00Z,4817.6,4819.7,4817.5,4819.1,20.08
2026-04-18T17:00:00Z,4819.0,4819.6,4818.0,4818.9,4.6994
2026-04-18T18:00:00Z,4818.9,4818.9,4808.9,4811.2,63.4788
2026-04-18T19:00:00Z,4811.2,4815.5,4805.6,4807.9,190.7003
2026-04-18T20:00:00Z,4808.0,4811.4,4807.8,4810.1,54.6298
2026-04-18T21:00:00Z,4810.3,4810.7,4802.0,4805.0,179.2078
2026-04-18T22:00:00Z,4805.0,4806.0,4803.4,4804.3,133.6765
2026-04-18T23:00:00Z,4804.3,4804.9,4785.0,4787.2,1316.2129
2026-04-19T00:00:00Z,4787.2,4789.3,4780.8,4788.7,255.758
2026-04-19T01:00:00Z,4788.6,4795.1,4787.9,4793.0,279.1065
2026-04-19T02:00:00Z,4793.2,4794.0,4788.5,4791.1,194.9719
2026-04-19T03:00:00Z,4791.4,4797.9,4785.8,4794.5,179.9345
2026-04-19T04:00:00Z,4794.2,4803.1,4793.9,4795.4,123.7321
2026-04-19T05:00:00Z,4795.4,4796.7,4793.4,4794.2,150.7264
2026-04-19T06:00:00Z,4793.9,4794.3,4785.5,4791.4,144.8426
2026-04-19T07:00:00Z,4791.4,4793.2,4783.8,4792.3,236.7751
2026-04-19T08:00:00Z,4792.0,4795.4,4784.4,4794.4,379.7316
2026-04-19T09:00:00Z,4794.5,4795.0,4788.3,4790.1,202.5783
2026-04-19T10:00:00Z,4790.1,4792.3,4789.2,4791.9,74.646
2026-04-19T11:00:00Z,4792.1,4798.2,4792.1,4796.1,41.1009
2026-04-19T12:00:00Z,4795.7,4798.7,4793.5,4798.7,25.5807
2026-04-19T13:00:00Z,4798.7,4807.4,4798.7,4806.3,80.628
2026-04-19T14:00:00Z,4806.3,4806.3,4801.9,4804.2,38.7729
2026-04-19T15:00:00Z,4804.7,4807.2,4804.2,4807.2,38.9026
2026-04-19T16:00:00Z,4807.1,4809.6,4802.7,4804.7,119.6051
2026-04-19T17:00:00Z,4804.4,4804.4,4790.4,4795.0,217.338
2026-04-19T18:00:00Z,4795.1,4795.2,4790.2,4791.3,73.0564
2026-04-19T19:00:00Z,4791.5,4794.9,4790.8,4794.0,60.977
2026-04-19T20:00:00Z,4793.9,4793.9,4778.0,4779.9,169.4671
2026-04-19T21:00:00Z,4779.9,4780.9,4776.1,4778.5,104.9495
2026-04-19T22:00:00Z,4777.9,4793.9,4758.6,4779.9,1111.4754
2026-04-19T23:00:00Z,4779.9,4780.0,4740.0,4754.1,1202.2435
2026-04-20T00:00:00Z,4754.1,4774.5,4745.9,4774.5,371.271
2026-04-20T01:00:00Z,4773.7,4812.6,4773.0,4808.6,536.8263
2026-04-20T02:00:00Z,4808.5,4808.5,4794.1,4796.6,96.5086
2026-04-20T03:00:00Z,4797.4,4798.5,4791.3,4793.2,79.0797
2026-04-20T04:00:00Z,4793.1,4796.6,4789.2,4790.6,65.7129
2026-04-20T05:00:00Z,4790.1,4795.8,4781.4,4792.4,54.5402
2026-04-20T06:00:00Z,4792.4,4797.8,4784.8,4796.8,1066.4175
2026-04-20T07:00:00Z,4797.5,4807.5,4786.6,4791.3,533.8984
2026-04-20T08:00:00Z,4790.8,4796.6,4787.8,4796.5,155.6373
2026-04-20T09:00:00Z,4796.7,4797.6,4786.4,4792.6,95.3718
2026-04-20T10:00:00Z,4793.1,4801.1,4791.9,4795.7,679.5636
2026-04-20T11:00:00Z,4796.0,4811.1,4787.6,4810.8,120.4632
2026-04-20T12:00:00Z,4810.8,4824.1,4801.4,4803.5,1221.428
2026-04-20T13:00:00Z,4805.0,4826.4,4801.2,4819.2,217.7179
2026-04-20T14:00:00Z,4818.7,4827.0,4795.2,4804.9,366.9059
2026-04-20T15:00:00Z,4805.0,4810.5,4793.9,4801.5,208.9821
2026-04-20T16:00:00Z,4801.3,4808.5,4796.1,4807.8,171.5166
2026-04-20T17:00:00Z,4808.5,4812.3,4806.2,4808.3,197.4852
2026-04-20T18:00:00Z,4807.9,4819.5,4807.9,4816.7,155.6829
2026-04-20T19:00:00Z,4815.8,4822.0,4812.4,4814.1,159.6633
2026-04-20T20:00:00Z,4814.1,4823.1,4813.5,4823.1,80.3829
2026-04-20T21:00:00Z,4821.2,4825.8,4818.2,4824.7,48.6065
2026-04-20T22:00:00Z,4824.7,4832.0,4824.0,4827.6,448.4213
2026-04-20T23:00:00Z,4828.4,4831.8,4820.4,4821.9,36.4682
2026-04-21T00:00:00Z,4821.9,4829.7,4818.0,4824.5,80.9314
2026-04-21T01:00:00Z,4824.2,4825.1,4808.1,4810.0,80.6861
2026-04-21T02:00:00Z,4811.6,4811.6,4804.0,4807.2,429.5309
2026-04-21T03:00:00Z,4807.2,4807.2,4795.0,4798.0,156.7299
2026-04-21T04:00:00Z,4798.0,4798.3,4790.2,4791.2,62.5995
2026-04-21T05:00:00Z,4790.0,4797.5,4787.1,4787.9,297.3475
2026-04-21T06:00:00Z,4787.9,4789.7,4778.5,4780.9,164.1767
2026-04-21T07:00:00Z,4780.9,4792.8,4776.4,4787.8,130.5476
2026-04-21T08:00:00Z,4787.8,4793.0,4776.8,4789.4,179.0476
2026-04-21T09:00:00Z,4789.5,4790.0,4783.8,4786.0,128.96
2026-04-21T10:00:00Z,4786.5,4792.2,4784.6,4791.3,28.1511
2026-04-21T11:00:00Z,4790.9,4797.9,4779.9,4795.4,162.1406
2026-04-21T12:00:00Z,4795.4,4797.4,4768.4,4779.1,383.0329
2026-04-21T13:00:00Z,4779.8,4793.7,4762.9,4779.7,699.1577
2026-04-21T14:00:00Z,4779.6,4783.4,4726.9,4741.2,1834.4366
2026-04-21T15:00:00Z,4742.4,4756.9,4732.3,4742.2,659.104
2026-04-21T16:00:00Z,4742.7,4746.8,4711.0,4712.4,1722.0469
2026-04-21T17:00:00Z,4712.9,4723.3,4700.8,4712.6,739.2945
2026-04-21T18:00:00Z,4712.6,4714.9,4689.8,4706.3,3971.1539
2026-04-21T19:00:00Z,4707.5,4714.8,4668.6,4680.1,1097.1371
2026-04-21T20:00:00Z,4680.0,4722.0,4671.5,4721.1,1336.337
2026-04-21T21:00:00Z,4721.2,4726.9,4720.3,4725.6,214.2088
2026-04-21T22:00:00Z,4725.6,4729.2,4716.5,4720.0,902.3528
2026-04-21T23:00:00Z,4720.0,4740.3,4720.0,4739.4,141.2548
2026-04-22T00:00:00Z,4739.3,4747.1,4738.9,4739.9,103.6532
2026-04-22T01:00:00Z,4739.4,4753.6,4736.5,4753.1,142.8752
2026-04-22T02:00:00Z,4752.9,4757.2,4750.8,4755.5,82.4974
2026-04-22T03:00:00Z,4755.1,4764.1,4753.9,4758.2,178.9873
2026-04-22T04:00:00Z,4757.8,4758.4,4751.3,4753.4,587.6743
2026-04-22T05:00:00Z,4753.3,4772.8,4752.1,4769.5,1334.4242
2026-04-22T06:00:00Z,4768.9,4769.7,4761.3,4769.5,1124.9356
2026-04-22T07:00:00Z,4769.6,4773.6,4763.4,4764.5,1178.4577
2026-04-22T08:00:00Z,4764.4,4765.2,4756.0,4760.9,1399.1441
2026-04-22T09:00:00Z,4760.8,4765.3,4756.7,4758.6,231.5489
2026-04-22T10:00:00Z,4758.7,4763.0,4749.5,4762.1,203.2323
2026-04-22T11:00:00Z,4762.4,4763.5,4752.2,4754.0,107.8169
2026-04-22T12:00:00Z,4754.1,4760.4,4746.0,4746.3,464.3484
2026-04-22T13:00:00Z,4747.4,4762.4,4740.1,4756.0,475.6639
2026-04-22T14:00:00Z,4756.9,4759.0,4733.4,4738.6,337.1474
2026-04-22T15:00:00Z,4738.6,4741.6,4729.9,4731.8,288.5198
2026-04-22T16:00:00Z,4732.6,4737.1,4727.5,4730.8,185.5806
2026-04-22T17:00:00Z,4730.8,4742.3,4730.8,4740.8,201.8419
2026-04-22T18:00:00Z,4740.1,4751.8,4733.3,4745.1,280.2405
2026-04-22T19:00:00Z,4745.1,4748.4,4740.2,4743.9,600.4993
2026-04-22T20:00:00Z,4743.8,4743.9,4738.9,4743.3,58.7231
2026-04-22T21:00:00Z,4743.3,4750.2,4743.1,4746.4,115.7659
2026-04-22T22:00:00Z,4745.7,4747.7,4730.6,4730.6,227.3593
2026-04-22T23:00:00Z,4730.6,4731.7,4726.9,4730.7,203.9665
2026-04-23T00:00:00Z,4730.0,4753.0,4696.8,4747.5,778.2982
2026-04-23T01:00:00Z,4747.9,4749.6,4725.1,4725.1,167.2423
2026-04-23T02:00:00Z,4725.2,4725.7,4701.1,4702.5,505.869
2026-04-23T03:00:00Z,4702.5,4710.0,4701.8,4707.5,62.4052
2026-04-23T04:00:00Z,4707.5,4709.6,4703.5,4707.1,97.5602
2026-04-23T05:00:00Z,4707.1,4717.9,4696.0,4716.8,121.1177
2026-04-23T06:00:00Z,4716.9,4724.3,4713.4,4717.1,160.8875
2026-04-23T07:00:00Z,4717.1,4723.0,4706.9,4722.1,275.2754
2026-04-23T08:00:00Z,4722.1,4727.2,4705.3,4707.5,125.692
2026-04-23T09:00:00Z,4706.0,4706.6,4698.1,4699.8,213.5746
2026-04-23T10:00:00Z,4699.9,4702.7,4688.3,4699.4,456.0922
2026-04-23T11:00:00Z,4699.4,4723.0,4699.0,4722.9,217.3087
2026-04-23T12:00:00Z,4723.2,4745.4,4723.2,4742.5,905.4473
2026-04-23T13:00:00Z,4742.7,4743.2,4726.7,4726.7,574.882
2026-04-23T14:00:00Z,4727.0,4738.2,4719.6,4735.5,656.3153
2026-04-23T15:00:00Z,4736.1,4742.3,4720.1,4722.8,204.5765
2026-04-23T16:00:00Z,4724.0,4738.5,4719.3,4734.7,258.8698
2026-04-23T17:00:00Z,4734.9,4735.6,4668.0,4710.4,1920.2998
2026-04-23T18:00:00Z,4711.0,4721.6,4701.5,4703.3,492.5481
2026-04-23T19:00:00Z,4702.9,4705.2,4692.8,4698.9,285.7625
2026-04-23T20:00:00Z,4697.6,4699.9,4689.5,4695.8,79.718
2026-04-23T21:00:00Z,4695.9,4706.1,4695.9,4705.2,108.1628
2026-04-23T22:00:00Z,4705.2,4706.8,4693.3,4696.0,176.8919
2026-04-23T23:00:00Z,4696.0,4702.3,4690.4,4696.4,98.6993
2026-04-24T00:00:00Z,4696.4,4709.2,4694.4,4705.9,56.8192
2026-04-24T01:00:00Z,4705.9,4711.9,4693.9,4700.9,116.2763
2026-04-24T02:00:00Z,4701.0,4701.0,4676.1,4679.6,364.0859
2026-04-24T03:00:00Z,4679.5,4680.7,4672.2,4675.2,390.297
2026-04-24T04:00:00Z,4675.0,4677.3,4660.1,4675.7,356.5085
2026-04-24T05:00:00Z,4675.7,4687.5,4671.4,4687.0,213.6926
2026-04-24T06:00:00Z,4687.0,4687.6,4670.8,4675.1,99.6692
2026-04-24T07:00:00Z,4675.1,4696.0,4673.2,4696.0,139.5714
2026-04-24T08:00:00Z,4695.9,4697.5,4687.9,4691.7,69.8444
2026-04-24T09:00:00Z,4692.3,4697.7,4682.2,4684.4,96.4369
2026-04-24T10:00:00Z,4684.2,4687.2,4677.8,4680.1,83.6944
2026-04-24T11:00:00Z,4680.4,4719.6,4680.4,4708.5,794.1607
2026-04-24T12:00:00Z,4709.2,4713.6,4692.8,4703.5,956.1136
2026-04-24T13:00:00Z,4702.8,4718.6,4692.9,4713.6,274.4445
2026-04-24T14:00:00Z,4713.6,4741.0,4710.4,4727.5,830.163
2026-04-24T15:00:00Z,4728.0,4735.6,4718.7,4729.1,367.4734
2026-04-24T16:00:00Z,4728.6,4731.4,4721.6,4728.5,154.0254
2026-04-24T17:00:00Z,4729.3,4732.0,4722.3,4725.8,120.4469
2026-04-24T18:00:00Z,4725.8,4726.9,4719.6,4725.6,321.9059
2026-04-24T19:00:00Z,4726.2,4728.4,4716.6,4719.6,115.0859
2026-04-24T20:00:00Z,4719.5,4719.5,4708.2,4713.7,242.7498
2026-04-24T21:00:00Z,4713.7,4713.7,4708.2,4711.5,75.1636
2026-04-24T22:00:00Z,4711.5,4712.9,4711.1,4711.2,25.1343
2026-04-24T23:00:00Z,4711.2,4711.3,4711.2,4711.2,7.0092
2026-04-25T00:00:00Z,4711.2,4712.7,4710.2,4712.1,21.3069
2026-04-25T01:00:00Z,4712.1,4714.3,4712.1,4714.2,25.2039
2026-04-25T02:00:00Z,4714.3,4714.3,4712.9,4714.0,14.3823
2026-04-25T03:00:00Z,4714.0,4716.5,4713.9,4714.9,35.3199
2026-04-25T04:00:00Z,4714.8,4714.9,4713.1,4713.6,26.1616
2026-04-25T05:00:00Z,4713.6,4714.2,4711.5,4714.2,31.8708
2026-04-25T06:00:00Z,4713.4,4714.2,4710.3,4712.5,49.9169
2026-04-25T07:00:00Z,4712.7,4713.0,4710.9,4711.6,7.0297
2026-04-25T08:00:00Z,4711.6,4713.2,4710.2,4712.9,21.8114
2026-04-25T09:00:00Z,4712.9,4713.4,4712.4,4713.4,9.1588
2026-04-25T10:00:00Z,4713.4,4714.0,4711.5,4711.7,11.7903
2026-04-25T11:00:00Z,4713.3,4713.9,4710.9,4710.9,11.3183
2026-04-25T12:00:00Z,4711.5,4712.3,4709.9,4710.9,32.5576
2026-04-25T13:00:00Z,4711.0,4712.2,4711.0,4712.2,4.5001
2026-04-25T14:00:00Z,4712.1,4712.2,4710.8,4710.8,7.0696
2026-04-25T15:00:00Z,4711.4,4711.6,4705.8,4708.6,119.8987
2026-04-25T16:00:00Z,4708.6,4709.4,4701.7,4703.3,306.9787
2026-04-25T17:00:00Z,4703.3,4704.1,4703.1,4703.2,120.8827
2026-04-25T18:00:00Z,4703.3,4703.9,4703.2,4703.3,20.2074
2026-04-25T19:00:00Z,4703.2,4710.0,4703.2,4703.9,117.7692
2026-04-25T20:00:00Z,4704.1,4704.5,4703.2,4703.2,25.7154
2026-04-25T21:00:00Z,4703.2,4704.5,4703.2,4703.3,15.8386
2026-04-25T22:00:00Z,4703.3,4706.3,4702.6,4704.8,408.464
2026-04-25T23:00:00Z,4704.8,4706.6,4698.5,4698.5,165.1308
2026-04-26T00:00:00Z,4698.5,4699.3,4697.3,4699.3,102.88
2026-04-26T01:00:00Z,4699.3,4700.6,4698.1,4699.7,51.3217
2026-04-26T02:00:00Z,4699.7,4700.3,4698.2,4698.5,168.5482
2026-04-26T03:00:00Z,4698.7,4699.1,4698.1,4699.1,55.2793
2026-04-26T04:00:00Z,4698.9,4700.3,4693.7,4700.3,125.9378
2026-04-26T05:00:00Z,4700.3,4709.0,4700.3,4702.1,200.0916
2026-04-26T06:00:00Z,4702.0,4702.6,4700.8,4700.8,41.4449
2026-04-26T07:00:00Z,4700.7,4702.6,4700.2,4700.5,179.409
2026-04-26T08:00:00Z,4700.5,4707.4,4700.5,4704.2,705.699
2026-04-26T09:00:00Z,4703.9,4704.8,4702.7,4703.4,46.8886
2026-04-26T10:00:00Z,4703.2,4704.4,4703.0,4704.4,219.2676
2026-04-26T11:00:00Z,4704.5,4706.3,4702.3,4704.4,108.4054
2026-04-26T12:00:00Z,4704.5,4707.5,4704.4,4707.3,68.6919
2026-04-26T13:00:00Z,4707.3,4708.1,4707.3,4707.8,30.8812
2026-04-26T14:00:00Z,4707.8,4710.7,4707.8,4710.6,22.9282
2026-04-26T15:00:00Z,4710.7,4711.1,4710.1,4710.3,44.985
2026-04-26T16:00:00Z,4710.3,4713.5,4710.0,4713.1,91.0803
2026-04-26T17:00:00Z,4712.1,4716.7,4712.1,4716.7,114.7933
2026-04-26T18:00:00Z,4716.6,4718.0,4714.9,4715.5,18.3738
2026-04-26T19:00:00Z,4715.5,4717.6,4713.3,4715.1,38.5599
2026-04-26T20:00:00Z,4715.1,4718.0,4714.2,4714.6,44.9992
2026-04-26T21:00:00Z,4714.5,4714.6,4709.2,4711.3,93.4988
2026-04-26T22:00:00Z,4711.3,4711.3,4683.9,4686.9,543.3215
2026-04-26T23:00:00Z,4686.9,4687.6,4677.1,4682.7,242.4879
2026-04-27T00:00:00Z,4682.5,4698.1,4675.2,4698.1,92.3239
2026-04-27T01:00:00Z,4698.7,4709.4,4693.5,4702.5,200.7696
2026-04-27T02:00:00Z,4702.5,4722.3,4697.5,4719.5,254.2551
2026-04-27T03:00:00Z,4720.0,4727.7,4715.1,4725.0,128.5169
2026-04-27T04:00:00Z,4724.9,4730.4,4723.0,4724.4,57.8575
2026-04-27T05:00:00Z,4723.4,4723.4,4710.5,4711.8,98.0868
2026-04-27T06:00:00Z,4712.5,4716.0,4710.4,4714.8,89.2157
2026-04-27T07:00:00Z,4713.6,4718.9,4711.6,4714.8,161.1972
2026-04-27T08:00:00Z,4714.7,4715.7,4706.7,4707.5,128.301
2026-04-27T09:00:00Z,4708.3,4709.1,4700.8,4703.9,245.2033
2026-04-27T10:00:00Z,4704.6,4710.6,4701.2,4710.1,283.4426
2026-04-27T11:00:00Z,4710.1,4710.1,4700.8,4705.0,107.7465
2026-04-27T12:00:00Z,4705.3,4713.4,4698.0,4699.7,268.6367
2026-04-27T13:00:00Z,4700.0,4703.6,4690.2,4697.5,234.554
2026-04-27T14:00:00Z,4697.1,4698.2,4677.9,4679.0,296.5781
2026-04-27T15:00:00Z,4679.0,4683.0,4669.3,4671.3,365.228
2026-04-27T16:00:00Z,4671.7,4681.7,4669.3,4678.8,368.8581
2026-04-27T17:00:00Z,4679.1,4687.7,4671.3,4686.3,634.8677
2026-04-27T18:00:00Z,4685.0,4688.8,4683.2,4685.0,1982.2267
2026-04-27T19:00:00Z,4684.9,4685.9,4680.6,4684.0,286.6488
2026-04-27T20:00:00Z,4684.0,4686.0,4681.6,4686.0,146.2135
2026-04-27T21:00:00Z,4686.3,4688.6,4685.9,4687.0,45.2547
2026-04-27T22:00:00Z,4687.2,4692.0,4685.8,4689.4,120.4025
2026-04-27T23:00:00Z,4689.6,4696.6,4689.6,4694.2,165.8684
2026-04-28T00:00:00Z,4695.0,4701.7,4691.6,4691.8,162.1454
2026-04-28T01:00:00Z,4690.4,4693.8,4671.1,4673.2,222.5368
2026-04-28T02:00:00Z,4673.1,4681.5,4668.6,4670.0,252.3188
2026-04-28T03:00:00Z,4672.2,4677.5,4670.8,4672.4,138.113
2026-04-28T04:00:00Z,4672.5,4672.5,4666.9,4669.9,302.7084
2026-04-28T05:00:00Z,4669.9,4669.9,4628.1,4636.5,1123.1624
2026-04-28T06:00:00Z,4635.4,4644.4,4623.0,4629.5,1368.9671
2026-04-28T07:00:00Z,4629.8,4639.8,4621.9,4632.0,1064.9061
2026-04-28T08:00:00Z,4632.5,4635.8,4616.1,4630.3,935.192
2026-04-28T09:00:00Z,4630.2,4630.2,4605.2,4605.4,877.0208
2026-04-28T10:00:00Z,4605.3,4616.0,4603.1,4603.1,969.4672
2026-04-28T11:00:00Z,4603.1,4608.4,4556.0,4564.0,2121.7754
2026-04-28T12:00:00Z,4564.1,4600.2,4556.4,4594.1,681.8574
2026-04-28T13:00:00Z,4594.0,4594.0,4573.8,4582.5,590.8593
2026-04-28T14:00:00Z,4581.9,4581.9,4560.8,4576.1,1198.6492
2026-04-28T15:00:00Z,4576.4,4587.6,4570.0,4586.7,397.869
2026-04-28T16:00:00Z,4588.2,4596.9,4581.2,4593.3,530.9885
2026-04-28T17:00:00Z,4594.8,4601.5,4590.3,4596.2,629.5373
2026-04-28T18:00:00Z,4596.3,4600.8,4594.9,4596.4,293.5372
2026-04-28T19:00:00Z,4595.6,4599.9,4595.4,4597.6,163.1573
2026-04-28T20:00:00Z,4597.6,4600.9,4594.1,4600.1,685.0084
2026-04-28T21:00:00Z,4598.8,4601.8,4598.6,4601.8,27.5566
2026-04-28T22:00:00Z,4601.8,4602.7,4595.0,4595.2,44.3886
2026-04-28T23:00:00Z,4595.1,4595.9,4587.9,4595.9,535.3685
2026-04-29T00:00:00Z,4596.0,4610.8,4596.0,4601.6,179.4148
2026-04-29T01:00:00Z,4600.5,4600.5,4577.0,4583.8,699.5861
2026-04-29T02:00:00Z,4586.1,4605.0,4586.1,4595.5,173.1323
2026-04-29T03:00:00Z,4595.5,4605.6,4595.0,4597.2,26.8398
2026-04-29T04:00:00Z,4596.9,4607.5,4596.9,4606.6,520.7093
2026-04-29T05:00:00Z,4607.9,4610.0,4594.0,4594.8,148.422
2026-04-29T06:00:00Z,4593.8,4600.9,4584.4,4587.4,442.8474
2026-04-29T07:00:00Z,4587.4,4591.4,4570.6,4570.6,169.0727
2026-04-29T08:00:00Z,4571.4,4578.5,4561.1,4578.3,129.481
2026-04-29T09:00:00Z,4576.6,4582.8,4554.4,4558.1,972.8151
2026-04-29T10:00:00Z,4558.4,4578.8,4558.4,4571.1,265.435
2026-04-29T11:00:00Z,4571.7,4573.7,4562.5,4565.3,59.0414
2026-04-29T12:00:00Z,4565.3,4570.6,4543.7,4546.4,992.8088
2026-04-29T13:00:00Z,4547.1,4554.5,4511.7,4526.6,2158.9757
2026-04-29T14:00:00Z,4526.3,4546.8,4521.9,4543.1,2024.7038
2026-04-29T15:00:00Z,4543.1,4561.7,4540.1,4550.5,2484.431
2026-04-29T16:00:00Z,4550.6,4567.8,4548.3,4549.1,602.2671
2026-04-29T17:00:00Z,4549.1,4557.5,4545.5,4551.2,410.6912
2026-04-29T18:00:00Z,4551.5,4555.0,4523.5,4540.3,1016.8475
2026-04-29T19:00:00Z,4542.6,4553.8,4537.4,4549.1,271.256
2026-04-29T20:00:00Z,4549.7,4556.1,4544.6,4547.0,135.2645
2026-04-29T21:00:00Z,4547.1,4552.7,4547.1,4550.7,59.47
2026-04-29T22:00:00Z,4550.0,4554.0,4541.3,4553.8,218.0509
2026-04-29T23:00:00Z,4554.7,4563.3,4553.1,4563.3,64.2881
2026-04-30T00:00:00Z,4564.0,4575.5,4559.0,4571.5,178.1413
2026-04-30T01:00:00Z,4570.6,4582.4,4566.6,4580.7,394.4193
2026-04-30T02:00:00Z,4581.2,4581.6,4561.3,4564.1,90.1709
2026-04-30T03:00:00Z,4566.8,4569.4,4556.9,4557.1,316.7164
2026-04-30T04:00:00Z,4557.0,4557.0,4542.1,4543.4,100.9293
2026-04-30T05:00:00Z,4543.1,4570.9,4543.1,4565.4,726.3613
2026-04-30T06:00:00Z,4565.3,4593.6,4562.3,4592.0,443.9888
2026-04-30T07:00:00Z,4592.1,4607.2,4585.5,4600.9,586.5488
2026-04-30T08:00:00Z,4600.9,4630.8,4600.0,4619.3,279.7694
2026-04-30T09:00:00Z,4618.6,4633.9,4617.8,4628.0,280.4283
2026-04-30T10:00:00Z,4629.0,4647.4,4626.3,4639.9,1683.4061
2026-04-30T11:00:00Z,4640.2,4645.7,4630.0,4632.0,310.1995
2026-04-30T12:00:00Z,4632.4,4640.9,4628.0,4640.9,1025.7017
2026-04-30T13:00:00Z,4641.0,4647.1,4613.5,4614.3,1449.3293
2026-04-30T14:00:00Z,4613.8,4626.9,4612.3,4623.6,761.612
2026-04-30T15:00:00Z,4624.2,4626.7,4614.2,4618.9,129.6245
2026-04-30T16:00:00Z,4617.6,4620.9,4609.0,4611.4,386.609
2026-04-30T17:00:00Z,4612.9,4623.9,4612.9,4619.6,96.3259
2026-04-30T18:00:00Z,4619.6,4629.1,4619.6,4626.0,1248.8779
2026-04-30T19:00:00Z,4626.3,4630.2,4615.9,4618.1,1236.492
2026-04-30T20:00:00Z,4619.6,4622.9,4617.8,4622.9,75.9255
2026-04-30T21:00:00Z,4623.4,4623.4,4617.9,4621.5,67.3238
2026-04-30T22:00:00Z,4621.5,4635.3,4621.5,4632.8,159.4859
2026-04-30T23:00:00Z,4632.8,4635.3,4628.9,4629.0,65.1994
2026-05-01T00:00:00Z,4628.8,4632.3,4620.8,4621.3,87.1724
2026-05-01T01:00:00Z,4621.2,4623.6,4616.6,4622.7,54.2064
2026-05-01T02:00:00Z,4622.9,4637.1,4618.8,4620.7,135.3053
2026-05-01T03:00:00Z,4620.3,4632.9,4619.5,4628.2,153.0045
2026-05-01T04:00:00Z,4628.0,4630.2,4610.3,4611.2,394.7615
2026-05-01T05:00:00Z,4611.1,4617.6,4604.7,4606.3,382.8084
2026-05-01T06:00:00Z,4607.0,4609.2,4593.0,4596.9,187.9513
2026-05-01T07:00:00Z,4596.9,4599.8,4578.8,4579.4,668.1259
2026-05-01T08:00:00Z,4579.4,4583.4,4568.3,4571.1,434.227
2026-05-01T09:00:00Z,4571.3,4575.5,4563.0,4563.5,560.6317
2026-05-01T10:00:00Z,4564.6,4579.5,4564.5,4569.7,183.1239
2026-05-01T11:00:00Z,4570.2,4581.9,4566.9,4581.9,77.5397
2026-05-01T12:00:00Z,4581.2,4608.8,4578.3,4593.7,781.2663
2026-05-01T13:00:00Z,4593.6,4629.2,4590.1,4626.3,571.2588
2026-05-01T14:00:00Z,4627.0,4660.8,4627.0,4635.3,1799.6549
2026-05-01T15:00:00Z,4635.1,4649.4,4622.1,4644.1,506.6555
2026-05-01T16:00:00Z,4643.1,4649.8,4634.6,4641.7,275.3088
2026-05-01T17:00:00Z,4640.2,4642.7,4628.7,4631.7,679.3625
2026-05-01T18:00:00Z,4631.7,4631.8,4616.9,4625.9,135.8118
2026-05-01T19:00:00Z,4627.1,4630.0,4613.0,4613.5,113.2268
2026-05-01T20:00:00Z,4613.9,4618.7,4611.1,4615.3,518.375
2026-05-01T21:00:00Z,4615.2,4619.9,4613.6,4617.5,68.6275
2026-05-01T22:00:00Z,4617.5,4617.5,4608.0,4614.8,473.2708
2026-05-01T23:00:00Z,4614.8,4615.2,4614.7,4615.1,42.2411
2026-05-02T00:00:00Z,4615.1,4615.1,4614.1,4615.1,15.8331
2026-05-02T01:00:00Z,4615.1,4616.8,4615.0,4615.4,38.2749
2026-05-02T02:00:00Z,4615.5,4616.2,4615.5,4615.9,21.1958
2026-05-02T03:00:00Z,4615.8,4616.3,4610.0,4614.1,102.5975
2026-05-02T04:00:00Z,4614.0,4614.1,4614.0,4614.1,1.4443
2026-05-02T05:00:00Z,4614.1,4614.1,4609.5,4612.1,32.5069
2026-05-02T06:00:00Z,4612.0,4612.1,4612.0,4612.0,7.3143
2026-05-02T07:00:00Z,4612.1,4612.4,4612.0,4612.0,10.8343
2026-05-02T08:00:00Z,4612.0,4612.7,4612.0,4612.2,12.4591
2026-05-02T09:00:00Z,4612.2,4612.6,4612.1,4612.6,6.6154
2026-05-02T10:00:00Z,4612.6,4612.7,4612.4,4612.5,9.7067
2026-05-02T11:00:00Z,4612.5,4613.1,4612.5,4612.8,10.5202
2026-05-02T12:00:00Z,4612.8,4613.3,4612.8,4613.3,9.5436
2026-05-02T13:00:00Z,4613.3,4613.7,4613.2,4613.3,8.1906
2026-05-02T14:00:00Z,4613.4,4613.4,4612.3,4612.7,23.6718
2026-05-02T15:00:00Z,4612.7,4613.7,4612.2,4612.2,30.4509
2026-05-02T16:00:00Z,4612.9,4613.3,4612.1,4613.3,10.8496
2026-05-02T17:00:00Z,4613.3,4613.5,4610.6,4610.6,14.8633
2026-05-02T18:00:00Z,4610.6,4611.1,4610.3,4611.1,12.5994
2026-05-02T19:00:00Z,4610.5,4610.6,4609.7,4610.1,20.4065
2026-05-02T20:00:00Z,4610.1,4610.1,4608.5,4609.5,37.1293
2026-05-02T21:00:00Z,4609.5,4610.5,4607.7,4609.2,22.8788
2026-05-02T22:00:00Z,4609.2,4609.3,4607.6,4607.9,14.3616
2026-05-02T23:00:00Z,4607.9,4609.6,4607.9,4608.4,20.8815
2026-05-03T00:00:00Z,4608.5,4609.7,4608.4,4609.6,13.5597
2026-05-03T01:00:00Z,4609.6,4609.7,4609.4,4609.4,15.2761
2026-05-03T02:00:00Z,4609.4,4609.5,4608.9,4608.9,5.2277
2026-05-03T03:00:00Z,4608.9,4609.0,4601.2,4607.8,216.7693
2026-05-03T04:00:00Z,4607.8,4608.2,4607.8,4608.1,20.985
2026-05-03T05:00:00Z,4608.1,4608.4,4608.1,4608.3,5.7736
2026-05-03T06:00:00Z,4608.3,4609.0,4608.3,4608.9,11.4441
2026-05-03T07:00:00Z,4608.9,4610.1,4608.9,4610.0,14.7838
2026-05-03T08:00:00Z,4610.0,4614.9,4610.0,4614.1,63.2482
2026-05-03T09:00:00Z,4614.1,4615.0,4614.1,4614.9,19.7009
2026-05-03T10:00:00Z,4615.0,4616.2,4614.9,4616.1,3.2322
2026-05-03T11:00:00Z,4616.1,4618.6,4616.1,4618.6,5.5756
2026-05-03T12:00:00Z,4618.6,4623.5,4618.6,4623.4,94.4782
2026-05-03T13:00:00Z,4623.4,4623.7,4623.3,4623.7,122.642
2026-05-03T14:00:00Z,4623.7,4626.6,4623.4,4624.3,69.9426
2026-05-03T15:00:00Z,4624.3,4628.0,4624.3,4627.0,38.5549
2026-05-03T16:00:00Z,4627.0,4631.8,4627.0,4627.7,138.2535
2026-05-03T17:00:00Z,4627.8,4627.8,4620.9,4625.3,93.2014
2026-05-03T18:00:00Z,4625.3,4627.7,4625.3,4626.8,50.5504
2026-05-03T19:00:00Z,4626.7,4631.8,4625.8,4631.7,209.9407
2026-05-03T20:00:00Z,4631.8,4633.6,4631.6,4633.5,327.1163
2026-05-03T21:00:00Z,4633.4,4650.0,4632.8,4641.7,347.2846
2026-05-03T22:00:00Z,4641.6,4641.6,4616.1,4620.9,424.3356
2026-05-03T23:00:00Z,4620.8,4622.3,4613.9,4614.0,229.068
2026-05-04T00:00:00Z,4613.8,4618.2,4605.2,4614.6,163.0948
2026-05-04T01:00:00Z,4614.6,4615.3,4595.4,4615.3,234.6445
2026-05-04T02:00:00Z,4615.4,4619.8,4594.0,4608.6,216.9681
2026-05-04T03:00:00Z,4608.6,4619.8,4600.5,4619.8,218.2783
2026-05-04T04:00:00Z,4608.6,4619.8,4603.7,4606.8,201.42
2026-05-04T05:00:00Z,4606.8,4614.2,4594.1,4601.6,332.0789
2026-05-04T06:00:00Z,4601.5,4602.7,4585.6,4591.2,183.2604
2026-05-04T07:00:00Z,4591.1,4595.3,4580.0,4581.1,196.0802
2026-05-04T08:00:00Z,4581.1,4583.2,4576.2,4578.7,182.9672
2026-05-04T09:00:00Z,4578.4,4586.9,4574.4,4577.6,381.6118
2026-05-04T10:00:00Z,4577.4,4577.4,4527.2,4563.3,1100.8714
2026-05-04T11:00:00Z,4563.4,4571.2,4553.8,4562.3,360.995
2026-05-04T12:00:00Z,4562.4,4580.4,4561.8,4571.0,314.377
2026-05-04T13:00:00Z,4570.4,4576.4,4559.3,4567.2,218.6602
2026-05-04T14:00:00Z,4566.4,4584.0,4556.5,4563.4,597.2457
2026-05-04T15:00:00Z,4563.3,4567.0,4513.9,4524.6,2527.1167
2026-05-04T16:00:00Z,4523.1,4527.3,4503.6,4512.3,1725.8993
2026-05-04T17:00:00Z,4512.4,4534.0,4512.4,4522.9,1505.2844
2026-05-04T18:00:00Z,4523.0,4525.4,4511.3,4518.0,2639.9507
2026-05-04T19:00:00Z,4518.3,4528.9,4513.1,4518.9,1034.2346
2026-05-04T20:00:00Z,4519.8,4525.4,4515.0,4525.4,143.1888
2026-05-04T21:00:00Z,4524.6,4528.8,4524.6,4526.3,80.6932
2026-05-04T22:00:00Z,4525.9,4525.9,4517.8,4519.3,133.7002
2026-05-04T23:00:00Z,4519.0,4523.2,4518.2,4520.9,26.255
2026-05-05T00:00:00Z,4521.0,4532.1,4515.6,4531.0,225.4139
2026-05-05T01:00:00Z,4531.0,4543.6,4528.6,4543.6,78.5878
2026-05-05T02:00:00Z,4542.6,4547.3,4537.2,4541.9,171.7409
2026-05-05T03:00:00Z,4541.2,4543.8,4535.0,4535.8,76.7231
2026-05-05T04:00:00Z,4535.4,4538.7,4529.0,4534.6,121.4266
2026-05-05T05:00:00Z,4534.5,4552.7,4533.2,4546.9,163.5592
2026-05-05T06:00:00Z,4547.2,4553.0,4536.1,4549.3,434.8252
2026-05-05T07:00:00Z,4549.6,4559.8,4545.7,4547.7,494.3234
2026-05-05T08:00:00Z,4547.6,4560.0,4547.6,4559.9,162.1398
2026-05-05T09:00:00Z,4559.9,4562.3,4553.2,4557.5,232.087
2026-05-05T10:00:00Z,4557.4,4557.7,4542.4,4545.6,69.2217
2026-05-05T11:00:00Z,4545.7,4565.9,4541.4,4562.6,468.0211
2026-05-05T12:00:00Z,4562.7,4574.9,4557.1,4566.2,405.3063
2026-05-05T13:00:00Z,4565.4,4587.3,4565.4,4580.7,395.8788
2026-05-05T14:00:00Z,4581.8,4587.6,4567.8,4582.7,483.9549
2026-05-05T15:00:00Z,4582.7,4584.6,4570.7,4570.7,462.2396
2026-05-05T16:00:00Z,4570.7,4570.7,4555.6,4561.4,848.9316
2026-05-05T17:00:00Z,4561.8,4563.3,4553.9,4560.1,776.7816
2026-05-05T18:00:00Z,4560.1,4565.8,4558.2,4560.5,795.7352
2026-05-05T19:00:00Z,4561.2,4561.2,4552.4,4555.7,73.4164
2026-05-05T20:00:00Z,4555.3,4560.3,4554.9,4557.1,87.4234
2026-05-05T21:00:00Z,4557.4,4566.1,4557.2,4560.1,179.5587
2026-05-05T22:00:00Z,4560.1,4577.4,4547.6,4572.3,268.3759
2026-05-05T23:00:00Z,4574.5,4596.8,4570.9,4594.8,600.905
2026-05-06T00:00:00Z,4596.8,4620.3,4590.2,4619.5,674.0182
2026-05-06T01:00:00Z,4620.9,4629.2,4611.1,4626.4,515.8644
2026-05-06T02:00:00Z,4626.8,4642.3,4626.8,4640.1,368.8624
2026-05-06T03:00:00Z,4640.1,4652.5,4639.4,4644.1,414.9915
2026-05-06T04:00:00Z,4644.0,4656.0,4642.9,4649.7,1177.5071
2026-05-06T05:00:00Z,4649.8,4664.8,4645.2,4662.7,608.3809
2026-05-06T06:00:00Z,4662.6,4669.9,4658.0,4669.9,517.0677
2026-05-06T07:00:00Z,4670.0,4683.2,4658.0,4683.2,801.9131
2026-05-06T08:00:00Z,4682.4,4703.3,4672.5,4699.6,557.512
2026-05-06T09:00:00Z,4699.9,4707.6,4690.7,4703.7,773.4113
2026-05-06T10:00:00Z,4703.8,4724.1,4697.5,4719.4,867.4301
2026-05-06T11:00:00Z,4719.0,4721.7,4691.0,4692.5,768.7209
2026-05-06T12:00:00Z,4692.4,4692.4,4661.0,4683.8,980.9865
2026-05-06T13:00:00Z,4683.9,4707.1,4670.3,4702.5,655.0368
2026-05-06T14:00:00Z,4702.2,4716.7,4697.9,4702.6,1812.3609
2026-05-06T15:00:00Z,4702.6,4705.0,4688.4,4688.8,243.3909
2026-05-06T16:00:00Z,4688.2,4691.6,4680.6,4683.4,323.3845
2026-05-06T17:00:00Z,4682.6,4687.5,4680.0,4684.4,82.6429
2026-05-06T18:00:00Z,4684.6,4691.2,4682.9,4687.4,385.5301
2026-05-06T19:00:00Z,4687.4,4701.2,4687.4,4695.1,369.0646
2026-05-06T20:00:00Z,4695.0,4701.1,4688.6,4693.5,1472.6739
2026-05-06T21:00:00Z,4694.2,4694.3,4691.4,4693.2,108.1828
2026-05-06T22:00:00Z,4694.0,4701.0,4690.7,4696.5,276.729
2026-05-06T23:00:00Z,4696.0,4700.0,4692.6,4698.4,80.104
2026-05-07T00:00:00Z,4700.0,4701.9,4686.6,4688.0,342.3352
2026-05-07T01:00:00Z,4689.0,4721.0,4687.0,4715.9,594.9396
2026-05-07T02:00:00Z,4715.8,4719.6,4702.0,4710.0,182.6179
2026-05-07T03:00:00Z,4708.3,4711.0,4700.8,4700.8,326.3979
2026-05-07T04:00:00Z,4700.7,4701.5,4694.2,4698.2,78.7302
2026-05-07T05:00:00Z,4698.5,4707.0,4696.6,4703.4,53.2086
2026-05-07T06:00:00Z,4704.1,4749.8,4704.1,4740.0,608.6757
2026-05-07T07:00:00Z,4739.3,4751.3,4733.6,4744.6,1046.4888
2026-05-07T08:00:00Z,4744.7,4754.0,4733.0,4733.0,429.7383
2026-05-07T09:00:00Z,4732.6,4741.0,4723.9,4731.2,433.5609
2026-05-07T10:00:00Z,4731.0,4741.2,4729.2,4738.6,495.5799
2026-05-07T11:00:00Z,4738.8,4744.8,4730.2,4744.0,215.7541
2026-05-07T12:00:00Z,4744.1,4754.7,4736.0,4751.0,750.8728
2026-05-07T13:00:00Z,4751.0,4760.0,4734.1,4749.2,381.0349
2026-05-07T14:00:00Z,4748.6,4767.6,4744.4,4765.8,923.9129
2026-05-07T15:00:00Z,4765.7,4767.0,4728.7,4730.7,1057.3895
2026-05-07T16:00:00Z,4730.5,4730.7,4703.8,4717.5,1237.7187
2026-05-07T17:00:00Z,4717.8,4720.6,4689.9,4713.7,919.8357
2026-05-07T18:00:00Z,4714.0,4716.5,4698.1,4711.5,301.8511
2026-05-07T19:00:00Z,4711.6,4714.3,4700.8,4706.2,261.3058
2026-05-07T20:00:00Z,4707.8,4721.6,4688.8,4689.4,500.5818
2026-05-07T21:00:00Z,4689.0,4700.8,4652.1,4685.6,1976.5656
2026-05-07T22:00:00Z,4685.5,4698.7,4680.6,4686.3,509.0319
2026-05-07T23:00:00Z,4686.3,4706.3,4686.3,4705.4,87.2489
2026-05-08T00:00:00Z,4706.5,4710.0,4696.2,4702.5,151.179
2026-05-08T01:00:00Z,4704.2,4724.9,4704.2,4723.9,196.3232
2026-05-08T02:00:00Z,4723.3,4732.5,4708.2,4714.0,345.9581
2026-05-08T03:00:00Z,4714.0,4731.8,4713.1,4720.4,196.7058
2026-05-08T04:00:00Z,4720.4,4722.5,4708.9,4710.9,735.2886
2026-05-08T05:00:00Z,4711.5,4730.0,4711.0,4727.4,214.8405
2026-05-08T06:00:00Z,4727.3,4733.2,4713.1,4725.8,557.8392
2026-05-08T07:00:00Z,4725.1,4725.8,4698.7,4708.2,777.8425
2026-05-08T08:00:00Z,4708.0,4722.2,4706.8,4715.9,157.7526
2026-05-08T09:00:00Z,4715.5,4722.6,4708.4,4712.7,98.9741
2026-05-08T10:00:00Z,4712.7,4728.0,4712.7,4719.9,96.906
2026-05-08T11:00:00Z,4721.0,4727.4,4715.0,4718.2,125.9923
2026-05-08T12:00:00Z,4718.2,4731.5,4704.0,4723.4,442.0764
2026-05-08T13:00:00Z,4722.0,4748.2,4716.8,4748.2,486.5604
2026-05-08T14:00:00Z,4747.9,4749.9,4714.8,4717.8,447.1573
2026-05-08T15:00:00Z,4717.7,4720.5,4703.9,4708.6,276.5496
2026-05-08T16:00:00Z,4708.8,4719.9,4707.6,4713.2,159.0345
2026-05-08T17:00:00Z,4713.3,4722.5,4713.3,4721.2,106.1388
2026-05-08T18:00:00Z,4722.3,4729.0,4721.2,4723.6,178.8201
2026-05-08T19:00:00Z,4723.6,4728.7,4722.8,4726.2,832.9927
2026-05-08T20:00:00Z,4726.2,4726.2,4716.3,4718.8,324.6224
2026-05-08T21:00:00Z,4718.9,4720.8,4715.7,4717.7,90.2606
2026-05-08T22:00:00Z,4717.6,4717.6,4715.1,4716.5,17.2253
2026-05-08T23:00:00Z,4716.5,4718.3,4714.0,4715.8,87.7335
2026-05-09T00:00:00Z,4715.4,4715.8,4714.5,4715.7,12.6469
2026-05-09T01:00:00Z,4715.7,4716.9,4715.6,4716.9,9.0597
2026-05-09T02:00:00Z,4716.9,4720.8,4716.8,4719.5,21.0942
2026-05-09T03:00:00Z,4719.5,4719.5,4714.9,4715.9,7.7995
2026-05-09T04:00:00Z,4715.9,4718.0,4714.4,4716.9,30.5153
2026-05-09T05:00:00Z,4716.9,4718.4,4712.3,4716.0,71.3403
2026-05-09T06:00:00Z,4716.0,4718.2,4716.0,4718.2,97.017
2026-05-09T07:00:00Z,4718.2,4723.6,4718.2,4720.5,97.6904
2026-05-09T08:00:00Z,4720.5,4721.0,4718.9,4719.6,35.2859
2026-05-09T09:00:00Z,4719.6,4721.2,4717.4,4720.0,65.6774
2026-05-09T10:00:00Z,4719.6,4719.8,4712.1,4716.6,259.9337
2026-05-09T11:00:00Z,4716.6,4717.6,4716.6,4717.6,16.2059
2026-05-09T12:00:00Z,4717.6,4719.6,4717.5,4718.7,23.9019
2026-05-09T13:00:00Z,4718.7,4719.4,4717.3,4717.4,18.1937
2026-05-09T14:00:00Z,4717.4,4721.7,4716.8,4717.3,60.7964
2026-05-09T15:00:00Z,4717.3,4717.9,4713.2,4717.4,65.3694
2026-05-09T16:00:00Z,4717.4,4718.2,4715.8,4716.5,94.0151
2026-05-09T17:00:00Z,4716.4,4720.2,4716.4,4719.9,54.0735
2026-05-09T18:00:00Z,4719.9,4724.0,4719.8,4722.4,74.9322
2026-05-09T19:00:00Z,4722.4,4723.9,4721.4,4723.5,42.8069
2026-05-09T20:00:00Z,4723.6,4725.0,4723.2,4724.9,33.0244
2026-05-09T21:00:00Z,4724.9,4727.6,4723.8,4726.9,75.3972
2026-05-09T22:00:00Z,4726.9,4727.7,4725.4,4726.1,38.2004
2026-05-09T23:00:00Z,4726.2,4726.7,4721.5,4724.9,81.4343
2026-05-10T00:00:00Z,4724.9,4727.5,4724.8,4727.1,31.3707
2026-05-10T01:00:00Z,4727.1,4727.9,4725.0,4726.0,50.4065
2026-05-10T02:00:00Z,4726.0,4726.4,4723.6,4726.1,70.6098
2026-05-10T03:00:00Z,4726.1,4728.2,4725.6,4728.1,80.2144
2026-05-10T04:00:00Z,4728.2,4731.7,4728.1,4731.4,59.325
2026-05-10T05:00:00Z,4731.4,4731.5,4730.0,4730.8,60.9305
2026-05-10T06:00:00Z,4730.8,4731.5,4730.0,4730.1,58.7386
2026-05-10T07:00:00Z,4730.1,4730.3,4728.5,4728.9,116.317
2026-05-10T08:00:00Z,4728.9,4728.9,4728.8,4728.9,386.6775
2026-05-10T09:00:00Z,4728.9,4729.2,4726.5,4726.6,142.3033
2026-05-10T10:00:00Z,4726.5,4726.7,4725.3,4726.3,162.505
2026-05-10T11:00:00Z,4726.3,4731.5,4726.2,4730.7,154.6092
2026-05-10T12:00:00Z,4730.7,4732.1,4727.5,4728.6,132.6547
2026-05-10T13:00:00Z,4728.5,4735.2,4728.1,4731.6,79.3753
2026-05-10T14:00:00Z,4731.5,4731.6,4728.6,4731.6,95.8061
2026-05-10T15:00:00Z,4731.1,4734.3,4730.1,4733.9,56.508
2026-05-10T16:00:00Z,4733.8,4734.6,4730.6,4732.4,72.7416
2026-05-10T17:00:00Z,4732.3,4737.1,4732.3,4736.5,22.7701
2026-05-10T18:00:00Z,4736.5,4737.1,4732.2,4733.5,39.1153
2026-05-10T19:00:00Z,4733.2,4733.3,4728.2,4733.2,37.8314
2026-05-10T20:00:00Z,4733.2,4733.2,4718.5,4720.0,542.8891
2026-05-10T21:00:00Z,4720.0,4723.4,4710.4,4710.5,232.778
2026-05-10T22:00:00Z,4710.5,4716.2,4683.7,4695.3,1623.3049
2026-05-10T23:00:00Z,4694.7,4702.3,4692.1,4694.1,513.6995
2026-05-11T00:00:00Z,4693.6,4696.3,4673.4,4686.7,466.4104
2026-05-11T01:00:00Z,4687.1,4709.0,4677.7,4688.6,265.1238
2026-05-11T02:00:00Z,4688.7,4704.2,4680.6,4684.9,240.4282
2026-05-11T03:00:00Z,4684.4,4693.3,4679.1,4682.0,224.1315
2026-05-11T04:00:00Z,4682.0,4682.4,4672.5,4676.1,489.2983
2026-05-11T05:00:00Z,4676.1,4683.4,4651.8,4655.5,443.0436
2026-05-11T06:00:00Z,4656.4,4683.6,4652.5,4681.5,237.5714
2026-05-11T07:00:00Z,4682.2,4683.4,4669.0,4671.0,606.7772
2026-05-11T08:00:00Z,4672.0,4682.1,4668.5,4670.9,57.3095
2026-05-11T09:00:00Z,4671.1,4673.7,4655.9,4660.9,131.6423
2026-05-11T10:00:00Z,4660.8,4672.0,4660.6,4668.5,476.682
2026-05-11T11:00:00Z,4668.4,4680.5,4668.4,4676.3,178.4831
2026-05-11T12:00:00Z,4677.5,4704.0,4671.6,4702.5,1100.6912
2026-05-11T13:00:00Z,4702.2,4751.7,4702.2,4740.2,2353.5447
2026-05-11T14:00:00Z,4740.2,4741.4,4718.7,4728.9,1467.3787
2026-05-11T15:00:00Z,4728.9,4740.4,4725.7,4735.9,494.7569
2026-05-11T16:00:00Z,4735.1,4736.7,4712.3,4719.8,304.6548
2026-05-11T17:00:00Z,4719.9,4727.2,4719.5,4726.6,334.9512
2026-05-11T18:00:00Z,4726.6,4732.0,4724.1,4727.9,276.4347
2026-05-11T19:00:00Z,4727.7,4738.0,4725.0,4736.1,190.108
2026-05-11T20:00:00Z,4737.4,4740.0,4733.2,4737.3,286.8373
2026-05-11T21:00:00Z,4736.9,4739.4,4731.4,4737.7,141.4136
2026-05-11T22:00:00Z,4739.3,4757.7,4739.3,4753.0,1411.495
2026-05-11T23:00:00Z,4754.2,4771.9,4750.0,4770.1,363.5023
2026-05-12T00:00:00Z,4769.9,4776.3,4752.0,4752.4,474.4181
2026-05-12T01:00:00Z,4751.8,4758.3,4724.4,4730.1,744.486
2026-05-12T02:00:00Z,4731.0,4737.9,4726.1,4732.6,1558.2517
2026-05-12T03:00:00Z,4732.5,4734.6,4719.8,4721.7,211.9558
2026-05-12T04:00:00Z,4721.6,4731.3,4715.0,4717.5,711.6081
2026-05-12T05:00:00Z,4716.3,4723.2,4711.3,4717.0,403.2364
2026-05-12T06:00:00Z,4716.9,4716.9,4696.8,4699.2,401.177
2026-05-12T07:00:00Z,4699.2,4706.6,4689.2,4702.6,473.2866
2026-05-12T08:00:00Z,4702.6,4709.5,4700.5,4705.1,412.7835
2026-05-12T09:00:00Z,4705.0,4707.1,4697.2,4702.3,229.3329
2026-05-12T10:00:00Z,4702.3,4710.5,4689.1,4696.5,181.8709
2026-05-12T11:00:00Z,4696.6,4711.2,4690.0,4709.7,192.3607
2026-05-12T12:00:00Z,4709.7,4714.9,4694.0,4709.2,563.3565
2026-05-12T13:00:00Z,4709.2,4712.3,4680.2,4682.2,1124.0925
2026-05-12T14:00:00Z,4680.2,4696.8,4670.8,4674.4,1513.5786
2026-05-12T15:00:00Z,4674.8,4677.2,4639.8,4667.7,733.3308
2026-05-12T16:00:00Z,4667.7,4676.0,4666.3,4672.9,365.7655
2026-05-12T17:00:00Z,4672.9,4684.1,4672.9,4681.0,231.2059
2026-05-12T18:00:00Z,4680.6,4699.4,4678.6,4697.9,318.6784
2026-05-12T19:00:00Z,4699.0,4716.0,4698.4,4716.0,414.7943
2026-05-12T20:00:00Z,4716.5,4719.7,4713.7,4715.8,213.5591
2026-05-12T21:00:00Z,4715.2,4715.3,4711.9,4712.9,53.8868
2026-05-12T22:00:00Z,4712.9,4723.2,4712.9,4718.8,146.6651
2026-05-12T23:00:00Z,4718.7,4725.1,4717.5,4719.4,159.1619
2026-05-13T00:00:00Z,4719.2,4727.8,4717.1,4717.2,266.7878
2026-05-13T01:00:00Z,4717.1,4719.6,4704.8,4704.9,431.5828
2026-05-13T02:00:00Z,4705.0,4709.2,4691.7,4695.2,511.2187
2026-05-13T03:00:00Z,4695.2,4708.6,4693.5,4697.9,324.5174
2026-05-13T04:00:00Z,4698.0,4706.3,4698.0,4703.8,154.7107
2026-05-13T05:00:00Z,4702.6,4710.0,4698.3,4705.1,213.119
2026-05-13T06:00:00Z,4705.2,4716.3,4702.6,4704.1,178.0673
2026-05-13T07:00:00Z,4704.1,4710.3,4700.5,4704.9,189.6656
2026-05-13T08:00:00Z,4703.8,4705.0,4696.7,4702.0,301.6755
2026-05-13T09:00:00Z,4702.0,4703.2,4688.3,4703.2,455.3071
2026-05-13T10:00:00Z,4702.6,4712.2,4695.9,4696.4,554.1002
2026-05-13T11:00:00Z,4696.6,4706.8,4694.3,4700.8,249.5706
2026-05-13T12:00:00Z,4700.0,4703.5,4678.3,4685.7,988.5098
2026-05-13T13:00:00Z,4687.4,4695.3,4672.3,4682.0,1029.2134
2026-05-13T14:00:00Z,4682.1,4693.4,4676.6,4683.0,652.9038
2026-05-13T15:00:00Z,4683.4,4702.2,4683.4,4697.8,493.979
2026-05-13T16:00:00Z,4697.7,4711.3,4697.7,4699.2,497.4611
2026-05-13T17:00:00Z,4700.0,4704.0,4688.2,4688.3,256.2586
2026-05-13T18:00:00Z,4688.2,4695.9,4681.2,4686.8,726.766
2026-05-13T19:00:00Z,4686.9,4691.7,4686.0,4689.0,530.2586
2026-05-13T20:00:00Z,4689.6,4694.9,4687.5,4692.0,63.9445
2026-05-13T21:00:00Z,4691.9,4692.0,4688.6,4690.1,83.1731
2026-05-13T22:00:00Z,4691.1,4702.3,4689.9,4702.2,628.1314
2026-05-13T23:00:00Z,4702.2,4703.7,4696.2,4697.5,70.2305
2026-05-14T00:00:00Z,4697.5,4708.2,4692.2,4706.7,80.6247
2026-05-14T01:00:00Z,4708.3,4708.3,4686.6,4691.1,346.4901
2026-05-14T02:00:00Z,4691.0,4701.0,4683.5,4687.6,127.297
2026-05-14T03:00:00Z,4687.5,4693.7,4675.7,4676.5,289.2332
2026-05-14T04:00:00Z,4677.2,4713.7,4670.9,4705.0,529.6306
2026-05-14T05:00:00Z,4704.7,4705.4,4692.2,4692.2,49.8894
2026-05-14T06:00:00Z,4692.5,4703.5,4688.9,4702.2,223.1452
2026-05-14T07:00:00Z,4701.7,4719.4,4693.6,4695.9,312.8889
2026-05-14T08:00:00Z,4695.1,4707.9,4695.1,4696.3,226.4804
2026-05-14T09:00:00Z,4696.4,4703.9,4691.7,4701.6,446.7538
2026-05-14T10:00:00Z,4701.5,4707.1,4694.7,4700.0,168.0801
2026-05-14T11:00:00Z,4700.0,4706.6,4692.6,4698.4,251.6086
2026-05-14T12:00:00Z,4697.5,4711.5,4695.2,4707.3,258.2681
2026-05-14T13:00:00Z,4707.8,4709.9,4669.8,4681.6,799.458
2026-05-14T14:00:00Z,4681.1,4702.1,4680.5,4683.3,391.5284
2026-05-14T15:00:00Z,4682.5,4691.7,4680.9,4687.9,347.6793
2026-05-14T16:00:00Z,4688.0,4688.3,4673.4,4680.9,321.6358
2026-05-14T17:00:00Z,4681.0,4685.0,4680.1,4680.9,88.6563
2026-05-14T18:00:00Z,4680.0,4680.0,4669.6,4674.1,194.871
2026-05-14T19:00:00Z,4673.5,4673.9,4655.2,4657.4,757.0786
2026-05-14T20:00:00Z,4657.5,4659.8,4646.9,4656.3,756.8322
2026-05-14T21:00:00Z,4656.2,4663.1,4656.2,4661.1,168.6249
2026-05-14T22:00:00Z,4661.0,4664.7,4650.5,4664.7,267.5391
2026-05-14T23:00:00Z,4664.7,4666.8,4649.0,4652.6,449.1097
2026-05-15T00:00:00Z,4652.8,4659.8,4617.2,4631.4,903.5779
2026-05-15T01:00:00Z,4631.7,4632.3,4610.0,4614.6,1146.4705
2026-05-15T02:00:00Z,4614.9,4623.7,4611.6,4619.5,260.1941
2026-05-15T03:00:00Z,4618.9,4622.7,4610.5,4617.6,158.1457
2026-05-15T04:00:00Z,4617.8,4622.7,4607.7,4608.2,368.353
2026-05-15T05:00:00Z,4608.4,4608.4,4560.6,4560.6,2519.3342
2026-05-15T06:00:00Z,4560.9,4582.2,4558.5,4571.6,545.5143
2026-05-15T07:00:00Z,4570.0,4590.1,4569.5,4573.9,499.8305
2026-05-15T08:00:00Z,4574.8,4575.2,4552.8,4556.2,578.4657
2026-05-15T09:00:00Z,4557.3,4567.5,4535.7,4549.6,987.8898
2026-05-15T10:00:00Z,4549.9,4574.1,4549.7,4568.2,469.8764
2026-05-15T11:00:00Z,4568.1,4572.9,4553.5,4554.8,479.4727
2026-05-15T12:00:00Z,4553.9,4560.4,4547.1,4548.9,691.0682
2026-05-15T13:00:00Z,4548.9,4559.6,4515.5,4535.3,1780.7337
2026-05-15T14:00:00Z,4536.3,4568.8,4528.5,4565.2,1146.5856
2026-05-15T15:00:00Z,4565.2,4566.4,4537.2,4542.2,603.3797
2026-05-15T16:00:00Z,4543.1,4551.2,4533.1,4548.0,140.532
2026-05-15T17:00:00Z,4548.1,4565.5,4547.7,4562.2,425.7713
2026-05-15T18:00:00Z,4562.3,4565.3,4556.5,4562.9,354.4968
2026-05-15T19:00:00Z,4562.9,4562.9,4549.7,4550.1,147.4878
2026-05-15T20:00:00Z,4550.0,4550.1,4537.1,4544.5,436.1356
2026-05-15T21:00:00Z,4544.2,4544.4,4542.0,4543.7,172.7134
2026-05-15T22:00:00Z,4543.0,4547.5,4541.4,4541.4,55.489
2026-05-15T23:00:00Z,4542.1,4545.2,4540.5,4541.2,53.6416
2026-05-16T00:00:00Z,4541.2,4543.9,4538.9,4542.1,159.7536
2026-05-16T01:00:00Z,4542.2,4543.0,4540.6,4541.5,39.4865
2026-05-16T02:00:00Z,4541.5,4542.5,4541.4,4542.5,6.8267
2026-05-16T03:00:00Z,4542.4,4545.4,4542.4,4543.4,58.9184
2026-05-16T04:00:00Z,4543.4,4543.4,4541.4,4542.6,19.7021
2026-05-16T05:00:00Z,4542.5,4546.8,4542.5,4545.6,11.7262
2026-05-16T06:00:00Z,4545.6,4546.3,4543.6,4543.6,81.3992
2026-05-16T07:00:00Z,4543.6,4543.6,4530.1,4539.7,61.8929
2026-05-16T08:00:00Z,4539.7,4541.4,4539.4,4539.5,291.1589
2026-05-16T09:00:00Z,4539.5,4539.6,4535.6,4536.5,257.2874
2026-05-16T10:00:00Z,4536.4,4536.4,4358.3,4527.1,3704.9451
2026-05-16T11:00:00Z,4527.1,4529.6,4521.3,4527.8,208.2539
2026-05-16T12:00:00Z,4527.9,4530.5,4526.5,4529.9,41.5024
2026-05-16T13:00:00Z,4529.9,4532.0,4527.3,4528.7,56.5984
2026-05-16T14:00:00Z,4528.7,4532.5,4527.8,4532.4,40.6793
2026-05-16T15:00:00Z,4532.4,4536.6,4532.1,4535.8,43.1863
2026-05-16T16:00:00Z,4535.7,4536.0,4535.0,4535.1,10.9033
2026-05-16T17:00:00Z,4535.1,4536.4,4535.0,4535.8,45.3871
2026-05-16T18:00:00Z,4535.8,4550.2,4535.1,4540.1,481.154
2026-05-16T19:00:00Z,4540.1,4540.6,4540.0,4540.6,49.8963
2026-05-16T20:00:00Z,4540.3,4540.4,4538.5,4538.8,63.5402
2026-05-16T21:00:00Z,4538.7,4538.8,4533.4,4533.5,64.2863
2026-05-16T22:00:00Z,4534.0,4537.7,4534.0,4537.3,55.9622
2026-05-16T23:00:00Z,4537.2,4539.7,4537.0,4537.4,76.9542
2026-05-17T00:00:00Z,4537.5,4537.5,4537.4,4537.4,13.2516
2026-05-17T01:00:00Z,4537.4,4537.4,4529.2,4531.6,102.3739
2026-05-17T02:00:00Z,4531.6,4532.9,4530.8,4532.8,73.8543
2026-05-17T03:00:00Z,4532.9,4534.3,4532.8,4533.5,18.4319
2026-05-17T04:00:00Z,4533.5,4533.6,4533.5,4533.6,12.6781
2026-05-17T05:00:00Z,4533.6,4533.6,4529.0,4529.1,15.0348
2026-05-17T06:00:00Z,4529.1,4529.6,4528.1,4529.6,16.266
2026-05-17T07:00:00Z,4529.6,4532.0,4529.5,4532.0,11.2667
2026-05-17T08:00:00Z,4532.0,4532.3,4530.0,4530.7,70.0126
2026-05-17T09:00:00Z,4530.6,4532.2,4530.6,4532.1,19.976
2026-05-17T10:00:00Z,4532.0,4536.9,4532.0,4536.8,32.7478
2026-05-17T11:00:00Z,4536.8,4539.1,4535.9,4539.0,62.0976
2026-05-17T12:00:00Z,4539.0,4540.2,4538.3,4540.0,64.7079
2026-05-17T13:00:00Z,4539.5,4542.0,4537.3,4540.6,22.9734
2026-05-17T14:00:00Z,4540.6,4540.6,4535.7,4537.7,50.9284
2026-05-17T15:00:00Z,4537.6,4540.4,4536.8,4539.0,104.4681
2026-05-17T16:00:00Z,4539.0,4540.8,4538.4,4539.7,19.0034
2026-05-17T17:00:00Z,4539.7,4539.7,4536.1,4536.5,23.8794
2026-05-17T18:00:00Z,4536.6,4537.2,4534.3,4537.2,19.9744
2026-05-17T19:00:00Z,4537.2,4537.2,4530.1,4531.0,85.8401
2026-05-17T20:00:00Z,4531.0,4531.5,4530.0,4530.0,26.4432
2026-05-17T21:00:00Z,4529.8,4541.9,4528.2,4535.6,126.4603
2026-05-17T22:00:00Z,4535.5,4556.1,4532.1,4547.5,407.2729
2026-05-17T23:00:00Z,4547.5,4549.5,4533.6,4539.1,189.1826
2026-05-18T00:00:00Z,4538.7,4542.6,4481.2,4516.1,1403.021
2026-05-18T01:00:00Z,4516.1,4536.7,4491.5,4526.6,730.6561
2026-05-18T02:00:00Z,4526.2,4543.4,4524.2,4534.8,503.8119
2026-05-18T03:00:00Z,4535.5,4548.7,4527.7,4543.0,190.29
2026-05-18T04:00:00Z,4544.7,4551.1,4533.0,4541.3,819.1548
2026-05-18T05:00:00Z,4542.4,4552.6,4532.5,4533.5,175.0491
2026-05-18T06:00:00Z,4534.3,4548.3,4533.6,4547.9,173.5182
2026-05-18T07:00:00Z,4547.3,4560.6,4540.9,4548.7,218.0392
2026-05-18T08:00:00Z,4548.8,4558.2,4546.4,4553.5,136.9175
2026-05-18T09:00:00Z,4551.9,4553.1,4542.5,4545.2,82.7127
2026-05-18T10:00:00Z,4545.2,4549.8,4536.4,4541.8,264.63
2026-05-18T11:00:00Z,4542.4,4568.4,4533.5,4553.8,368.6194
2026-05-18T12:00:00Z,4553.8,4577.0,4549.3,4574.7,515.2815
2026-05-18T13:00:00Z,4575.7,4585.8,4564.9,4578.8,396.935
2026-05-18T14:00:00Z,4578.2,4578.2,4541.4,4548.3,373.5417
2026-05-18T15:00:00Z,4549.5,4549.7,4535.5,4545.5,200.8681
2026-05-18T16:00:00Z,4546.8,4556.0,4537.9,4553.4,169.5835
2026-05-18T17:00:00Z,4552.9,4560.0,4550.1,4550.1,72.8849
2026-05-18T18:00:00Z,4550.1,4550.3,4538.2,4538.8,325.0754
2026-05-18T19:00:00Z,4538.8,4565.8,4538.8,4561.3,328.251
2026-05-18T20:00:00Z,4562.9,4569.4,4561.3,4569.1,48.7754
2026-05-18T21:00:00Z,4569.5,4571.2,4568.4,4569.1,84.3561
2026-05-18T22:00:00Z,4569.1,4579.7,4569.1,4576.0,224.0944
2026-05-18T23:00:00Z,4578.0,4589.0,4578.0,4582.3,396.0381
2026-05-19T00:00:00Z,4584.9,4589.6,4564.0,4564.0,146.9152
2026-05-19T01:00:00Z,4564.6,4572.4,4557.4,4566.4,142.4943
2026-05-19T02:00:00Z,4564.4,4564.4,4547.9,4549.2,182.4786
2026-05-19T03:00:00Z,4549.3,4556.4,4546.1,4548.1,97.6773
2026-05-19T04:00:00Z,4546.9,4547.7,4540.9,4544.8,32.292
2026-05-19T05:00:00Z,4544.8,4548.5,4522.0,4538.9,34003.9324
2026-05-19T06:00:00Z,4538.9,4556.7,4532.7,4548.5,12593.7033
2026-05-19T07:00:00Z,4547.4,4561.8,4544.1,4560.1,6842.1767
2026-05-19T08:00:00Z,4561.2,4561.9,4538.3,4546.0,1758.3806
2026-05-19T09:00:00Z,4545.0,4549.4,4539.7,4544.7,821.7805
2026-05-19T10:00:00Z,4544.0,4546.6,4530.0,4546.5,936.2249
2026-05-19T11:00:00Z,4546.9,4550.0,4534.3,4534.3,757.5384
2026-05-19T12:00:00Z,4534.2,4550.6,4532.0,4541.6,778.6666
2026-05-19T13:00:00Z,4541.5,4541.5,4468.9,4506.4,2604.5919
2026-05-19T14:00:00Z,4506.4,4515.5,4487.7,4496.3,1927.5752
2026-05-19T15:00:00Z,4496.5,4510.0,4493.1,4509.9,464.172
2026-05-19T16:00:00Z,4510.0,4514.3,4498.9,4510.0,148.574
2026-05-19T17:00:00Z,4510.1,4512.3,4501.4,4502.4,103.5985
2026-05-19T18:00:00Z,4502.4,4505.6,4493.5,4496.3,149.3493
2026-05-19T19:00:00Z,4496.1,4498.7,4483.8,4484.8,165.739
2026-05-19T20:00:00Z,4484.8,4489.5,4483.4,4484.6,339.5802
2026-05-19T21:00:00Z,4484.5,4493.2,4483.5,4487.0,198.8008
2026-05-19T22:00:00Z,4486.2,4487.2,4478.5,4485.0,396.7291
2026-05-19T23:00:00Z,4484.4,4496.6,4481.4,4490.4,134.2788
2026-05-20T00:00:00Z,4489.7,4508.3,4481.7,4502.1,715.639
2026-05-20T01:00:00Z,4502.3,4507.5,4458.8,4482.3,1019.199
2026-05-20T02:00:00Z,4482.3,4489.0,4462.7,4467.6,619.8296
2026-05-20T03:00:00Z,4466.3,4469.0,4457.3,4467.6,156.9595
2026-05-20T04:00:00Z,4466.8,4473.2,4460.6,4463.0,74.0359
2026-05-20T05:00:00Z,4463.1,4480.6,4463.1,4474.9,262.1933
2026-05-20T06:00:00Z,4473.3,4480.7,4465.4,4476.8,109.7576
2026-05-20T07:00:00Z,4475.5,4487.1,4474.7,4479.8,214.6929
2026-05-20T08:00:00Z,4480.6,4490.8,4478.5,4486.4,132.3285
2026-05-20T09:00:00Z,4486.4,4492.4,4475.2,4487.4,52.1383
2026-05-20T10:00:00Z,4487.1,4498.3,4486.5,4495.8,410.221
2026-05-20T11:00:00Z,4496.5,4501.3,4493.7,4498.5,107.1563
2026-05-20T12:00:00Z,4499.3,4506.3,4496.3,4498.1,208.3437
2026-05-20T13:00:00Z,4498.1,4507.0,4485.0,4485.0,342.3282
2026-05-20T14:00:00Z,4485.1,4537.5,4470.6,4532.9,2221.0952
2026-05-20T15:00:00Z,4532.6,4554.1,4524.8,4530.2,914.0143
2026-05-20T16:00:00Z,4530.1,4535.4,4526.1,4535.0,217.6912
2026-05-20T17:00:00Z,4535.0,4539.6,4530.9,4531.9,127.459
2026-05-20T18:00:00Z,4531.8,4545.2,4530.0,4542.9,80.7449
2026-05-20T19:00:00Z,4543.2,4549.5,4543.2,4546.7,216.3536
2026-05-20T20:00:00Z,4546.7,4551.1,4542.8,4543.5,83.7045
2026-05-20T21:00:00Z,4543.7,4544.2,4542.0,4543.1,52.2707
2026-05-20T22:00:00Z,4543.2,4546.8,4535.5,4538.2,392.5697
2026-05-20T23:00:00Z,4540.0,4545.3,4536.2,4544.7,30.9406
2026-05-21T00:00:00Z,4544.8,4552.5,4538.0,4545.6,239.7698
2026-05-21T01:00:00Z,4545.2,4569.6,4540.9,4561.0,216.6932
2026-05-21T02:00:00Z,4561.7,4564.3,4529.8,4533.1,1312.1137
2026-05-21T03:00:00Z,4532.5,4538.6,4526.5,4527.7,184.8155
2026-05-21T04:00:00Z,4527.6,4538.6,4527.5,4537.3,169.4689
2026-05-21T05:00:00Z,4537.4,4538.8,4518.7,4527.6,168.4638
2026-05-21T06:00:00Z,4527.5,4537.4,4519.1,4519.2,259.3765
2026-05-21T07:00:00Z,4520.0,4522.5,4512.3,4518.9,500.0594
2026-05-21T08:00:00Z,4518.9,4535.5,4517.7,4532.5,314.9393
2026-05-21T09:00:00Z,4532.4,4542.5,4528.7,4530.3,181.9952
2026-05-21T10:00:00Z,4530.1,4534.4,4504.6,4512.1,848.6477
2026-05-21T11:00:00Z,4512.1,4520.3,4508.8,4513.2,181.1155
2026-05-21T12:00:00Z,4514.4,4518.2,4501.8,4504.3,239.2123
2026-05-21T13:00:00Z,4502.5,4521.5,4488.4,4515.0,1790.1007
2026-05-21T14:00:00Z,4514.4,4515.6,4499.6,4509.3,315.3524
2026-05-21T15:00:00Z,4509.4,4515.6,4498.7,4512.4,167.2827
2026-05-21T16:00:00Z,4512.5,4520.0,4512.5,4519.5,697.686
2026-05-21T17:00:00Z,4520.0,4558.2,4515.4,4551.9,543.0038
2026-05-21T18:00:00Z,4552.5,4553.4,4527.8,4530.6,410.8895
2026-05-21T19:00:00Z,4531.3,4542.5,4530.8,4542.0,103.2959
2026-05-21T20:00:00Z,4542.1,4543.5,4540.0,4541.8,40.4483
2026-05-21T21:00:00Z,4541.8,4543.9,4541.2,4542.1,45.6962
2026-05-21T22:00:00Z,4542.0,4544.9,4540.1,4542.4,50.3615
2026-05-21T23:00:00Z,4543.0,4543.7,4533.1,4535.0,37.9599
2026-05-22T00:00:00Z,4535.6,4539.8,4526.0,4526.0,103.4836
2026-05-22T01:00:00Z,4526.1,4533.2,4522.0,4526.4,153.2281
2026-05-22T02:00:00Z,4527.4,4528.1,4520.2,4521.5,19.4208
2026-05-22T03:00:00Z,4522.5,4529.3,4520.1,4529.0,28.9206
2026-05-22T04:00:00Z,4529.3,4532.0,4526.3,4528.2,57.4668
2026-05-22T05:00:00Z,4528.2,4533.8,4507.9,4510.5,178.9048
2026-05-22T06:00:00Z,4511.9,4528.6,4511.2,4526.1,79.7077
2026-05-22T07:00:00Z,4525.0,4525.8,4517.6,4522.0,96.1379
2026-05-22T08:00:00Z,4522.0,4529.5,4518.5,4521.4,97.6548
2026-05-22T09:00:00Z,4520.9,4534.5,4515.0,4532.6,77.282
2026-05-22T10:00:00Z,4532.5,4535.3,4510.9,4515.3,125.1671
2026-05-22T11:00:00Z,4515.2,4524.6,4512.5,4521.6,305.7456
2026-05-22T12:00:00Z,4521.6,4535.0,4518.7,4528.1,746.0317
2026-05-22T13:00:00Z,4529.0,4537.2,4513.1,4515.6,748.0546
2026-05-22T14:00:00Z,4515.3,4515.3,4493.2,4503.0,643.8621
2026-05-22T15:00:00Z,4503.0,4522.1,4502.8,4520.7,218.2175
2026-05-22T16:00:00Z,4520.0,4528.0,4514.5,4514.5,96.4605
2026-05-22T17:00:00Z,4514.6,4527.2,4514.6,4520.7,121.2124
2026-05-22T18:00:00Z,4520.4,4521.1,4514.8,4517.4,114.8316
2026-05-22T19:00:00Z,4517.0,4517.5,4506.6,4508.9,146.4682
2026-05-22T20:00:00Z,4509.1,4510.0,4505.3,4509.8,44.0682
2026-05-22T21:00:00Z,4508.9,4512.5,4507.3,4512.0,24.054
2026-05-22T22:00:00Z,4512.0,4513.2,4508.9,4509.0,22.6235
2026-05-22T23:00:00Z,4508.5,4508.6,4503.6,4503.8,35.2515
2026-05-23T00:00:00Z,4503.8,4505.7,4502.4,4505.6,22.5226
2026-05-23T01:00:00Z,4505.4,4509.1,4504.2,4507.6,68.3367
2026-05-23T02:00:00Z,4507.5,4509.1,4506.1,4509.1,27.0343
2026-05-23T03:00:00Z,4509.5,4512.5,4508.0,4511.5,46.6688
2026-05-23T04:00:00Z,4511.4,4513.5,4511.4,4513.0,69.1125
2026-05-23T05:00:00Z,4513.0,4513.4,4512.5,4513.4,5.3011
2026-05-23T06:00:00Z,4513.4,4515.8,4513.3,4515.6,7.5903
2026-05-23T07:00:00Z,4515.4,4515.4,4505.2,4505.2,19.8258
2026-05-23T08:00:00Z,4505.5,4505.7,4503.1,4505.7,47.6977
2026-05-23T09:00:00Z,4505.9,4506.2,4505.5,4505.7,23.745
2026-05-23T10:00:00Z,4505.6,4505.7,4504.2,4504.5,31.9931
2026-05-23T11:00:00Z,4504.4,4505.1,4502.6,4503.2,22.6819
2026-05-23T12:00:00Z,4503.0,4503.8,4502.9,4503.4,27.7625
2026-05-23T13:00:00Z,4503.4,4509.0,4503.3,4508.2,43.2923
2026-05-23T14:00:00Z,4508.2,4512.9,4507.8,4511.9,43.2083
2026-05-23T15:00:00Z,4511.8,4512.7,4511.5,4511.5,15.4879
2026-05-23T16:00:00Z,4511.6,4512.4,4511.5,4511.7,27.3055
2026-05-23T17:00:00Z,4511.6,4511.9,4511.6,4511.9,4.5259
2026-05-23T18:00:00Z,4511.8,4518.5,4511.8,4517.7,223.0448
2026-05-23T19:00:00Z,4517.7,4520.9,4517.6,4520.8,195.0859
2026-05-23T20:00:00Z,4520.8,4537.3,4520.1,4535.5,343.7244
2026-05-23T21:00:00Z,4535.3,4536.3,4523.1,4527.0,479.2709
2026-05-23T22:00:00Z,4526.8,4537.6,4526.8,4537.6,431.9109
2026-05-23T23:00:00Z,4537.5,4544.4,4537.4,4544.1,1109.0593
2026-05-24T00:00:00Z,4544.0,4552.0,4542.5,4546.5,1005.907
2026-05-24T01:00:00Z,4546.4,4557.5,4546.4,4555.2,578.1123
2026-05-24T02:00:00Z,4555.2,4559.2,4548.0,4552.3,778.1176
2026-05-24T03:00:00Z,4552.2,4558.3,4550.0,4551.0,592.4849
2026-05-24T04:00:00Z,4551.4,4556.5,4549.8,4554.1,692.761
2026-05-24T05:00:00Z,4554.0,4559.8,4553.2,4559.1,690.2718
2026-05-24T06:00:00Z,4559.1,4560.2,4550.1,4552.0,255.5656
2026-05-24T07:00:00Z,4552.1,4554.4,4551.9,4553.2,185.7061
2026-05-24T08:00:00Z,4553.2,4554.4,4552.5,4552.5,79.7356
2026-05-24T09:00:00Z,4552.5,4553.5,4552.0,4552.1,47.0123
2026-05-24T10:00:00Z,4552.0,4553.4,4546.1,4546.1,324.5722
2026-05-24T11:00:00Z,4546.2,4547.2,4542.4,4544.1,248.7397
2026-05-24T12:00:00Z,4544.2,4544.7,4539.1,4540.0,65.7475
2026-05-24T13:00:00Z,4539.9,4542.1,4535.8,4539.5,108.4896
2026-05-24T14:00:00Z,4539.8,4541.9,4522.7,4530.6,537.4785
2026-05-24T15:00:00Z,4530.6,4531.1,4526.9,4528.7,48.7977
2026-05-24T16:00:00Z,4528.2,4540.4,4527.7,4530.3,455.9077
2026-05-24T17:00:00Z,4530.1,4530.1,4524.4,4524.6,103.4287
2026-05-24T18:00:00Z,4525.0,4526.2,4524.8,4525.5,46.8076
2026-05-24T19:00:00Z,4525.7,4525.9,4521.6,4523.3,61.7334
2026-05-24T20:00:00Z,4522.6,4526.1,4522.2,4524.6,40.8479
2026-05-24T21:00:00Z,4524.7,4532.8,4521.4,4522.5,246.6885
2026-05-24T22:00:00Z,4524.7,4566.8,4524.7,4566.8,1264.6173
2026-05-24T23:00:00Z,4566.9,4580.9,4566.9,4569.6,388.1482
2026-05-25T00:00:00Z,4570.0,4580.3,4569.4,4571.6,226.9624
2026-05-25T01:00:00Z,4571.5,4577.1,4562.9,4564.3,112.7689
2026-05-25T02:00:00Z,4564.4,4571.2,4561.7,4562.4,73.3984
2026-05-25T03:00:00Z,4562.5,4565.8,4560.0,4562.4,52.94
2026-05-25T04:00:00Z,4562.4,4567.0,4562.3,4567.0,39.6365
2026-05-25T05:00:00Z,4567.0,4568.4,4554.6,4554.9,242.8271
2026-05-25T06:00:00Z,4555.0,4562.8,4551.6,4562.0,1422.2154
2026-05-25T07:00:00Z,4562.6,4564.1,4552.2,4562.9,2002.5516
2026-05-25T08:00:00Z,4563.8,4563.9,4552.1,4555.2,1142.9071
2026-05-25T09:00:00Z,4555.3,4567.9,4555.1,4566.9,186.2056
2026-05-25T10:00:00Z,4567.0,4572.4,4566.9,4568.5,300.1821
2026-05-25T11:00:00Z,4568.5,4575.4,4567.9,4570.0,448.0969
2026-05-25T12:00:00Z,4570.0,4570.2,4554.4,4567.4,214.2363
2026-05-25T13:00:00Z,4567.3,4570.0,4560.4,4563.7,396.0044
2026-05-25T14:00:00Z,4564.0,4569.5,4563.3,4566.4,82.9924
2026-05-25T15:00:00Z,4566.3,4573.4,4565.0,4570.1,119.2249
2026-05-25T16:00:00Z,4570.1,4573.6,4566.8,4573.1,444.4149
2026-05-25T17:00:00Z,4573.4,4575.0,4563.1,4565.0,172.0012
2026-05-25T18:00:00Z,4565.0,4571.1,4564.3,4570.7,173.5421
2026-05-25T19:00:00Z,4570.5,4570.5,4567.7,4569.4,100.119
2026-05-25T20:00:00Z,4569.4,4574.1,4569.3,4573.6,167.0497
2026-05-25T21:00:00Z,4573.7,4575.3,4568.2,4568.6,71.407
2026-05-25T22:00:00Z,4569.0,4575.6,4569.0,4574.4,253.6301
2026-05-25T23:00:00Z,4574.4,4580.6,4556.6,4560.6,142.7592
2026-05-26T00:00:00Z,4560.6,4560.6,4540.8,4548.5,251.9956
2026-05-26T01:00:00Z,4549.0,4549.0,4526.8,4536.3,290.7936
2026-05-26T02:00:00Z,4536.4,4538.8,4530.5,4532.5,81.831
2026-05-26T03:00:00Z,4532.1,4543.9,4532.0,4540.9,66.1391
2026-05-26T04:00:00Z,4541.1,4541.8,4523.4,4524.7,184.6102
2026-05-26T05:00:00Z,4524.8,4534.1,4523.1,4528.1,510.2373
2026-05-26T06:00:00Z,4527.6,4535.7,4527.6,4532.1,237.8529
2026-05-26T07:00:00Z,4532.1,4538.4,4523.1,4538.3,314.2766
2026-05-26T08:00:00Z,4538.3,4538.4,4521.0,4523.2,74.1276
2026-05-26T09:00:00Z,4524.8,4526.0,4514.0,4523.1,144.3376
2026-05-26T10:00:00Z,4523.1,4540.0,4520.0,4535.3,93.4995
2026-05-26T11:00:00Z,4535.7,4536.4,4505.9,4508.2,549.4136
2026-05-26T12:00:00Z,4508.4,4523.4,4502.6,4520.7,391.4432
2026-05-26T13:00:00Z,4520.8,4529.6,4514.9,4514.9,335.2623
2026-05-26T14:00:00Z,4514.9,4523.8,4510.0,4515.9,455.5461
2026-05-26T15:00:00Z,4515.8,4515.8,4504.6,4507.0,233.6493
2026-05-26T16:00:00Z,4508.9,4512.0,4502.3,4506.0,97.7663
2026-05-26T17:00:00Z,4507.3,4508.3,4492.1,4492.1,301.7907
2026-05-26T18:00:00Z,4492.2,4499.7,4484.4,4499.5,258.2861
2026-05-26T19:00:00Z,4499.4,4510.7,4499.4,4508.5,150.6365
2026-05-26T20:00:00Z,4510.0,4511.2,4506.7,4509.9,57.0451
2026-05-26T21:00:00Z,4509.8,4511.4,4508.5,4510.1,54.861
2026-05-26T22:00:00Z,4510.1,4513.1,4502.3,4512.9,401.1953
2026-05-26T23:00:00Z,4512.5,4527.2,4506.0,4520.0,234.4321
2026-05-27T00:00:00Z,4520.1,4525.0,4516.6,4516.7,77.7886
2026-05-27T01:00:00Z,4517.2,4520.6,4508.5,4509.7,48.5363
2026-05-27T02:00:00Z,4509.8,4509.9,4500.3,4507.6,45.0401
2026-05-27T03:00:00Z,4507.5,4511.9,4497.6,4498.0,137.5496
2026-05-27T04:00:00Z,4498.3,4516.6,4498.2,4510.9,322.9738
2026-05-27T05:00:00Z,4510.9,4513.9,4494.1,4498.6,164.0482
2026-05-27T06:00:00Z,4499.8,4499.8,4482.1,4486.5,298.8545
2026-05-27T07:00:00Z,4486.8,4489.6,4476.2,4481.2,346.8815
2026-05-27T08:00:00Z,4481.4,4497.6,4481.4,4496.8,433.5877
2026-05-27T09:00:00Z,4496.1,4496.6,4487.1,4490.3,302.7899
2026-05-27T10:00:00Z,4490.2,4490.2,4444.5,4450.0,850.5594
2026-05-27T11:00:00Z,4447.9,4453.6,4427.4,4429.8,722.9367
2026-05-27T12:00:00Z,4430.3,4465.5,4430.3,4441.3,1006.1251
2026-05-27T13:00:00Z,4440.0,4440.0,4404.6,4429.3,1227.5531
2026-05-27T14:00:00Z,4429.6,4457.9,4429.4,4435.9,897.9336
2026-05-27T15:00:00Z,4435.9,4443.4,4431.2,4437.2,341.0888
2026-05-27T16:00:00Z,4437.4,4456.7,4437.4,4453.4,529.4221
2026-05-27T17:00:00Z,4453.2,4456.7,4445.0,4454.7,806.4012
2026-05-27T18:00:00Z,4454.4,4460.5,4451.4,4456.5,469.9958
2026-05-27T19:00:00Z,4457.1,4457.3,4452.6,4453.0,408.268
2026-05-27T20:00:00Z,4453.9,4460.9,4453.9,4459.0,76.42
2026-05-27T21:00:00Z,4459.2,4459.4,4453.6,4455.7,63.1452
2026-05-27T22:00:00Z,4455.7,4466.8,4455.7,4458.9,288.636
2026-05-27T23:00:00Z,4457.6,4458.5,4446.7,4448.8,326.1557
2026-05-28T00:00:00Z,4448.1,4457.7,4445.7,4457.5,83.1551
2026-05-28T01:00:00Z,4458.1,4459.4,4410.6,4412.9,456.8627
2026-05-28T02:00:00Z,4414.5,4414.7,4396.2,4397.2,1042.3977
2026-05-28T03:00:00Z,4397.2,4400.0,4372.3,4378.7,1376.4034
2026-05-28T04:00:00Z,4378.5,4386.3,4370.7,4377.4,1269.3375
2026-05-28T05:00:00Z,4377.4,4397.3,4371.8,4390.9,429.8568
2026-05-28T06:00:00Z,4391.2,4392.2,4378.5,4387.3,402.4029
2026-05-28T07:00:00Z,4387.5,4397.3,4385.1,4389.3,228.2761
2026-05-28T08:00:00Z,4389.9,4396.5,4387.4,4387.7,287.553
2026-05-28T09:00:00Z,4388.6,4399.7,4387.7,4396.3,249.4542
2026-05-28T10:00:00Z,4395.9,4405.1,4379.8,4385.6,278.1521
2026-05-28T11:00:00Z,4385.7,4392.4,4384.1,4389.4,404.832
2026-05-28T12:00:00Z,4390.3,4433.8,4382.3,4433.8,1451.7359
2026-05-28T13:00:00Z,4433.2,4440.0,4419.8,4431.6,2114.2922
2026-05-28T14:00:00Z,4433.0,4480.8,4422.9,4470.5,1629.2683
2026-05-28T15:00:00Z,4470.3,4486.0,4470.3,4481.3,223.1011
2026-05-28T16:00:00Z,4482.3,4512.4,4479.7,4512.4,1679.2605
2026-05-28T17:00:00Z,4511.8,4514.9,4504.1,4509.8,290.7964
2026-05-28T18:00:00Z,4510.0,4515.9,4500.1,4501.9,508.1716
2026-05-28T19:00:00Z,4501.9,4503.8,4498.1,4498.4,272.2863
2026-05-28T20:00:00Z,4498.2,4500.0,4495.3,4496.1,431.4972
2026-05-28T21:00:00Z,4496.0,4497.0,4494.1,4494.8,124.7973
2026-05-28T22:00:00Z,4494.9,4499.4,4492.6,4492.6,459.8114
2026-05-28T23:00:00Z,4492.6,4497.8,4490.4,4495.8,181.7339
2026-05-29T00:00:00Z,4495.6,4501.0,4493.8,4495.9,135.5202
2026-05-29T01:00:00Z,4495.9,4520.2,4494.7,4508.8,463.6456
2026-05-29T02:00:00Z,4508.3,4511.1,4500.6,4503.8,185.9712
2026-05-29T03:00:00Z,4503.0,4503.4,4496.9,4502.5,55.1113
2026-05-29T04:00:00Z,4502.5,4514.8,4502.5,4514.8,103.0442
2026-05-29T05:00:00Z,4514.9,4516.3,4505.1,4513.9,102.3062
2026-05-29T06:00:00Z,4515.0,4522.8,4511.4,4522.5,1762.9299
2026-05-29T07:00:00Z,4523.0,4525.8,4511.5,4524.1,238.1649
2026-05-29T08:00:00Z,4524.0,4524.1,4510.9,4513.6,168.3757
2026-05-29T09:00:00Z,4514.2,4537.5,4513.7,4530.8,683.437
2026-05-29T10:00:00Z,4531.0,4542.1,4526.2,4537.1,336.8431
2026-05-29T11:00:00Z,4537.5,4539.2,4527.7,4538.1,435.6872
2026-05-29T12:00:00Z,4538.2,4538.2,4515.0,4523.2,255.1503
2026-05-29T13:00:00Z,4522.4,4544.5,4518.3,4537.9,1128.98
2026-05-29T14:00:00Z,4538.2,4568.6,4527.2,4564.2,1634.1756
2026-05-29T15:00:00Z,4564.2,4594.4,4559.7,4568.7,1706.6906
2026-05-29T16:00:00Z,4568.7,4574.1,4560.9,4566.2,827.2207
2026-05-29T17:00:00Z,4566.2,4567.3,4551.6,4553.5,499.4573
2026-05-29T18:00:00Z,4553.6,4560.9,4551.2,4555.0,92.0995
2026-05-29T19:00:00Z,4552.8,4558.9,4544.0,4544.7,156.2536
2026-05-29T20:00:00Z,4544.7,4548.7,4538.8,4538.9,167.0289
2026-05-29T21:00:00Z,4538.9,4540.0,4533.1,4539.3,690.1389
2026-05-29T22:00:00Z,4539.3,4547.9,4538.0,4545.0,1249.0733
2026-05-29T23:00:00Z,4544.9,4547.1,4542.4,4546.2,74.6761
2026-05-30T00:00:00Z,4546.2,4547.4,4543.8,4543.8,57.5407
2026-05-30T01:00:00Z,4544.0,4545.8,4543.1,4544.2,16.11
2026-05-30T02:00:00Z,4544.2,4545.6,4543.1,4543.6,30.7553
2026-05-30T03:00:00Z,4543.6,4543.7,4541.1,4541.4,25.8526
2026-05-30T04:00:00Z,4540.9,4541.9,4532.9,4541.9,151.5105
2026-05-30T05:00:00Z,4541.5,4541.6,4539.4,4539.9,39.9875
2026-05-30T06:00:00Z,4539.9,4543.4,4539.1,4542.5,57.2943
2026-05-30T07:00:00Z,4542.8,4542.8,4539.3,4539.3,22.799
2026-05-30T08:00:00Z,4538.7,4542.5,4538.7,4540.8,37.0655
2026-05-30T09:00:00Z,4540.7,4543.0,4540.7,4541.1,45.6733
2026-05-30T10:00:00Z,4541.0,4546.1,4538.9,4544.0,259.9875
2026-05-30T11:00:00Z,4543.7,4543.7,4534.1,4537.0,307.4891
2026-05-30T12:00:00Z,4537.1,4540.2,4536.9,4537.2,56.2392
2026-05-30T13:00:00Z,4537.3,4538.4,4536.8,4538.2,14.2339
2026-05-30T14:00:00Z,4538.2,4538.7,4537.9,4538.1,17.9128
2026-05-30T15:00:00Z,4538.1,4539.0,4536.8,4538.2,17.7633
2026-05-30T16:00:00Z,4538.1,4538.4,4537.1,4537.1,9.4561
2026-05-30T17:00:00Z,4537.1,4537.1,4534.9,4536.5,21.5311
2026-05-30T18:00:00Z,4536.4,4536.4,4535.4,4535.5,3.2627
2026-05-30T19:00:00Z,4535.5,4535.8,4535.0,4535.8,4.7363
2026-05-30T20:00:00Z,4535.7,4536.7,4535.0,4535.1,11.5519
2026-05-30T21:00:00Z,4535.0,4535.2,4532.1,4535.0,20.2702
2026-05-30T22:00:00Z,4534.9,4534.9,4530.7,4531.0,41.5884
2026-05-30T23:00:00Z,4531.3,4533.4,4531.3,4532.3,57.9136
2026-05-31T00:00:00Z,4532.3,4533.6,4532.1,4532.9,20.4387
2026-05-31T01:00:00Z,4532.8,4537.1,4532.0,4535.1,38.9271
2026-05-31T02:00:00Z,4535.1,4535.1,4532.8,4533.3,7.3137
2026-05-31T03:00:00Z,4533.4,4533.6,4532.7,4533.0,4.0219
2026-05-31T04:00:00Z,4533.0,4534.8,4531.3,4531.7,66.1968
2026-05-31T05:00:00Z,4531.7,4543.8,4531.7,4542.9,171.0889
2026-05-31T06:00:00Z,4543.3,4544.6,4541.6,4544.0,46.7653
2026-05-31T07:00:00Z,4544.1,4545.3,4538.3,4542.3,148.6148
2026-05-31T08:00:00Z,4542.3,4542.8,4542.0,4542.1,7.1476
2026-05-31T09:00:00Z,4542.1,4542.4,4538.5,4539.5,52.4283
2026-05-31T10:00:00Z,4539.5,4542.8,4539.3,4539.5,23.627
2026-05-31T11:00:00Z,4539.4,4540.2,4538.8,4540.2,26.1574
2026-05-31T12:00:00Z,4540.2,4544.4,4540.1,4543.0,25.5735
2026-05-31T13:00:00Z,4543.4,4543.4,4539.0,4540.4,62.4664
2026-05-31T14:00:00Z,4540.4,4540.9,4535.5,4538.4,131.3974
2026-05-31T15:00:00Z,4538.4,4540.6,4538.1,4538.9,49.5123
2026-05-31T16:00:00Z,4538.9,4541.3,4538.9,4541.3,13.2585
2026-05-31T17:00:00Z,4541.3,4541.7,4537.8,4540.4,40.1583
2026-05-31T18:00:00Z,4540.1,4540.2,4538.3,4539.9,32.4704
2026-05-31T19:00:00Z,4540.0,4540.2,4536.9,4536.9,16.7707
2026-05-31T20:00:00Z,4537.2,4537.2,4533.3,4535.1,147.2001
2026-05-31T21:00:00Z,4535.1,4540.0,4533.0,4535.1,185.1723
2026-05-31T22:00:00Z,4535.1,4538.2,4517.7,4534.4,796.4763
2026-05-31T23:00:00Z,4534.9,4544.0,4534.9,4540.9,355.2829
2026-06-01T00:00:00Z,4540.8,4544.8,4535.9,4538.8,111.0382
2026-06-01T01:00:00Z,4540.0,4540.0,4524.5,4524.5,116.8963
2026-06-01T02:00:00Z,4525.6,4534.6,4522.4,4522.5,210.0969
2026-06-01T03:00:00Z,4522.5,4524.2,4511.0,4515.7,145.016
2026-06-01T04:00:00Z,4516.6,4519.5,4510.1,4514.0,46.7529
2026-06-01T05:00:00Z,4514.9,4524.0,4514.1,4519.3,55.5763
2026-06-01T06:00:00Z,4517.9,4518.6,4502.2,4502.3,390.4672
2026-06-01T07:00:00Z,4502.2,4509.8,4493.3,4502.1,729.1504
2026-06-01T08:00:00Z,4502.5,4503.6,4492.3,4497.5,111.3832
2026-06-01T09:00:00Z,4497.9,4506.2,4491.3,4495.9,185.3583
2026-06-01T10:00:00Z,4496.0,4511.0,4496.0,4504.4,206.9305
2026-06-01T11:00:00Z,4505.0,4513.1,4501.1,4506.6,157.0629
2026-06-01T12:00:00Z,4505.7,4509.7,4499.2,4502.5,194.272
2026-06-01T13:00:00Z,4503.4,4504.4,4450.8,4452.5,1640.3206
2026-06-01T14:00:00Z,4451.1,4466.2,4450.0,4458.5,388.4767
2026-06-01T15:00:00Z,4461.8,4480.5,4458.3,4475.2,612.4277
2026-06-01T16:00:00Z,4475.9,4484.0,4466.0,4482.6,1351.1555
2026-06-01T17:00:00Z,4482.9,4496.6,4474.5,4489.6,282.9922
2026-06-01T18:00:00Z,4489.3,4491.7,4487.2,4489.2,403.7054
2026-06-01T19:00:00Z,4489.2,4489.8,4481.0,4482.3,97.3165
2026-06-01T20:00:00Z,4482.2,4486.4,4482.2,4485.7,44.1276
2026-06-01T21:00:00Z,4485.6,4487.7,4482.0,4486.0,175.122
2026-06-01T22:00:00Z,4486.0,4488.1,4482.5,4488.1,205.1984
2026-06-01T23:00:00Z,4487.6,4491.1,4481.8,4486.8,96.5016
2026-06-02T00:00:00Z,4486.7,4498.5,4479.9,4482.9,126.5182
2026-06-02T01:00:00Z,4482.8,4493.5,4466.4,4477.0,299.3133
2026-06-02T02:00:00Z,4477.0,4486.6,4472.3,4486.2,876.0159
2026-06-02T03:00:00Z,4486.2,4500.8,4486.1,4500.8,872.1261
2026-06-02T04:00:00Z,4500.7,4518.7,4499.7,4518.7,313.9308
2026-06-02T05:00:00Z,4518.6,4528.4,4518.6,4519.5,301.5923
2026-06-02T06:00:00Z,4519.9,4538.0,4519.5,4536.7,338.6849
2026-06-02T07:00:00Z,4536.8,4540.8,4530.1,4536.0,239.5966
2026-06-02T08:00:00Z,4536.7,4539.3,4527.3,4527.9,98.8681
2026-06-02T09:00:00Z,4527.9,4535.0,4522.9,4530.9,128.2769
2026-06-02T10:00:00Z,4530.7,4534.0,4526.8,4534.0,136.3594
2026-06-02T11:00:00Z,4533.9,4534.8,4527.9,4528.0,161.7904
2026-06-02T12:00:00Z,4528.9,4535.0,4516.0,4516.1,157.8577
2026-06-02T13:00:00Z,4516.7,4525.0,4504.5,4504.8,274.5578
2026-06-02T14:00:00Z,4504.8,4507.5,4492.4,4505.1,577.2339
2026-06-02T15:00:00Z,4505.0,4509.6,4503.3,4505.1,379.3298
2026-06-02T16:00:00Z,4505.1,4505.1,4487.7,4493.1,345.3215
2026-06-02T17:00:00Z,4493.1,4494.2,4484.1,4485.9,135.325
2026-06-02T18:00:00Z,4486.2,4491.4,4480.7,4489.4,199.5396
2026-06-02T19:00:00Z,4489.4,4490.8,4484.7,4489.4,137.4717
2026-06-02T20:00:00Z,4489.5,4492.7,4488.3,4491.2,103.6126
2026-06-02T21:00:00Z,4492.0,4492.0,4487.8,4487.8,64.9714
2026-06-02T22:00:00Z,4489.0,4493.6,4485.9,4485.9,657.4002
2026-06-02T23:00:00Z,4485.5,4487.6,4462.3,4474.9,850.2865
2026-06-03T00:00:00Z,4475.4,4496.5,4475.1,4488.0,113.3892
2026-06-03T01:00:00Z,4487.4,4487.4,4466.2,4476.4,61.7681
2026-06-03T02:00:00Z,4475.2,4483.9,4474.3,4482.1,29.1136
2026-06-03T03:00:00Z,4482.1,4487.1,4482.1,4484.0,36.216
2026-06-03T04:00:00Z,4484.0,4487.1,4469.8,4470.1,189.8851
2026-06-03T05:00:00Z,4469.4,4474.3,4456.1,4456.7,462.1713
2026-06-03T06:00:00Z,4457.2,4469.9,4456.1,4462.4,625.6218
2026-06-03T07:00:00Z,4462.5,4471.6,4455.1,4455.4,675.388
2026-06-03T08:00:00Z,4455.1,4459.8,4440.9,4443.5,778.7876
2026-06-03T09:00:00Z,4443.7,4458.4,4441.4,4443.5,168.3203
2026-06-03T10:00:00Z,4443.1,4468.8,4443.1,4461.1,679.7111
2026-06-03T11:00:00Z,4461.1,4469.1,4461.1,4463.2,83.6953
2026-06-03T12:00:00Z,4464.0,4467.5,4450.6,4461.5,300.4016
2026-06-03T13:00:00Z,4461.1,4466.0,4429.3,4444.7,1089.4251
2026-06-03T14:00:00Z,4445.0,4460.7,4443.7,4458.3,367.6306
2026-06-03T15:00:00Z,4458.6,4458.6,4438.9,4443.1,235.8267
2026-06-03T16:00:00Z,4443.5,4444.6,4435.9,4443.6,349.4789
2026-06-03T17:00:00Z,4443.6,4450.3,4438.7,4440.7,388.046
2026-06-03T18:00:00Z,4440.8,4444.3,4437.9,4443.3,108.6527
2026-06-03T19:00:00Z,4443.4,4454.0,4443.3,4446.1,269.9463
2026-06-03T20:00:00Z,4447.3,4447.3,4433.3,4436.2,179.9775
2026-06-03T21:00:00Z,4436.2,4447.4,4436.2,4446.6,218.6367
2026-06-03T22:00:00Z,4445.2,4452.5,4426.0,4448.2,584.1036
2026-06-03T23:00:00Z,4450.4,4464.1,4447.5,4458.7,711.3849
2026-06-04T00:00:00Z,4457.5,4465.0,4446.5,4450.0,531.0189
2026-06-04T01:00:00Z,4449.1,4474.1,4446.3,4466.3,597.5726
2026-06-04T02:00:00Z,4467.0,4477.2,4458.2,4477.2,208.5519
2026-06-04T03:00:00Z,4477.3,4478.8,4460.3,4465.7,142.8395
2026-06-04T04:00:00Z,4465.8,4485.3,4464.6,4481.9,137.6644
2026-06-04T05:00:00Z,4481.9,4482.8,4469.7,4470.7,156.7522
2026-06-04T06:00:00Z,4470.9,4478.0,4464.5,4469.5,302.5449
2026-06-04T07:00:00Z,4469.1,4472.1,4462.0,4462.7,517.2719
2026-06-04T08:00:00Z,4462.9,4470.4,4461.1,4466.0,174.6931
2026-06-04T09:00:00Z,4465.8,4478.1,4464.2,4472.9,328.6102
2026-06-04T10:00:00Z,4473.0,4477.5,4467.2,4477.5,627.3502
2026-06-04T11:00:00Z,4476.5,4516.7,4472.0,4515.5,966.2322
2026-06-04T12:00:00Z,4515.3,4516.6,4493.9,4507.5,822.1124
2026-06-04T13:00:00Z,4507.2,4516.7,4498.4,4498.4,668.6522
2026-06-04T14:00:00Z,4499.9,4502.3,4460.1,4467.9,679.1753
2026-06-04T15:00:00Z,4468.0,4481.0,4467.4,4480.1,240.4849
2026-06-04T16:00:00Z,4480.2,4486.1,4478.3,4484.4,188.228
2026-06-04T17:00:00Z,4484.0,4484.0,4476.4,4479.7,256.1129
2026-06-04T18:00:00Z,4479.2,4482.6,4475.6,4479.6,78.9356
2026-06-04T19:00:00Z,4479.7,4484.5,4479.5,4482.4,86.6678
2026-06-04T20:00:00Z,4482.3,4482.3,4476.8,4477.2,63.275
2026-06-04T21:00:00Z,4477.2,4478.7,4475.6,4476.0,121.5372
2026-06-04T22:00:00Z,4476.4,4482.2,4470.0,4470.0,133.9652
2026-06-04T23:00:00Z,4470.7,4474.5,4463.0,4463.0,664.912
2026-06-05T00:00:00Z,4462.9,4467.5,4452.5,4461.7,180.5121
2026-06-05T01:00:00Z,4461.1,4470.0,4445.7,4448.0,184.1012
2026-06-05T02:00:00Z,4448.2,4455.0,4438.8,4441.0,480.5961
2026-06-05T03:00:00Z,4441.0,4443.4,4436.3,4442.4,119.0329
2026-06-05T04:00:00Z,4442.5,4446.5,4438.9,4446.5,139.2102
2026-06-05T05:00:00Z,4446.5,4450.1,4441.0,4441.0,337.159
2026-06-05T06:00:00Z,4440.9,4456.9,4430.0,4453.5,514.5356
2026-06-05T07:00:00Z,4453.5,4467.4,4453.0,4463.1,97.5381
2026-06-05T08:00:00Z,4460.7,4468.0,4460.5,4463.5,110.0845
2026-06-05T09:00:00Z,4463.4,4470.1,4461.5,4466.0,321.8237
2026-06-05T10:00:00Z,4465.7,4469.0,4464.7,4468.5,24.3116
2026-06-05T11:00:00Z,4468.3,4475.2,4462.6,4471.9,161.8932
2026-06-05T12:00:00Z,4471.8,4476.6,4408.0,4408.0,962.8635
2026-06-05T13:00:00Z,4408.1,4422.0,4368.7,4368.8,2575.1943
2026-06-05T14:00:00Z,4368.7,4381.4,4347.5,4372.9,2618.3061
2026-06-05T15:00:00Z,4372.9,4374.9,4335.8,4337.0,1083.0898
2026-06-05T16:00:00Z,4336.9,4347.4,4327.9,4347.4,907.94
2026-06-05T17:00:00Z,4347.5,4349.8,4339.1,4344.0,313.4141
2026-06-05T18:00:00Z,4344.2,4344.3,4317.1,4325.1,652.9463
2026-06-05T19:00:00Z,4324.2,4326.6,4315.5,4320.7,492.7433
2026-06-05T20:00:00Z,4321.4,4333.1,4315.4,4332.6,344.331
2026-06-05T21:00:00Z,4332.6,4337.9,4329.8,4337.6,494.0904
2026-06-05T22:00:00Z,4337.5,4339.2,4329.1,4329.1,130.7521
2026-06-05T23:00:00Z,4329.8,4331.1,4324.6,4325.8,71.4753
2026-06-06T00:00:00Z,4325.8,4336.8,4325.8,4335.6,57.4289
2026-06-06T01:00:00Z,4335.5,4336.1,4321.5,4326.1,473.6295
2026-06-06T02:00:00Z,4326.2,4326.2,4323.8,4326.2,128.8943
2026-06-06T03:00:00Z,4326.3,4326.3,4320.0,4322.5,93.1515
2026-06-06T04:00:00Z,4322.5,4322.8,4312.5,4312.5,444.235
2026-06-06T05:00:00Z,4312.5,4316.0,4294.1,4315.9,682.1947
2026-06-06T06:00:00Z,4316.0,4319.8,4312.8,4312.8,172.8346
2026-06-06T07:00:00Z,4312.9,4319.4,4312.8,4314.8,170.0252
2026-06-06T08:00:00Z,4314.8,4316.8,4313.2,4314.1,22.8959
2026-06-06T09:00:00Z,4313.6,4315.9,4312.1,4312.1,65.7569
2026-06-06T10:00:00Z,4312.1,4312.3,4305.2,4305.2,85.1753
2026-06-06T11:00:00Z,4305.7,4312.6,4305.7,4312.6,72.7163
2026-06-06T12:00:00Z,4312.6,4314.0,4308.2,4311.4,120.7209
2026-06-06T13:00:00Z,4311.4,4313.9,4310.1,4312.2,31.408
2026-06-06T14:00:00Z,4312.1,4312.2,4308.4,4309.0,121.7679
2026-06-06T15:00:00Z,4308.3,4308.4,4305.5,4306.5,72.2821
2026-06-06T16:00:00Z,4306.2,4306.8,4302.7,4305.9,169.4748
2026-06-06T17:00:00Z,4305.9,4312.8,4305.9,4310.0,117.8965
2026-06-06T18:00:00Z,4310.2,4311.0,4307.8,4308.0,134.5736
2026-06-06T19:00:00Z,4308.0,4308.9,4306.4,4308.0,32.9319
2026-06-06T20:00:00Z,4306.8,4307.0,4306.1,4306.1,30.9995
2026-06-06T21:00:00Z,4306.2,4308.9,4305.5,4305.6,83.8565
2026-06-06T22:00:00Z,4305.6,4307.4,4302.9,4305.4,184.1272
2026-06-06T23:00:00Z,4305.7,4311.1,4305.0,4311.1,34.3475
2026-06-07T00:00:00Z,4310.9,4312.4,4309.0,4310.3,25.0255
2026-06-07T01:00:00Z,4312.2,4317.9,4310.7,4317.9,35.9812
2026-06-07T02:00:00Z,4317.9,4320.7,4317.3,4319.7,80.9924
2026-06-07T03:00:00Z,4319.8,4321.6,4315.9,4315.9,41.7203
2026-06-07T04:00:00Z,4316.9,4320.0,4313.5,4319.9,30.6517
2026-06-07T05:00:00Z,4320.0,4320.3,4317.7,4319.1,9.5893
2026-06-07T06:00:00Z,4319.1,4327.0,4318.6,4324.0,44.0672
2026-06-07T07:00:00Z,4324.0,4324.4,4321.8,4323.7,83.737
2026-06-07T08:00:00Z,4324.2,4332.6,4323.2,4332.3,249.6514
2026-06-07T09:00:00Z,4332.3,4332.4,4322.0,4327.3,74.624
2026-06-07T10:00:00Z,4327.3,4327.3,4320.2,4321.7,67.5528
2026-06-07T11:00:00Z,4322.3,4324.5,4321.3,4323.8,14.7823
2026-06-07T12:00:00Z,4323.3,4323.3,4315.9,4317.4,66.8542
2026-06-07T13:00:00Z,4317.4,4317.4,4312.2,4314.8,172.4133
2026-06-07T14:00:00Z,4314.8,4324.0,4314.5,4318.8,62.4695
2026-06-07T15:00:00Z,4318.8,4323.4,4318.8,4320.3,61.9868
2026-06-07T16:00:00Z,4319.7,4323.9,4319.7,4322.9,42.2977
2026-06-07T17:00:00Z,4322.9,4324.0,4322.9,4323.9,5.4217
2026-06-07T18:00:00Z,4324.0,4325.6,4322.5,4322.6,23.3761
2026-06-07T19:00:00Z,4322.2,4322.8,4311.4,4319.9,310.9855
2026-06-07T20:00:00Z,4319.8,4323.3,4318.2,4318.5,39.3216
2026-06-07T21:00:00Z,4318.4,4329.3,4315.7,4315.7,235.5252
2026-06-07T22:00:00Z,4316.9,4334.9,4313.0,4320.9,1320.2041
2026-06-07T23:00:00Z,4318.9,4347.9,4318.9,4345.5,215.602
2026-06-08T00:00:00Z,4343.7,4355.3,4340.2,4344.2,875.5043
2026-06-08T01:00:00Z,4342.3,4343.6,4301.8,4327.1,1709.2704
2026-06-08T02:00:00Z,4328.5,4331.4,4309.6,4314.5,278.0154
2026-06-08T03:00:00Z,4313.4,4318.1,4305.8,4316.8,186.8782
2026-06-08T04:00:00Z,4317.6,4322.5,4309.3,4313.6,427.8583
2026-06-08T05:00:00Z,4314.6,4316.7,4270.2,4292.2,1801.9291
2026-06-08T06:00:00Z,4293.9,4310.7,4293.9,4300.0,556.7065
2026-06-08T07:00:00Z,4300.4,4316.6,4297.0,4297.0,177.5858
2026-06-08T08:00:00Z,4297.1,4297.7,4286.5,4290.2,437.9932
2026-06-08T09:00:00Z,4289.3,4301.5,4274.5,4293.7,282.3734
2026-06-08T10:00:00Z,4294.6,4304.9,4287.5,4302.1,269.5326
2026-06-08T11:00:00Z,4303.4,4332.4,4298.8,4330.9,738.6544
2026-06-08T12:00:00Z,4328.2,4338.3,4320.0,4332.2,667.8262
2026-06-08T13:00:00Z,4332.2,4345.4,4321.7,4327.3,468.9266
2026-06-08T14:00:00Z,4328.0,4331.7,4316.9,4331.7,274.5653
2026-06-08T15:00:00Z,4332.0,4344.1,4323.4,4341.5,555.5257
2026-06-08T16:00:00Z,4341.1,4345.5,4338.1,4340.1,235.0007
2026-06-08T17:00:00Z,4340.2,4341.3,4331.8,4338.4,94.8513
2026-06-08T18:00:00Z,4338.7,4345.0,4333.1,4334.4,67.0152
2026-06-08T19:00:00Z,4334.1,4337.8,4325.1,4327.7,132.4988
2026-06-08T20:00:00Z,4328.1,4330.8,4326.6,4330.8,98.7209
2026-06-08T21:00:00Z,4331.1,4337.9,4331.1,4337.2,208.5543
2026-06-08T22:00:00Z,4336.8,4336.8,4324.7,4328.0,104.9538
2026-06-08T23:00:00Z,4329.2,4329.3,4314.3,4317.2,81.9878
2026-06-09T00:00:00Z,4316.6,4323.3,4315.2,4318.7,85.4255
2026-06-09T01:00:00Z,4321.1,4338.4,4319.5,4336.8,77.2723
2026-06-09T02:00:00Z,4335.7,4339.9,4329.0,4334.8,66.6367
2026-06-09T03:00:00Z,4335.2,4340.9,4331.5,4335.0,289.3272
2026-06-09T04:00:00Z,4334.6,4338.7,4325.7,4327.3,174.1165
2026-06-09T05:00:00Z,4332.5,4350.5,4331.5,4345.1,169.681
2026-06-09T06:00:00Z,4348.5,4348.8,4332.1,4332.1,113.3358
2026-06-09T07:00:00Z,4332.0,4334.8,4323.3,4326.2,87.4429
2026-06-09T08:00:00Z,4326.4,4335.6,4321.9,4326.9,120.7247
2026-06-09T09:00:00Z,4326.4,4335.2,4325.6,4333.2,951.338
2026-06-09T10:00:00Z,4333.8,4341.0,4328.0,4340.7,103.3971
2026-06-09T11:00:00Z,4340.7,4343.9,4337.0,4341.3,262.1013
2026-06-09T12:00:00Z,4341.2,4347.4,4337.1,4341.8,640.3638
2026-06-09T13:00:00Z,4341.8,4365.0,4327.5,4331.0,492.8422
2026-06-09T14:00:00Z,4331.1,4336.8,4280.1,4301.5,1235.2134
2026-06-09T15:00:00Z,4302.1,4302.5,4263.1,4273.5,2269.3121
2026-06-09T16:00:00Z,4272.9,4280.3,4236.6,4251.8,2201.3691
2026-06-09T17:00:00Z,4252.8,4269.2,4252.8,4263.9,508.07
2026-06-09T18:00:00Z,4263.9,4274.2,4262.0,4271.3,207.26
2026-06-09T19:00:00Z,4270.6,4271.1,4251.6,4258.8,216.8568
2026-06-09T20:00:00Z,4259.4,4263.5,4257.4,4262.5,72.1371
2026-06-09T21:00:00Z,4262.6,4264.1,4257.5,4257.8,213.7616
2026-06-09T22:00:00Z,4257.7,4258.3,4233.1,4238.3,733.6355
2026-06-09T23:00:00Z,4238.3,4247.0,4212.7,4222.6,545.465
2026-06-10T00:00:00Z,4222.4,4227.7,4200.5,4218.8,523.4752
2026-06-10T01:00:00Z,4218.3,4218.3,4186.2,4190.2,735.4377
2026-06-10T02:00:00Z,4190.8,4192.5,4174.9,4176.0,595.6355
2026-06-10T03:00:00Z,4176.0,4186.4,4171.3,4185.3,1165.3242
2026-06-10T04:00:00Z,4185.7,4187.9,4172.8,4175.9,514.9761
2026-06-10T05:00:00Z,4175.1,4208.7,4174.0,4205.0,298.1424
2026-06-10T06:00:00Z,4205.1,4220.6,4202.2,4203.3,367.7376
2026-06-10T07:00:00Z,4203.4,4207.1,4182.6,4187.5,140.3118
2026-06-10T08:00:00Z,4186.8,4186.8,4162.8,4170.3,627.4347
2026-06-10T09:00:00Z,4170.9,4179.6,4164.7,4170.1,153.4586
2026-06-10T10:00:00Z,4170.1,4178.3,4156.8,4174.7,421.6378
2026-06-10T11:00:00Z,4176.1,4176.2,4146.5,4148.2,786.204
2026-06-10T12:00:00Z,4148.8,4179.6,4133.5,4149.0,2279.4293
2026-06-10T13:00:00Z,4149.0,4187.6,4136.0,4180.3,1657.9549
2026-06-10T14:00:00Z,4180.3,4181.1,4121.0,4127.0,1056.3316
2026-06-10T15:00:00Z,4127.2,4139.4,4110.0,4130.0,2079.9885
2026-06-10T16:00:00Z,4130.4,4135.7,4118.7,4123.0,1258.3985
2026-06-10T17:00:00Z,4123.1,4134.9,4104.1,4114.4,1767.553
2026-06-10T18:00:00Z,4114.5,4122.8,4101.0,4104.6,675.0269
2026-06-10T19:00:00Z,4104.6,4105.3,4082.9,4085.0,1370.6896
2026-06-10T20:00:00Z,4085.1,4085.3,4067.1,4072.4,1307.3639
2026-06-10T21:00:00Z,4072.4,4076.3,4070.9,4075.2,424.3654
2026-06-10T22:00:00Z,4075.2,4075.3,4037.9,4046.7,1650.9633
2026-06-10T23:00:00Z,4046.7,4065.0,4026.1,4048.9,1424.6137
2026-06-11T00:00:00Z,4048.9,4078.3,4037.6,4077.0,1233.7041
2026-06-11T01:00:00Z,4077.0,4118.4,4067.9,4101.9,1430.2972
2026-06-11T02:00:00Z,4101.9,4101.9,4054.8,4069.9,1244.8402
2026-06-11T03:00:00Z,4069.8,4079.5,4060.0,4074.3,271.023
2026-06-11T04:00:00Z,4074.6,4087.4,4072.1,4083.9,351.2146
2026-06-11T05:00:00Z,4083.9,4107.6,4074.8,4095.6,909.0709
2026-06-11T06:00:00Z,4095.5,4098.8,4077.9,4096.0,229.9691
2026-06-11T07:00:00Z,4095.9,4111.9,4093.5,4107.4,661.019
2026-06-11T08:00:00Z,4107.4,4113.3,4086.6,4086.6,271.9349
2026-06-11T09:00:00Z,4086.1,4097.9,4080.0,4093.4,1381.485
2026-06-11T10:00:00Z,4094.1,4096.7,4088.2,4091.5,520.1327
2026-06-11T11:00:00Z,4091.5,4098.1,4082.2,4082.3,523.4653
2026-06-11T12:00:00Z,4082.4,4088.8,4059.4,4083.7,1585.414
2026-06-11T13:00:00Z,4084.4,4094.8,4068.9,4085.8,792.6845
2026-06-11T14:00:00Z,4086.3,4088.2,4056.1,4075.5,644.5985
2026-06-11T15:00:00Z,4075.5,4095.0,4073.4,4091.5,1000.3132
2026-06-11T16:00:00Z,4091.1,4107.8,4077.8,4080.9,2594.9718
2026-06-11T17:00:00Z,4080.9,4170.0,4072.3,4153.2,3798.4744
2026-06-11T18:00:00Z,4154.8,4171.9,4133.0,4162.3,1765.6842
2026-06-11T19:00:00Z,4164.3,4220.8,4164.3,4209.8,2156.26
2026-06-11T20:00:00Z,4212.1,4218.7,4209.5,4214.2,567.2374
2026-06-11T21:00:00Z,4214.6,4215.4,4208.5,4211.1,243.3704
2026-06-11T22:00:00Z,4211.1,4247.8,4207.0,4244.8,1831.2752
2026-06-11T23:00:00Z,4246.1,4246.5,4216.0,4222.0,471.1327
2026-06-12T00:00:00Z,4222.1,4230.9,4202.9,4208.3,482.3992
2026-06-12T01:00:00Z,4208.8,4210.9,4174.5,4188.4,401.3327
2026-06-12T02:00:00Z,4188.7,4200.0,4183.9,4192.8,523.3372
2026-06-12T03:00:00Z,4193.0,4205.8,4192.1,4198.3,267.393
2026-06-12T04:00:00Z,4197.6,4202.2,4191.6,4192.2,71.9339
2026-06-12T05:00:00Z,4192.6,4192.8,4172.0,4173.7,384.3617
2026-06-12T06:00:00Z,4173.7,4186.8,4173.6,4185.0,657.825
2026-06-12T07:00:00Z,4184.7,4192.8,4170.3,4192.8,264.1313
2026-06-12T08:00:00Z,4192.8,4226.2,4192.8,4221.2,843.8145
2026-06-12T09:00:00Z,4221.2,4230.5,4219.5,4223.5,671.9903
2026-06-12T10:00:00Z,4223.4,4226.6,4203.7,4210.6,718.5891
2026-06-12T11:00:00Z,4210.7,4214.8,4197.8,4208.5,318.6756
2026-06-12T12:00:00Z,4208.4,4215.0,4189.6,4192.6,475.6234
2026-06-12T13:00:00Z,4192.4,4209.0,4184.7,4186.3,586.4493
2026-06-12T14:00:00Z,4186.0,4207.5,4179.3,4206.3,532.7368
2026-06-12T15:00:00Z,4204.8,4236.9,4201.6,4213.5,1808.2595
2026-06-12T16:00:00Z,4213.5,4234.4,4210.2,4218.7,559.6147
2026-06-12T17:00:00Z,4218.8,4226.1,4216.6,4223.1,133.1297
2026-06-12T18:00:00Z,4223.6,4236.1,4217.2,4217.9,261.0443
2026-06-12T19:00:00Z,4217.9,4221.0,4204.7,4213.8,273.4973
2026-06-12T20:00:00Z,4213.7,4220.8,4212.2,4220.8,134.3541
2026-06-12T21:00:00Z,4220.8,4220.8,4215.6,4217.3,87.4639
2026-06-12T22:00:00Z,4217.4,4219.4,4214.1,4217.4,48.667
2026-06-12T23:00:00Z,4217.4,4220.1,4216.9,4220.1,13.9899
2026-06-13T00:00:00Z,4220.3,4221.0,4218.8,4219.7,32.5612
2026-06-13T01:00:00Z,4219.8,4220.8,4219.0,4220.7,38.9023
2026-06-13T02:00:00Z,4220.8,4221.4,4218.4,4219.8,51.36
2026-06-13T03:00:00Z,4219.8,4221.1,4218.6,4220.9,48.8401
2026-06-13T04:00:00Z,4220.5,4224.2,4218.1,4223.0,91.7856
2026-06-13T05:00:00Z,4222.6,4222.7,4221.7,4222.3,26.7047
2026-06-13T06:00:00Z,4222.3,4222.4,4220.2,4222.3,61.0432
2026-06-13T07:00:00Z,4222.3,4225.8,4222.0,4225.0,35.618
2026-06-13T08:00:00Z,4224.7,4224.9,4221.7,4222.0,19.1751
2026-06-13T09:00:00Z,4221.6,4223.1,4221.5,4223.0,19.5773
2026-06-13T10:00:00Z,4222.4,4222.9,4221.0,4222.1,15.9518
2026-06-13T11:00:00Z,4222.2,4223.8,4222.1,4223.6,24.8683
2026-06-13T12:00:00Z,4223.6,4226.8,4223.5,4226.2,22.533
2026-06-13T13:00:00Z,4226.2,4227.0,4224.7,4226.5,47.3636
2026-06-13T14:00:00Z,4226.5,4226.5,4221.7,4224.4,69.9444
2026-06-13T15:00:00Z,4224.4,4227.9,4224.4,4227.5,20.5867
2026-06-13T16:00:00Z,4226.8,4229.9,4203.0,4226.4,473.186
2026-06-13T17:00:00Z,4226.4,4229.5,4225.7,4226.0,179.6224
2026-06-13T18:00:00Z,4226.0,4226.0,4224.1,4224.3,55.5572
2026-06-13T19:00:00Z,4224.2,4225.0,4222.0,4225.0,147.0302
2026-06-13T20:00:00Z,4225.0,4225.0,4224.9,4225.0,21.7366
2026-06-13T21:00:00Z,4225.0,4232.6,4225.0,4232.1,69.6951
2026-06-13T22:00:00Z,4232.0,4233.3,4230.6,4232.4,77.6559
2026-06-13T23:00:00Z,4232.4,4232.4,4227.9,4228.8,33.484
2026-06-14T00:00:00Z,4228.8,4233.6,4227.8,4233.6,32.1815
2026-06-14T01:00:00Z,4233.5,4234.0,4230.4,4230.4,34.4653
2026-06-14T02:00:00Z,4230.5,4231.8,4228.9,4231.5,16.0915
2026-06-14T03:00:00Z,4231.8,4231.9,4227.4,4230.5,60.7664
2026-06-14T04:00:00Z,4230.5,4234.0,4230.4,4233.3,37.6829
2026-06-14T05:00:00Z,4233.3,4234.6,4231.6,4233.1,81.5921
2026-06-14T06:00:00Z,4233.1,4234.1,4232.7,4233.9,17.2352
2026-06-14T07:00:00Z,4233.9,4234.7,4232.4,4234.5,17.4838
2026-06-14T08:00:00Z,4234.4,4241.9,4234.4,4238.6,190.8642
2026-06-14T09:00:00Z,4238.6,4239.3,4235.8,4236.2,63.7879
2026-06-14T10:00:00Z,4236.2,4237.7,4229.0,4230.3,141.7133
2026-06-14T11:00:00Z,4230.4,4235.6,4229.9,4234.3,72.5089
2026-06-14T12:00:00Z,4234.4,4235.8,4225.2,4226.6,117.5983
2026-06-14T13:00:00Z,4226.6,4229.3,4223.2,4224.0,95.134
2026-06-14T14:00:00Z,4224.0,4230.3,4221.8,4229.8,115.8166
2026-06-14T15:00:00Z,4229.8,4232.1,4225.6,4225.6,108.6138
2026-06-14T16:00:00Z,4225.6,4232.2,4224.2,4229.8,65.3681
2026-06-14T17:00:00Z,4229.8,4232.4,4229.8,4230.5,39.9534
2026-06-14T18:00:00Z,4230.5,4231.1,4225.4,4230.0,229.8138
2026-06-14T19:00:00Z,4230.0,4231.3,4229.9,4230.7,59.4242
2026-06-14T20:00:00Z,4230.6,4234.1,4229.9,4232.1,111.6897
2026-06-14T21:00:00Z,4232.0,4292.0,4231.7,4285.3,2386.647
2026-06-14T22:00:00Z,4288.1,4314.0,4268.6,4290.0,2559.0779
2026-06-14T23:00:00Z,4289.5,4298.1,4283.7,4297.3,577.5468
2026-06-15T00:00:00Z,4297.4,4310.7,4295.4,4295.4,799.5454
2026-06-15T01:00:00Z,4295.5,4321.4,4290.0,4319.7,431.2112
2026-06-15T02:00:00Z,4319.3,4337.7,4319.3,4332.5,435.39
2026-06-15T03:00:00Z,4332.6,4334.3,4324.0,4326.7,319.7344
2026-06-15T04:00:00Z,4326.8,4331.2,4323.2,4330.1,354.0595
2026-06-15T05:00:00Z,4329.9,4334.7,4309.4,4311.5,521.8423
2026-06-15T06:00:00Z,4311.6,4314.5,4303.9,4310.1,218.8503
2026-06-15T07:00:00Z,4310.3,4325.3,4308.1,4324.5,1196.4333
2026-06-15T08:00:00Z,4324.0,4345.9,4323.2,4335.5,1026.7898
2026-06-15T09:00:00Z,4335.6,4343.6,4335.5,4338.2,477.4881
2026-06-15T10:00:00Z,4338.5,4342.5,4337.0,4339.8,282.7953
2026-06-15T11:00:00Z,4339.8,4348.5,4334.1,4336.6,262.8163
2026-06-15T12:00:00Z,4336.7,4350.0,4326.7,4349.9,264.3958
2026-06-15T13:00:00Z,4348.6,4369.6,4342.5,4357.4,989.7918
2026-06-15T14:00:00Z,4357.4,4372.2,4356.4,4358.8,841.5107
2026-06-15T15:00:00Z,4358.1,4362.1,4351.8,4358.3,704.6538
2026-06-15T16:00:00Z,4358.3,4359.8,4334.8,4339.0,2130.8519
2026-06-15T17:00:00Z,4339.0,4339.0,4320.2,4324.4,1250.0312
2026-06-15T18:00:00Z,4324.4,4328.7,4318.9,4326.6,196.2294
2026-06-15T19:00:00Z,4326.6,4326.7,4317.1,4320.3,203.3836
2026-06-15T20:00:00Z,4320.4,4322.0,4307.5,4309.9,256.1817
2026-06-15T21:00:00Z,4310.0,4311.6,4308.4,4310.0,217.9481
2026-06-15T22:00:00Z,4310.0,4314.8,4305.8,4311.6,258.7186
2026-06-15T23:00:00Z,4311.6,4319.2,4311.6,4315.6,117.4013
2026-06-16T00:00:00Z,4315.7,4320.0,4307.0,4319.9,351.4976
2026-06-16T01:00:00Z,4319.9,4325.6,4312.2,4313.1,228.9528
2026-06-16T02:00:00Z,4313.1,4319.7,4308.3,4318.6,448.0773
2026-06-16T03:00:00Z,4318.5,4333.0,4316.4,4331.0,293.3321
2026-06-16T04:00:00Z,4331.5,4332.0,4320.9,4322.1,102.2366
2026-06-16T05:00:00Z,4322.3,4330.0,4315.2,4315.2,64.3165
2026-06-16T06:00:00Z,4315.5,4324.2,4313.4,4323.9,118.8068
2026-06-16T07:00:00Z,4325.2,4334.3,4323.3,4334.3,116.6132
2026-06-16T08:00:00Z,4333.8,4347.5,4332.3,4347.5,192.2102
2026-06-16T09:00:00Z,4346.8,4348.6,4338.1,4345.2,284.7867
2026-06-16T10:00:00Z,4344.7,4349.1,4342.9,4348.8,97.4976
2026-06-16T11:00:00Z,4348.5,4349.5,4338.1,4342.2,994.3933
2026-06-16T12:00:00Z,4341.5,4356.3,4338.6,4355.7,394.845
2026-06-16T13:00:00Z,4354.9,4354.9,4333.1,4334.7,1062.8605
2026-06-16T14:00:00Z,4335.4,4338.7,4314.4,4324.8,1032.9642
2026-06-16T15:00:00Z,4327.4,4344.5,4323.3,4339.2,441.2259
2026-06-16T16:00:00Z,4337.3,4348.7,4337.3,4341.9,321.8344
2026-06-16T17:00:00Z,4341.9,4342.4,4327.4,4341.8,270.6639
2026-06-16T18:00:00Z,4341.2,4344.1,4338.9,4339.8,337.7687
2026-06-16T19:00:00Z,4340.1,4344.1,4333.6,4333.7,162.1332
2026-06-16T20:00:00Z,4334.9,4336.5,4332.7,4332.8,179.4861
2026-06-16T21:00:00Z,4333.3,4335.7,4329.1,4333.5,301.9628
2026-06-16T22:00:00Z,4333.5,4336.5,4329.4,4336.2,157.3665
2026-06-16T23:00:00Z,4336.1,4338.5,4330.0,4331.3,116.7364
2026-06-17T00:00:00Z,4332.3,4342.6,4329.5,4336.8,61.9738
2026-06-17T01:00:00Z,4336.0,4350.3,4336.0,4342.5,149.8783
2026-06-17T02:00:00Z,4342.5,4345.7,4332.1,4333.8,108.7528
2026-06-17T03:00:00Z,4332.7,4335.6,4331.6,4333.8,575.9353
2026-06-17T04:00:00Z,4333.9,4335.2,4320.8,4326.3,159.5585
2026-06-17T05:00:00Z,4326.3,4334.3,4322.6,4327.1,133.8643
2026-06-17T06:00:00Z,4328.5,4332.8,4323.1,4332.8,32.0323
2026-06-17T07:00:00Z,4332.9,4334.0,4327.1,4327.5,475.66
2026-06-17T08:00:00Z,4327.5,4328.8,4319.3,4325.9,194.3576
2026-06-17T09:00:00Z,4325.9,4336.8,4323.2,4331.0,133.4604
2026-06-17T10:00:00Z,4331.2,4337.5,4329.4,4333.7,481.1066
2026-06-17T11:00:00Z,4333.7,4334.1,4323.1,4325.1,298.3487
2026-06-17T12:00:00Z,4325.1,4336.8,4322.4,4335.7,220.396
2026-06-17T13:00:00Z,4335.1,4347.9,4327.0,4342.3,417.396
2026-06-17T14:00:00Z,4340.7,4365.0,4334.3,4346.4,1413.3391
2026-06-17T15:00:00Z,4345.7,4366.7,4345.1,4365.1,335.3088
2026-06-17T16:00:00Z,4365.1,4369.8,4360.2,4362.3,3811.1102
2026-06-17T17:00:00Z,4362.4,4387.1,4359.6,4383.0,751.6069
2026-06-17T18:00:00Z,4383.1,4383.4,4271.6,4288.3,9190.9387
2026-06-17T19:00:00Z,4288.0,4296.8,4220.6,4237.3,3637.3761
2026-06-17T20:00:00Z,4237.4,4268.6,4237.4,4257.0,574.8388
2026-06-17T21:00:00Z,4257.8,4259.2,4252.4,4255.0,148.2957
2026-06-17T22:00:00Z,4255.0,4271.7,4255.0,4268.1,547.9502
2026-06-17T23:00:00Z,4268.0,4284.1,4265.4,4278.5,344.1656
2026-06-18T00:00:00Z,4279.1,4315.0,4277.4,4309.7,1029.6639
2026-06-18T01:00:00Z,4309.2,4328.0,4308.9,4319.1,223.6258
2026-06-18T02:00:00Z,4319.4,4330.0,4310.9,4311.6,175.1722
2026-06-18T03:00:00Z,4311.5,4322.4,4310.1,4320.5,143.4613
2026-06-18T04:00:00Z,4320.4,4323.6,4310.3,4316.4,122.1679
2026-06-18T05:00:00Z,4315.6,4325.0,4301.7,4308.5,230.4196
2026-06-18T06:00:00Z,4310.0,4310.1,4297.1,4307.0,448.6606
2026-06-18T07:00:00Z,4306.9,4308.6,4288.3,4288.3,535.2365
2026-06-18T08:00:00Z,4287.1,4292.5,4266.4,4267.6,357.7655
2026-06-18T09:00:00Z,4267.6,4273.5,4260.0,4269.4,170.4212
2026-06-18T10:00:00Z,4268.8,4271.9,4255.3,4255.3,255.5412
2026-06-18T11:00:00Z,4255.7,4255.8,4240.2,4242.6,289.1269
2026-06-18T12:00:00Z,4244.6,4269.1,4241.3,4247.8,284.8391
2026-06-18T13:00:00Z,4247.4,4276.3,4246.3,4255.2,530.6165
2026-06-18T14:00:00Z,4254.6,4256.6,4238.1,4253.1,479.1069
2026-06-18T15:00:00Z,4253.3,4255.0,4224.4,4227.2,525.8486
2026-06-18T16:00:00Z,4227.6,4233.8,4215.3,4220.4,420.0728
2026-06-18T17:00:00Z,4220.4,4233.0,4220.4,4231.9,225.532
2026-06-18T18:00:00Z,4231.9,4233.0,4221.1,4221.9,114.7134
2026-06-18T19:00:00Z,4220.2,4220.2,4203.6,4218.5,535.8412
2026-06-18T20:00:00Z,4217.7,4219.9,4208.8,4210.3,77.0342
2026-06-18T21:00:00Z,4210.3,4220.4,4210.3,4213.4,53.6496
2026-06-18T22:00:00Z,4213.2,4215.1,4204.4,4209.7,63.4534
2026-06-18T23:00:00Z,4209.6,4209.6,4188.4,4189.2,245.8949
2026-06-19T00:00:00Z,4189.6,4198.1,4184.6,4191.1,202.2654
2026-06-19T01:00:00Z,4192.2,4195.2,4185.0,4185.6,106.4214
2026-06-19T02:00:00Z,4186.1,4186.5,4172.7,4178.2,202.9447
2026-06-19T03:00:00Z,4178.1,4178.1,4147.9,4153.1,550.8299
2026-06-19T04:00:00Z,4153.1,4155.0,4125.9,4126.9,488.8517
2026-06-19T05:00:00Z,4126.2,4143.9,4124.0,4141.2,459.7715
2026-06-19T06:00:00Z,4141.4,4151.8,4134.6,4151.0,263.0933
2026-06-19T07:00:00Z,4150.8,4163.0,4150.6,4159.2,164.1552
2026-06-19T08:00:00Z,4159.2,4178.9,4157.2,4169.6,199.2941
2026-06-19T09:00:00Z,4169.5,4171.2,4162.9,4163.7,209.6789
2026-06-19T10:00:00Z,4163.7,4164.0,4150.1,4151.6,633.9947
2026-06-19T11:00:00Z,4151.5,4157.6,4144.4,4155.0,591.5763
2026-06-19T12:00:00Z,4154.8,4182.5,4150.0,4182.4,318.6671
2026-06-19T13:00:00Z,4181.9,4184.5,4154.4,4154.4,362.42
2026-06-19T14:00:00Z,4154.6,4156.5,4145.1,4151.7,107.7844
2026-06-19T15:00:00Z,4152.4,4156.8,4150.3,4154.3,209.9512
2026-06-19T16:00:00Z,4154.2,4161.4,4148.1,4157.3,505.9007
2026-06-19T17:00:00Z,4159.0,4163.1,4158.9,4162.8,365.1817
2026-06-19T18:00:00Z,4162.6,4162.6,4153.4,4160.6,431.169
2026-06-19T19:00:00Z,4160.4,4164.7,4158.5,4164.7,174.3472
2026-06-19T20:00:00Z,4164.7,4165.0,4163.2,4164.1,177.7634
2026-06-19T21:00:00Z,4164.2,4165.2,4159.8,4161.8,145.3965
2026-06-19T22:00:00Z,4161.6,4164.0,4159.9,4162.7,64.435
2026-06-19T23:00:00Z,4162.6,4163.4,4160.4,4160.4,18.2275
2026-06-20T00:00:00Z,4160.4,4164.8,4159.1,4163.2,16.0807
2026-06-20T01:00:00Z,4163.1,4163.2,4159.8,4160.7,12.5456
2026-06-20T02:00:00Z,4161.6,4161.6,4159.1,4159.2,12.09
2026-06-20T03:00:00Z,4159.2,4160.3,4157.5,4160.1,24.7277
2026-06-20T04:00:00Z,4160.1,4160.1,4159.2,4159.9,36.6469
2026-06-20T05:00:00Z,4159.9,4160.0,4159.9,4159.9,12.0292
2026-06-20T06:00:00Z,4160.0,4160.0,4159.9,4160.0,11.927
2026-06-20T07:00:00Z,4159.9,4160.0,4159.7,4159.8,14.1991
2026-06-20T08:00:00Z,4159.9,4159.9,4158.9,4159.2,11.7094
2026-06-20T09:00:00Z,4159.2,4159.9,4158.1,4159.7,33.7471
2026-06-20T10:00:00Z,4159.7,4159.7,4157.4,4158.0,20.9398
2026-06-20T11:00:00Z,4158.1,4160.3,4158.0,4160.3,49.5526
2026-06-20T12:00:00Z,4160.3,4161.2,4160.1,4161.1,27.787
2026-06-20T13:00:00Z,4161.0,4161.1,4153.7,4155.3,52.5813
2026-06-20T14:00:00Z,4154.9,4160.9,4153.3,4159.3,48.2815
2026-06-20T15:00:00Z,4159.7,4162.0,4159.6,4161.5,36.6193
2026-06-20T16:00:00Z,4161.5,4161.5,4156.2,4156.3,16.6504
2026-06-20T17:00:00Z,4156.3,4156.9,4154.0,4155.7,57.7635
2026-06-20T18:00:00Z,4155.6,4158.0,4155.4,4157.7,42.6887
2026-06-20T19:00:00Z,4157.7,4158.0,4156.8,4157.6,17.8204
2026-06-20T20:00:00Z,4157.5,4157.6,4156.4,4156.4,3.8085
2026-06-20T21:00:00Z,4156.4,4156.9,4156.4,4156.4,8.2896
2026-06-20T22:00:00Z,4156.4,4157.8,4156.4,4156.8,9.1948
2026-06-20T23:00:00Z,4156.8,4157.4,4156.8,4157.3,2.414
2026-06-21T00:00:00Z,4157.3,4157.5,4157.3,4157.5,24.8561
2026-06-21T01:00:00Z,4157.5,4157.9,4157.3,4157.9,96.6581
2026-06-21T02:00:00Z,4157.9,4160.9,4157.3,4159.7,60.7188
2026-06-21T03:00:00Z,4159.6,4162.4,4159.6,4161.6,7.3906
2026-06-21T04:00:00Z,4162.2,4162.6,4160.1,4160.1,27.5908
2026-06-21T05:00:00Z,4160.5,4168.8,4159.9,4168.8,38.8311
2026-06-21T06:00:00Z,4168.7,4168.8,4165.2,4168.2,107.7488
2026-06-21T07:00:00Z,4168.1,4169.6,4165.0,4165.4,20.4466
2026-06-21T08:00:00Z,4165.1,4169.1,4161.6,4161.7,107.279
2026-06-21T09:00:00Z,4162.3,4169.3,4162.2,4166.2,73.5186
2026-06-21T10:00:00Z,4166.5,4168.9,4165.0,4166.8,29.2571
2026-06-21T11:00:00Z,4167.2,4168.0,4162.7,4164.8,8.2984
2026-06-21T12:00:00Z,4163.4,4165.3,4161.7,4164.4,3.2788
2026-06-21T13:00:00Z,4167.2,4169.0,4165.1,4166.1,120.8639
2026-06-21T14:00:00Z,4166.2,4167.1,4163.7,4165.4,41.1338
2026-06-21T15:00:00Z,4165.7,4169.4,4165.2,4168.1,11.195
2026-06-21T16:00:00Z,4167.2,4168.8,4164.1,4164.6,119.2546
2026-06-21T17:00:00Z,4164.8,4166.4,4164.1,4165.8,31.1376
2026-06-21T18:00:00Z,4165.9,4166.9,4163.6,4166.2,20.5989
2026-06-21T19:00:00Z,4166.0,4170.8,4165.4,4167.4,71.7888
2026-06-21T20:00:00Z,4167.6,4168.4,4163.5,4164.0,116.5731
2026-06-21T21:00:00Z,4164.0,4164.3,4160.5,4161.5,178.1346
2026-06-21T22:00:00Z,4160.4,4161.5,4145.2,4158.0,933.3506
2026-06-21T23:00:00Z,4158.4,4165.0,4139.5,4143.5,383.7613
2026-06-22T00:00:00Z,4142.4,4202.4,4142.0,4202.4,464.5759
2026-06-22T01:00:00Z,4203.2,4222.9,4192.3,4193.6,2330.9045
2026-06-22T02:00:00Z,4194.6,4201.9,4185.7,4190.7,303.433
2026-06-22T03:00:00Z,4191.8,4191.9,4173.9,4174.4,175.2048
2026-06-22T04:00:00Z,4174.1,4184.9,4173.6,4184.9,209.8903
2026-06-22T05:00:00Z,4184.0,4199.2,4183.8,4195.4,210.9175
2026-06-22T06:00:00Z,4196.6,4209.1,4193.7,4200.2,313.9169
2026-06-22T07:00:00Z,4201.0,4203.3,4191.1,4192.5,116.5821
2026-06-22T08:00:00Z,4192.7,4199.9,4191.0,4199.4,204.0184
2026-06-22T09:00:00Z,4199.7,4211.5,4199.6,4211.1,171.006
2026-06-22T10:00:00Z,4210.7,4216.6,4207.2,4207.2,208.4853
2026-06-22T11:00:00Z,4207.2,4217.3,4205.2,4209.5,192.6708
2026-06-22T12:00:00Z,4209.8,4213.6,4195.0,4195.4,219.5086
2026-06-22T13:00:00Z,4198.2,4208.0,4185.9,4203.2,570.0779
2026-06-22T14:00:00Z,4202.2,4213.0,4190.0,4201.6,259.592
2026-06-22T15:00:00Z,4201.2,4201.4,4173.5,4187.2,178.5916
2026-06-22T16:00:00Z,4186.0,4193.7,4177.6,4193.1,74.7066
2026-06-22T17:00:00Z,4193.1,4194.1,4180.2,4185.9,246.1482
2026-06-22T18:00:00Z,4186.1,4195.2,4186.1,4193.7,70.18
2026-06-22T19:00:00Z,4194.3,4196.1,4187.2,4189.6,62.3975
2026-06-22T20:00:00Z,4193.4,4196.1,4191.6,4194.5,10.7996
2026-06-22T21:00:00Z,4194.0,4198.0,4191.4,4191.5,210.4855
2026-06-22T22:00:00Z,4191.5,4197.1,4191.5,4193.0,55.3824
2026-06-22T23:00:00Z,4192.9,4197.6,4190.2,4191.7,41.4618
2026-06-23T00:00:00Z,4190.4,4195.8,4181.2,4194.9,97.8161
2026-06-23T01:00:00Z,4198.8,4200.1,4153.5,4165.4,215.1914
2026-06-23T02:00:00Z,4165.5,4166.1,4150.0,4150.0,152.2019
2026-06-23T03:00:00Z,4150.5,4151.4,4134.4,4147.5,256.8527
2026-06-23T04:00:00Z,4148.4,4150.0,4119.6,4121.8,621.7194
2026-06-23T05:00:00Z,4121.2,4139.2,4119.3,4123.9,508.7275
2026-06-23T06:00:00Z,4123.9,4129.1,4113.3,4117.1,758.2788
2026-06-23T07:00:00Z,4116.1,4125.4,4097.6,4100.1,588.661
2026-06-23T08:00:00Z,4100.8,4112.5,4093.5,4107.1,439.7685
2026-06-23T09:00:00Z,4107.1,4122.5,4106.6,4122.4,340.5031
2026-06-23T10:00:00Z,4122.9,4134.2,4121.3,4121.5,377.5578
2026-06-23T11:00:00Z,4121.7,4133.4,4119.2,4124.6,161.9084
2026-06-23T12:00:00Z,4125.2,4128.5,4113.6,4115.9,240.8516
2026-06-23T13:00:00Z,4115.0,4142.7,4108.2,4138.7,637.353
2026-06-23T14:00:00Z,4137.8,4147.1,4125.1,4130.4,762.5125
2026-06-23T15:00:00Z,4130.9,4142.3,4125.1,4139.9,518.3569
2026-06-23T16:00:00Z,4139.9,4144.4,4132.9,4136.3,159.9874
2026-06-23T17:00:00Z,4136.3,4140.8,4130.6,4130.7,147.0962
2026-06-23T18:00:00Z,4130.6,4132.8,4115.0,4119.1,147.5828
2026-06-23T19:00:00Z,4118.7,4126.9,4115.5,4115.5,59.5847
2026-06-23T20:00:00Z,4115.0,4115.0,4109.9,4114.4,83.9925
2026-06-23T21:00:00Z,4115.5,4124.6,4115.5,4118.6,235.2394
2026-06-23T22:00:00Z,4118.7,4118.7,4099.5,4106.6,306.1669
2026-06-23T23:00:00Z,4105.4,4105.4,4082.4,4099.9,1140.8903
2026-06-24T00:00:00Z,4095.9,4112.2,4095.9,4099.1,128.8635
2026-06-24T01:00:00Z,4099.0,4103.0,4069.8,4090.6,576.3483
2026-06-24T02:00:00Z,4092.1,4094.4,4055.4,4063.6,436.2544
2026-06-24T03:00:00Z,4063.1,4071.2,4053.0,4064.9,579.1701
2026-06-24T04:00:00Z,4064.5,4068.8,4056.3,4067.4,276.0787
2026-06-24T05:00:00Z,4066.3,4087.2,4063.0,4077.6,338.5354
2026-06-24T06:00:00Z,4080.4,4097.3,4079.5,4087.8,217.2781
2026-06-24T07:00:00Z,4087.6,4091.4,4074.4,4074.4,142.0624
2026-06-24T08:00:00Z,4077.8,4088.0,4074.7,4078.7,114.9039
2026-06-24T09:00:00Z,4079.3,4080.3,4067.4,4068.1,134.0298
2026-06-24T10:00:00Z,4068.0,4068.5,4057.3,4057.7,295.8129
2026-06-24T11:00:00Z,4057.7,4060.1,4040.0,4049.5,710.0661
2026-06-24T12:00:00Z,4048.8,4050.1,3990.5,3990.5,1492.0405
2026-06-24T13:00:00Z,3990.5,4043.6,3967.5,4038.8,3669.5244
2026-06-24T14:00:00Z,4039.0,4041.7,4005.7,4010.3,756.67
2026-06-24T15:00:00Z,4010.1,4017.9,4000.1,4003.9,350.2968
2026-06-24T16:00:00Z,4003.5,4024.2,3997.7,4008.7,518.8818
2026-06-24T17:00:00Z,4008.1,4013.7,3975.1,3975.1,490.1393
2026-06-24T18:00:00Z,3975.0,3998.6,3961.9,3983.9,798.1955
2026-06-24T19:00:00Z,3984.3,3993.4,3975.8,3991.7,392.7201
2026-06-24T20:00:00Z,3990.3,4006.4,3989.2,4003.1,727.3566
2026-06-24T21:00:00Z,4003.3,4012.6,4003.1,4012.2,297.9694
2026-06-24T22:00:00Z,4012.0,4012.0,3995.4,3997.9,366.5768
2026-06-24T23:00:00Z,3998.0,4020.5,3992.7,4013.8,332.2762
2026-06-25T00:00:00Z,4014.9,4018.3,3981.6,3993.6,655.7308
2026-06-25T01:00:00Z,3994.5,4007.9,3973.4,3979.8,420.5501
2026-06-25T02:00:00Z,3978.5,3992.1,3965.9,3985.7,147.0611
2026-06-25T03:00:00Z,3985.7,4002.3,3970.0,3996.6,210.2296
2026-06-25T04:00:00Z,3997.0,3998.7,3986.1,3997.4,166.2356
2026-06-25T05:00:00Z,3998.3,4001.5,3982.7,3988.8,187.6524
2026-06-25T06:00:00Z,3987.6,3990.0,3976.6,3979.7,130.2204
2026-06-25T07:00:00Z,3979.6,3992.2,3975.8,3991.1,399.1719
2026-06-25T08:00:00Z,3990.0,4003.2,3987.3,3991.3,213.3673
2026-06-25T09:00:00Z,3991.3,3999.9,3990.1,3991.4,174.1679
2026-06-25T10:00:00Z,3990.7,3992.4,3985.1,3987.3,81.4933
2026-06-25T11:00:00Z,3987.5,3991.0,3977.7,3983.5,279.1234
2026-06-25T12:00:00Z,3983.8,4021.5,3982.3,4014.3,549.4147
2026-06-25T13:00:00Z,4014.4,4036.5,4003.2,4003.4,1302.9852
2026-06-25T14:00:00Z,4003.4,4030.2,4001.1,4016.2,1119.6349
2026-06-25T15:00:00Z,4015.1,4046.0,4008.5,4044.3,855.7636
2026-06-25T16:00:00Z,4044.9,4047.0,4027.2,4031.4,574.47
2026-06-25T17:00:00Z,4030.5,4038.7,4030.5,4037.8,140.3892
2026-06-25T18:00:00Z,4037.5,4046.8,4029.2,4037.6,294.6525
2026-06-25T19:00:00Z,4037.6,4044.7,4024.5,4028.8,282.8052
2026-06-25T20:00:00Z,4029.6,4036.7,4026.1,4028.2,88.7933
2026-06-25T21:00:00Z,4029.3,4035.4,4027.6,4034.0,87.432
2026-06-25T22:00:00Z,4033.6,4038.5,4022.9,4028.7,178.9199
2026-06-25T23:00:00Z,4029.4,4032.5,4015.6,4017.7,87.0463
2026-06-26T00:00:00Z,4017.1,4026.6,4014.7,4024.1,70.3714
2026-06-26T01:00:00Z,4022.6,4030.8,4017.0,4022.5,358.9612
2026-06-26T02:00:00Z,4022.5,4025.0,3985.1,3994.8,914.9446
2026-06-26T03:00:00Z,3992.2,4007.8,3988.8,4006.2,489.2577
2026-06-26T04:00:00Z,4006.2,4016.6,4001.5,4014.4,195.0098
2026-06-26T05:00:00Z,4013.7,4022.4,4008.5,4009.5,328.5618
2026-06-26T06:00:00Z,4009.6,4034.6,4008.6,4034.6,261.2149
2026-06-26T07:00:00Z,4032.6,4041.6,4030.0,4033.0,245.8784
2026-06-26T08:00:00Z,4033.0,4038.3,4028.3,4033.1,137.624
2026-06-26T09:00:00Z,4033.2,4057.0,4031.9,4050.0,643.7717
2026-06-26T10:00:00Z,4049.3,4057.8,4044.5,4057.0,483.193
2026-06-26T11:00:00Z,4057.5,4057.9,4044.6,4047.7,243.8356
2026-06-26T12:00:00Z,4047.6,4064.5,4039.4,4062.9,1132.9854
2026-06-26T13:00:00Z,4062.4,4079.6,4046.0,4076.7,1283.2316
2026-06-26T14:00:00Z,4077.5,4095.6,4071.7,4084.4,960.6177
2026-06-26T15:00:00Z,4083.3,4097.5,4078.4,4093.9,364.9248
2026-06-26T16:00:00Z,4093.9,4098.6,4085.6,4088.3,1313.907
2026-06-26T17:00:00Z,4087.3,4090.5,4076.9,4078.0,99.9364
2026-06-26T18:00:00Z,4077.8,4081.9,4070.0,4070.2,308.7185
2026-06-26T19:00:00Z,4070.4,4076.8,4068.9,4075.2,126.5475
2026-06-26T20:00:00Z,4075.0,4095.5,4068.9,4091.8,253.7218
2026-06-26T21:00:00Z,4091.7,4091.7,4086.4,4086.5,146.1921
2026-06-26T22:00:00Z,4086.7,4090.2,4085.9,4089.1,56.66
2026-06-26T23:00:00Z,4089.2,4091.5,4088.8,4090.7,32.6743
2026-06-27T00:00:00Z,4090.5,4091.5,4086.2,4086.7,28.7961
2026-06-27T01:00:00Z,4086.7,4091.3,4086.6,4090.0,11.8264
2026-06-27T02:00:00Z,4090.1,4090.4,4088.1,4088.6,15.1001
2026-06-27T03:00:00Z,4088.6,4091.0,4088.6,4089.7,30.628
2026-06-27T04:00:00Z,4089.7,4092.3,4089.0,4089.1,26.567
2026-06-27T05:00:00Z,4089.1,4089.1,4087.7,4087.8,8.826
2026-06-27T06:00:00Z,4087.8,4090.0,4087.5,4089.4,9.1107
2026-06-27T07:00:00Z,4089.4,4091.6,4088.9,4090.0,40.9051
2026-06-27T08:00:00Z,4089.3,4090.0,4088.7,4089.2,4.2697
2026-06-27T09:00:00Z,4089.3,4089.9,4088.0,4088.5,19.205
2026-06-27T10:00:00Z,4088.6,4089.9,4088.3,4088.9,14.8088
2026-06-27T11:00:00Z,4089.0,4090.3,4087.8,4089.3,19.6676
2026-06-27T12:00:00Z,4089.3,4089.7,4087.9,4088.0,36.4715
2026-06-27T13:00:00Z,4088.5,4089.8,4087.7,4089.8,9.117
2026-06-27T14:00:00Z,4089.0,4089.7,4088.6,4088.6,4.2179
2026-06-27T15:00:00Z,4088.7,4090.4,4086.5,4088.9,98.0258
2026-06-27T16:00:00Z,4089.1,4090.2,4088.9,4089.5,28.9417
2026-06-27T17:00:00Z,4089.2,4089.2,4078.5,4081.8,511.7727
2026-06-27T18:00:00Z,4081.8,4083.4,4081.8,4082.6,34.2931
2026-06-27T19:00:00Z,4083.2,4083.2,4076.4,4078.4,94.5968
2026-06-27T20:00:00Z,4078.4,4082.6,4078.4,4081.6,57.8123
2026-06-27T21:00:00Z,4081.9,4085.9,4080.1,4080.7,22.1357
2026-06-27T22:00:00Z,4080.9,4082.5,4080.1,4082.5,14.3307
2026-06-27T23:00:00Z,4082.5,4082.9,4078.5,4079.5,9.6229
2026-06-28T00:00:00Z,4079.5,4083.5,4079.5,4083.1,40.0012
2026-06-28T01:00:00Z,4083.6,4084.2,4081.8,4082.7,163.6126
2026-06-28T02:00:00Z,4082.7,4082.8,4082.7,4082.7,11.5019
2026-06-28T03:00:00Z,4082.8,4082.8,4080.2,4080.3,14.4546
2026-06-28T04:00:00Z,4080.3,4082.0,4080.3,4081.2,7.1727
2026-06-28T05:00:00Z,4081.2,4082.3,4079.8,4081.7,41.1023
2026-06-28T06:00:00Z,4081.7,4082.4,4080.0,4080.0,5.3468
2026-06-28T07:00:00Z,4080.0,4082.1,4080.0,4081.6,5.9519
2026-06-28T08:00:00Z,4081.7,4083.0,4080.3,4083.0,56.0874
2026-06-28T09:00:00Z,4082.9,4086.6,4082.6,4086.4,114.2553
2026-06-28T10:00:00Z,4086.4,4088.0,4083.2,4083.3,83.9452
2026-06-28T11:00:00Z,4083.3,4083.3,4081.8,4081.9,19.9185
2026-06-28T12:00:00Z,4081.8,4084.7,4081.4,4083.1,22.1079
2026-06-28T13:00:00Z,4083.0,4083.1,4081.3,4082.5,14.3036
2026-06-28T14:00:00Z,4082.4,4083.1,4079.8,4079.8,16.2577
2026-06-28T15:00:00Z,4079.9,4081.6,4079.9,4080.9,13.8143
2026-06-28T16:00:00Z,4081.0,4083.0,4080.9,4082.4,34.1929
2026-06-28T17:00:00Z,4082.4,4083.6,4081.2,4083.6,20.7529
2026-06-28T18:00:00Z,4083.5,4085.6,4083.1,4085.4,17.0508
2026-06-28T19:00:00Z,4085.4,4085.8,4083.9,4085.6,15.4176
2026-06-28T20:00:00Z,4085.6,4088.2,4085.6,4087.7,18.448
2026-06-28T21:00:00Z,4088.1,4091.3,4082.6,4086.0,336.1819
2026-06-28T22:00:00Z,4085.3,4090.0,4056.7,4068.8,830.8629
2026-06-28T23:00:00Z,4068.9,4073.2,4055.3,4065.7,194.4107
2026-06-29T00:00:00Z,4065.7,4076.7,4050.8,4073.3,344.8488
2026-06-29T01:00:00Z,4072.5,4075.8,4057.1,4063.5,147.549
2026-06-29T02:00:00Z,4063.5,4073.7,4062.0,4069.4,83.2513
2026-06-29T03:00:00Z,4068.8,4079.9,4068.6,4071.8,377.0335
2026-06-29T04:00:00Z,4071.5,4071.6,4053.5,4055.8,173.2969
2026-06-29T05:00:00Z,4056.0,4059.8,4043.9,4057.6,207.2415
2026-06-29T06:00:00Z,4057.7,4067.7,4057.7,4065.6,563.421
2026-06-29T07:00:00Z,4065.1,4070.8,4060.1,4064.6,200.8185
2026-06-29T08:00:00Z,4066.0,4068.7,4047.3,4050.8,106.9189
2026-06-29T09:00:00Z,4050.2,4057.4,4028.6,4034.3,260.1073
2026-06-29T10:00:00Z,4034.9,4041.7,4030.5,4038.8,123.7406
2026-06-29T11:00:00Z,4039.4,4044.4,4029.9,4042.4,107.2106
2026-06-29T12:00:00Z,4041.2,4054.8,4040.7,4045.9,632.652
2026-06-29T13:00:00Z,4047.5,4055.1,4030.7,4034.6,1069.8931
2026-06-29T14:00:00Z,4035.0,4037.6,4003.9,4028.2,1245.7649
2026-06-29T15:00:00Z,4028.7,4033.4,4020.4,4030.5,488.6056
2026-06-29T16:00:00Z,4030.1,4032.6,4022.2,4027.5,317.0705
2026-06-29T17:00:00Z,4027.5,4035.0,4023.7,4023.7,164.1185
2026-06-29T18:00:00Z,4023.8,4028.3,4015.4,4016.3,168.0172
2026-06-29T19:00:00Z,4016.4,4022.5,4010.0,4019.4,221.0914
2026-06-29T20:00:00Z,4018.6,4021.9,4017.9,4020.4,48.8042
2026-06-29T21:00:00Z,4020.2,4025.7,4020.0,4024.0,33.2498
2026-06-29T22:00:00Z,4023.9,4024.9,4012.8,4017.6,92.9887
2026-06-29T23:00:00Z,4017.5,4025.0,4017.0,4019.2,87.7214
2026-06-30T00:00:00Z,4017.8,4018.2,3982.7,3991.3,530.9497
2026-06-30T01:00:00Z,3985.9,3987.5,3949.0,3970.6,1619.0513
2026-06-30T02:00:00Z,3973.3,3975.0,3956.6,3965.8,904.2437
2026-06-30T03:00:00Z,3966.2,3973.6,3963.1,3972.8,591.1398
2026-06-30T04:00:00Z,3972.1,3999.8,3971.6,3989.1,351.8215
2026-06-30T05:00:00Z,3989.0,3993.4,3979.7,3981.1,276.1123
2026-06-30T06:00:00Z,3982.5,4035.4,3982.5,4032.3,949.3489
2026-06-30T07:00:00Z,4032.4,4037.1,4026.0,4034.5,448.1051
2026-06-30T08:00:00Z,4034.7,4038.8,4016.0,4017.4,464.878
2026-06-30T09:00:00Z,4017.4,4026.2,4014.2,4023.1,370.8814
2026-06-30T10:00:00Z,4025.0,4033.2,4023.9,4032.0,189.438
2026-06-30T11:00:00Z,4032.0,4038.0,4027.7,4035.4,614.0776
2026-06-30T12:00:00Z,4035.3,4036.0,4010.2,4011.8,952.6941
2026-06-30T13:00:00Z,4012.1,4035.2,4012.1,4030.7,319.3947
2026-06-30T14:00:00Z,4030.9,4064.9,4027.0,4040.3,1221.4359
2026-06-30T15:00:00Z,4040.3,4041.8,4025.8,4031.9,131.9223
2026-06-30T16:00:00Z,4031.8,4035.0,4028.1,4028.2,387.8854
2026-06-30T17:00:00Z,4028.2,4034.3,4022.9,4032.4,146.4643
2026-06-30T18:00:00Z,4032.4,4035.6,4030.1,4030.9,65.6865
2026-06-30T19:00:00Z,4030.5,4030.8,4017.6,4017.6,213.7835
2026-06-30T20:00:00Z,4018.1,4023.4,4006.9,4009.6,669.6959
2026-06-30T21:00:00Z,4010.0,4015.0,4008.5,4014.9,80.186
2026-06-30T22:00:00Z,4014.9,4018.9,4013.1,4014.3,105.0272
2026-06-30T23:00:00Z,4014.9,4018.5,4007.6,4007.6,951.3551
2026-07-01T00:00:00Z,4007.7,4010.9,3995.0,3998.9,265.8498
2026-07-01T01:00:00Z,3998.5,4000.0,3976.7,3980.0,814.4046
2026-07-01T02:00:00Z,3980.5,3987.7,3973.1,3981.7,341.1944
2026-07-01T03:00:00Z,3981.8,3988.9,3978.5,3982.4,539.3572
2026-07-01T04:00:00Z,3982.5,3984.6,3975.4,3980.6,125.0086
2026-07-01T05:00:00Z,3980.0,3980.8,3972.8,3978.7,213.9698
2026-07-01T06:00:00Z,3977.5,3979.3,3965.2,3972.7,534.2005
2026-07-01T07:00:00Z,3974.2,3979.9,3963.0,3977.8,413.5075
2026-07-01T08:00:00Z,3977.9,3985.6,3972.5,3976.4,181.4742
2026-07-01T09:00:00Z,3976.4,3987.7,3975.3,3987.6,125.4035
2026-07-01T10:00:00Z,3987.6,4001.1,3983.6,4000.2,667.8728
2026-07-01T11:00:00Z,4001.6,4037.2,4001.6,4032.2,457.7442
2026-07-01T12:00:00Z,4032.2,4035.0,4022.0,4026.2,881.0151
2026-07-01T13:00:00Z,4025.5,4108.7,4013.8,4091.6,3198.1864
2026-07-01T14:00:00Z,4092.6,4117.2,4084.1,4093.3,1863.037
2026-07-01T15:00:00Z,4094.0,4095.0,4078.0,4082.8,1075.0172
2026-07-01T16:00:00Z,4083.1,4089.6,4071.7,4071.7,522.7828
2026-07-01T17:00:00Z,4072.1,4074.8,4069.0,4070.9,562.9724
2026-07-01T18:00:00Z,4070.9,4072.7,4060.2,4064.0,189.5172
2026-07-01T19:00:00Z,4064.7,4070.2,4038.3,4041.0,571.9629
2026-07-01T20:00:00Z,4041.4,4042.8,4031.5,4034.7,1174.6657
2026-07-01T21:00:00Z,4034.5,4040.9,4034.5,4039.7,102.2306
2026-07-01T22:00:00Z,4039.5,4048.4,4036.2,4048.0,490.6264
2026-07-01T23:00:00Z,4048.7,4048.7,4034.8,4037.4,750.7328
2026-07-02T00:00:00Z,4037.4,4056.0,4033.9,4054.7,604.1526
2026-07-02T01:00:00Z,4054.7,4070.2,4047.8,4052.5,536.4483
2026-07-02T02:00:00Z,4052.6,4063.0,4044.5,4060.7,153.3032
2026-07-02T03:00:00Z,4060.3,4076.0,4058.3,4071.7,235.3208
2026-07-02T04:00:00Z,4071.8,4075.0,4062.7,4062.7,110.7216
2026-07-02T05:00:00Z,4063.1,4069.8,4056.6,4068.7,268.1458
2026-07-02T06:00:00Z,4068.2,4081.7,4068.1,4077.1,241.1837
2026-07-02T07:00:00Z,4077.0,4077.9,4063.0,4067.6,349.3355
2026-07-02T08:00:00Z,4067.6,4082.0,4064.5,4079.6,527.8771
2026-07-02T09:00:00Z,4079.6,4079.6,4066.1,4068.4,248.4507
2026-07-02T10:00:00Z,4068.4,4071.8,4065.9,4069.5,199.5235
2026-07-02T11:00:00Z,4069.5,4074.6,4061.1,4068.8,462.4707
2026-07-02T12:00:00Z,4068.6,4141.4,4065.1,4119.5,2895.1948
2026-07-02T13:00:00Z,4118.4,4144.6,4111.8,4137.2,1365.2182
2026-07-02T14:00:00Z,4137.2,4138.3,4116.8,4129.8,384.7701
2026-07-02T15:00:00Z,4129.8,4136.0,4117.4,4130.3,1415.6945
2026-07-02T16:00:00Z,4130.6,4132.5,4102.5,4119.1,1999.7085
2026-07-02T17:00:00Z,4120.6,4121.6,4108.0,4108.0,413.7466
2026-07-02T18:00:00Z,4108.0,4128.2,4107.4,4123.8,221.3737
2026-07-02T19:00:00Z,4124.3,4126.1,4111.9,4122.3,246.0359
2026-07-02T20:00:00Z,4122.4,4126.9,4119.2,4125.8,402.606
2026-07-02T21:00:00Z,4125.8,4129.8,4124.8,4129.5,447.5301
2026-07-02T22:00:00Z,4129.5,4130.8,4125.3,4127.1,402.4417
2026-07-02T23:00:00Z,4127.1,4135.0,4124.8,4130.1,414.0942
2026-07-03T00:00:00Z,4129.3,4152.9,4126.4,4151.3,739.0459
2026-07-03T01:00:00Z,4150.7,4197.4,4149.6,4184.8,1895.1885
2026-07-03T02:00:00Z,4184.9,4188.2,4178.7,4185.8,396.0403
2026-07-03T03:00:00Z,4185.6,4185.6,4177.7,4178.0,295.3568
2026-07-03T04:00:00Z,4177.9,4184.8,4175.2,4180.5,566.6512
2026-07-03T05:00:00Z,4180.5,4183.5,4172.7,4173.4,424.7795
2026-07-03T06:00:00Z,4173.1,4177.5,4163.7,4176.4,1191.0472
2026-07-03T07:00:00Z,4176.4,4184.6,4172.4,4178.7,278.1852
2026-07-03T08:00:00Z,4180.4,4189.0,4180.3,4184.0,259.9326
2026-07-03T09:00:00Z,4184.1,4184.3,4171.1,4175.3,232.6501
2026-07-03T10:00:00Z,4175.3,4183.3,4174.8,4180.2,168.5659
2026-07-03T11:00:00Z,4180.3,4188.9,4179.0,4183.5,328.0578
2026-07-03T12:00:00Z,4183.5,4186.4,4175.6,4177.7,370.7265
2026-07-03T13:00:00Z,4180.8,4182.8,4166.8,4168.1,447.7351
2026-07-03T14:00:00Z,4168.1,4174.5,4160.0,4173.6,858.9802
2026-07-03T15:00:00Z,4173.5,4177.5,4167.7,4167.8,396.4929
2026-07-03T16:00:00Z,4167.8,4178.9,4165.8,4177.9,57.9035
2026-07-03T17:00:00Z,4177.8,4179.0,4175.5,4176.0,213.5078
2026-07-03T18:00:00Z,4176.0,4178.0,4175.9,4178.0,54.9738
2026-07-03T19:00:00Z,4178.0,4180.0,4177.8,4178.5,56.7241
2026-07-03T20:00:00Z,4178.4,4183.1,4178.3,4180.4,103.2779
2026-07-03T21:00:00Z,4179.7,4181.8,4178.7,4180.0,41.0044
2026-07-03T22:00:00Z,4180.1,4180.2,4175.1,4177.4,113.5269
2026-07-03T23:00:00Z,4178.1,4180.4,4177.4,4177.6,79.9908
2026-07-04T00:00:00Z,4177.4,4178.3,4172.3,4173.6,71.9866
2026-07-04T01:00:00Z,4173.8,4177.3,4172.6,4177.0,63.2475
2026-07-04T02:00:00Z,4177.0,4177.5,4175.7,4176.9,58.8271
2026-07-04T03:00:00Z,4177.0,4178.8,4176.8,4178.1,11.7583
2026-07-04T04:00:00Z,4178.1,4179.1,4177.1,4178.2,51.3273
2026-07-04T05:00:00Z,4177.7,4180.5,4175.3,4175.7,132.4539
2026-07-04T06:00:00Z,4175.7,4177.2,4175.7,4177.1,7.6536
2026-07-04T07:00:00Z,4176.8,4177.9,4176.6,4177.1,17.7861
2026-07-04T08:00:00Z,4177.9,4178.7,4176.9,4178.6,21.9464
2026-07-04T09:00:00Z,4178.6,4183.0,4178.6,4181.4,99.962
2026-07-04T10:00:00Z,4181.3,4183.1,4181.0,4181.9,49.3776
2026-07-04T11:00:00Z,4181.8,4181.8,4178.1,4179.6,32.1416
2026-07-04T12:00:00Z,4179.1,4179.1,4178.3,4178.3,11.4398
2026-07-04T13:00:00Z,4178.4,4181.1,4177.9,4179.0,77.4353
2026-07-04T14:00:00Z,4179.0,4179.1,4177.0,4178.3,42.7515
2026-07-04T15:00:00Z,4178.2,4181.9,4178.1,4181.9,42.7803
2026-07-04T16:00:00Z,4182.0,4183.2,4180.4,4180.5,27.1192
2026-07-04T17:00:00Z,4180.6,4183.9,4179.0,4182.2,46.8142
2026-07-04T18:00:00Z,4183.4,4183.6,4093.4,4174.1,2110.2122
2026-07-04T19:00:00Z,4174.1,4174.1,4170.6,4171.5,462.8359
2026-07-04T20:00:00Z,4171.6,4172.6,4170.0,4172.6,176.0661
2026-07-04T21:00:00Z,4172.7,4174.1,4172.7,4174.1,75.6727
2026-07-04T22:00:00Z,4174.0,4175.3,4174.0,4175.3,42.6949
2026-07-04T23:00:00Z,4175.2,4176.1,4175.2,4176.0,62.2136
2026-07-05T00:00:00Z,4176.0,4176.1,4176.0,4176.0,43.6186
2026-07-05T01:00:00Z,4176.0,4176.3,4176.0,4176.2,37.7117
2026-07-05T02:00:00Z,4176.2,4176.3,4173.2,4173.6,181.5162
2026-07-05T03:00:00Z,4173.6,4174.1,4173.6,4173.8,51.947
2026-07-05T04:00:00Z,4173.9,4174.3,4173.8,4174.2,31.5613
2026-07-05T05:00:00Z,4174.1,4175.3,4174.1,4175.3,16.2747
2026-07-05T06:00:00Z,4175.3,4175.6,4175.2,4175.6,5.6188
2026-07-05T07:00:00Z,4175.5,4175.6,4175.2,4175.2,28.9219
2026-07-05T08:00:00Z,4175.2,4175.9,4175.2,4175.6,20.5441
2026-07-05T09:00:00Z,4175.6,4176.2,4171.2,4174.4,161.6481
2026-07-05T10:00:00Z,4174.4,4175.7,4174.3,4175.7,50.2994
2026-07-05T11:00:00Z,4175.7,4177.8,4175.7,4177.8,22.4283
2026-07-05T12:00:00Z,4177.8,4178.6,4177.6,4177.9,49.9712
2026-07-05T13:00:00Z,4177.8,4177.9,4176.3,4176.4,27.6359
2026-07-05T14:00:00Z,4176.4,4177.1,4175.9,4177.1,34.1248
2026-07-05T15:00:00Z,4176.2,4177.9,4176.2,4177.4,51.1645
2026-07-05T16:00:00Z,4177.5,4177.5,4177.0,4177.1,11.0399
2026-07-05T17:00:00Z,4177.0,4179.3,4177.0,4179.0,38.2345
2026-07-05T18:00:00Z,4179.0,4179.2,4176.3,4178.8,74.302
2026-07-05T19:00:00Z,4178.7,4181.3,4177.1,4180.1,117.3877
2026-07-05T20:00:00Z,4180.1,4182.8,4180.1,4182.6,84.3847
2026-07-05T21:00:00Z,4182.5,4182.6,4179.5,4182.2,56.9818
2026-07-05T22:00:00Z,4182.1,4192.3,4175.4,4189.8,324.7481
2026-07-05T23:00:00Z,4189.8,4202.7,4181.1,4185.0,697.3894
2026-07-06T00:00:00Z,4185.5,4190.7,4174.5,4183.0,328.8937
2026-07-06T01:00:00Z,4182.3,4203.9,4176.1,4188.5,431.8258
2026-07-06T02:00:00Z,4188.5,4189.7,4171.2,4176.9,143.3146
2026-07-06T03:00:00Z,4176.8,4178.3,4163.3,4167.5,491.5883
2026-07-06T04:00:00Z,4167.3,4168.0,4160.4,4161.7,562.3222
2026-07-06T05:00:00Z,4161.6,4162.0,4147.4,4149.0,882.4389
2026-07-06T06:00:00Z,4152.1,4161.2,4148.7,4152.2,332.9751
2026-07-06T07:00:00Z,4151.9,4167.6,4149.7,4165.9,302.6296
2026-07-06T08:00:00Z,4165.9,4166.9,4150.0,4152.4,103.4646
2026-07-06T09:00:00Z,4152.0,4152.3,4137.8,4145.9,461.9441
2026-07-06T10:00:00Z,4145.8,4156.8,4144.7,4155.7,94.648
2026-07-06T11:00:00Z,4155.8,4159.9,4153.3,4155.7,113.1666
2026-07-06T12:00:00Z,4155.7,4158.9,4133.6,4141.5,160.7806
2026-07-06T13:00:00Z,4141.3,4151.4,4139.2,4141.6,245.5891
2026-07-06T14:00:00Z,4142.9,4146.9,4131.2,4139.5,277.9015
2026-07-06T15:00:00Z,4140.4,4154.1,4140.0,4149.0,463.7222
2026-07-06T16:00:00Z,4148.9,4158.2,4142.7,4158.1,378.4396
2026-07-06T17:00:00Z,4158.0,4164.0,4154.3,4162.2,206.5535
2026-07-06T18:00:00Z,4162.2,4170.0,4157.9,4165.1,365.0861
2026-07-06T19:00:00Z,4165.1,4167.0,4161.5,4165.3,100.1991
2026-07-06T20:00:00Z,4166.0,4167.3,4163.9,4167.3,53.5504
2026-07-06T21:00:00Z,4167.2,4171.9,4167.2,4169.3,164.1555
2026-07-06T22:00:00Z,4169.1,4170.4,4166.3,4166.5,79.8338
2026-07-06T23:00:00Z,4166.6,4167.3,4158.3,4158.9,50.7167
2026-07-07T00:00:00Z,4158.2,4163.0,4147.5,4147.5,181.3626
2026-07-07T01:00:00Z,4147.5,4148.2,4128.4,4142.6,234.8165
2026-07-07T02:00:00Z,4143.4,4146.3,4135.1,4137.6,142.4606
2026-07-07T03:00:00Z,4137.9,4140.6,4127.9,4132.9,47.0528
2026-07-07T04:00:00Z,4133.0,4142.5,4127.6,4127.6,242.6628
2026-07-07T05:00:00Z,4128.2,4130.7,4118.7,4126.6,1553.726
2026-07-07T06:00:00Z,4126.2,4134.3,4124.2,4132.4,176.2137
2026-07-07T07:00:00Z,4130.0,4135.0,4127.0,4127.6,48.8207
2026-07-07T08:00:00Z,4128.9,4140.0,4124.6,4128.4,151.4962
2026-07-07T09:00:00Z,4128.3,4135.3,4122.1,4133.7,172.5469
2026-07-07T10:00:00Z,4134.4,4140.9,4134.2,4136.4,112.1947
2026-07-07T11:00:00Z,4136.2,4160.0,4133.9,4160.0,331.0978
2026-07-07T12:00:00Z,4159.2,4176.8,4157.1,4173.7,447.3352
2026-07-07T13:00:00Z,4173.4,4181.0,4157.8,4160.2,672.2363
2026-07-07T14:00:00Z,4161.0,4164.8,4144.8,4155.9,440.5023
2026-07-07T15:00:00Z,4154.3,4156.9,4138.0,4140.0,650.314
2026-07-07T16:00:00Z,4140.4,4148.7,4138.7,4145.3,78.1975
2026-07-07T17:00:00Z,4145.3,4148.5,4142.1,4145.3,51.8572
2026-07-07T18:00:00Z,4145.9,4146.6,4126.8,4127.8,252.1358
2026-07-07T19:00:00Z,4127.8,4128.9,4096.1,4117.2,873.5689
2026-07-07T20:00:00Z,4117.2,4117.6,4106.2,4108.8,57.0105
2026-07-07T21:00:00Z,4108.9,4110.4,4107.0,4109.8,103.7188
2026-07-07T22:00:00Z,4109.1,4109.1,4096.1,4100.9,479.5536
2026-07-07T23:00:00Z,4100.0,4108.9,4098.4,4099.9,91.4617
2026-07-08T00:00:00Z,4100.0,4127.7,4099.5,4115.1,97.4336
2026-07-08T01:00:00Z,4113.9,4118.3,4097.4,4112.7,655.5416
2026-07-08T02:00:00Z,4112.2,4125.4,4107.7,4115.3,81.6985
2026-07-08T03:00:00Z,4115.4,4131.9,4115.4,4124.3,90.3058
2026-07-08T04:00:00Z,4124.7,4129.2,4121.8,4125.9,76.8905
2026-07-08T05:00:00Z,4126.3,4133.8,4123.8,4128.6,76.0525
2026-07-08T06:00:00Z,4128.9,4133.6,4123.9,4124.9,128.9068
2026-07-08T07:00:00Z,4124.4,4127.6,4115.4,4121.9,84.1784
2026-07-08T08:00:00Z,4120.8,4121.7,4054.0,4057.5,3234.0898
2026-07-08T09:00:00Z,4057.6,4061.2,4043.2,4044.9,443.4211
2026-07-08T10:00:00Z,4045.0,4059.2,4042.0,4054.7,223.1912
2026-07-08T11:00:00Z,4055.2,4073.4,4043.7,4063.0,308.3925
2026-07-08T12:00:00Z,4064.4,4086.6,4060.1,4073.2,288.7475
2026-07-08T13:00:00Z,4072.7,4082.9,4067.8,4071.0,394.5166
2026-07-08T14:00:00Z,4071.6,4071.9,4035.6,4042.8,827.4083
2026-07-08T15:00:00Z,4042.5,4044.7,4023.9,4036.4,493.8415
2026-07-08T16:00:00Z,4037.3,4066.1,4035.4,4065.1,993.5398
2026-07-08T17:00:00Z,4065.8,4078.0,4062.5,4068.0,659.5189
2026-07-08T18:00:00Z,4067.9,4092.5,4065.7,4086.1,853.0992
2026-07-08T19:00:00Z,4087.5,4092.3,4080.8,4083.1,175.6456
2026-07-08T20:00:00Z,4082.6,4084.7,4073.9,4079.2,137.3002
2026-07-08T21:00:00Z,4079.7,4083.3,4078.9,4081.4,121.4208
2026-07-08T22:00:00Z,4080.0,4081.4,4074.9,4078.4,264.1736
2026-07-08T23:00:00Z,4077.6,4079.0,4073.9,4077.6,38.8145
2026-07-09T00:00:00Z,4078.4,4091.1,4072.6,4074.8,260.9054
2026-07-09T01:00:00Z,4073.3,4078.9,4064.6,4074.1,149.5748
2026-07-09T02:00:00Z,4073.6,4083.6,4066.0,4066.0,87.4394
2026-07-09T03:00:00Z,4066.3,4068.0,4056.6,4065.2,153.2893
2026-07-09T04:00:00Z,4065.3,4066.2,4060.0,4065.9,70.4455
2026-07-09T05:00:00Z,4066.3,4086.0,4066.3,4084.1,192.2665
2026-07-09T06:00:00Z,4084.2,4109.6,4084.2,4109.6,658.7329
2026-07-09T07:00:00Z,4108.3,4112.4,4103.6,4109.5,169.9647
2026-07-09T08:00:00Z,4109.5,4119.2,4106.8,4110.6,410.8126
2026-07-09T09:00:00Z,4110.2,4113.2,4105.0,4107.6,68.955
2026-07-09T10:00:00Z,4107.5,4110.9,4096.4,4100.2,117.8433
2026-07-09T11:00:00Z,4100.2,4111.9,4100.1,4109.5,144.0505
2026-07-09T12:00:00Z,4109.9,4124.2,4107.2,4109.8,220.6631
2026-07-09T13:00:00Z,4109.5,4130.8,4108.8,4122.8,481.6038
2026-07-09T14:00:00Z,4125.0,4137.2,4116.1,4129.0,945.2689
2026-07-09T15:00:00Z,4129.4,4134.2,4126.5,4128.6,106.0778
2026-07-09T16:00:00Z,4129.3,4139.0,4127.8,4129.9,95.0737
2026-07-09T17:00:00Z,4129.8,4138.7,4127.8,4137.7,231.2759
2026-07-09T18:00:00Z,4137.7,4137.7,4122.9,4126.4,219.0627
2026-07-09T19:00:00Z,4125.8,4127.5,4121.1,4123.8,117.5127
2026-07-09T20:00:00Z,4124.5,4127.8,4123.1,4126.0,287.8317
2026-07-09T21:00:00Z,4126.1,4130.6,4125.3,4128.8,108.5669
2026-07-09T22:00:00Z,4128.8,4128.8,4123.6,4124.6,145.9968
2026-07-09T23:00:00Z,4124.6,4126.8,4123.8,4125.8,41.9085
2026-07-10T00:00:00Z,4126.3,4130.0,4117.4,4129.0,202.5024
2026-07-10T01:00:00Z,4129.0,4133.0,4112.1,4119.8,62.1561
2026-07-10T02:00:00Z,4119.7,4131.3,4119.2,4129.7,41.3354
2026-07-10T03:00:00Z,4130.4,4137.1,4122.0,4122.7,96.1118
2026-07-10T04:00:00Z,4122.1,4123.3,4115.1,4117.6,37.4367
2026-07-10T05:00:00Z,4117.9,4119.2,4111.2,4119.0,74.1252
2026-07-10T06:00:00Z,4121.5,4122.2,4113.2,4114.1,310.2874
2026-07-10T07:00:00Z,4114.1,4117.0,4105.0,4108.9,253.3476
2026-07-10T08:00:00Z,4108.9,4110.2,4097.1,4099.3,530.723
2026-07-10T09:00:00Z,4099.2,4107.4,4097.5,4107.0,361.5291
2026-07-10T10:00:00Z,4106.8,4114.0,4106.8,4107.5,164.2177
2026-07-10T11:00:00Z,4107.1,4109.9,4098.6,4104.9,188.0905
2026-07-10T12:00:00Z,4104.8,4117.9,4101.0,4104.1,425.7789
2026-07-10T13:00:00Z,4105.0,4107.5,4088.9,4101.8,344.7148
2026-07-10T14:00:00Z,4102.3,4111.3,4077.5,4095.1,996.6879
2026-07-10T15:00:00Z,4095.0,4115.1,4095.0,4115.1,265.092
2026-07-10T16:00:00Z,4115.1,4117.9,4107.0,4107.0,371.4245
2026-07-10T17:00:00Z,4106.7,4109.4,4102.4,4103.7,449.1063
2026-07-10T18:00:00Z,4103.3,4107.9,4100.6,4102.4,42.1169
2026-07-10T19:00:00Z,4102.4,4109.1,4099.9,4109.0,43.4254
2026-07-10T20:00:00Z,4109.1,4121.0,4109.1,4121.0,114.9723
2026-07-10T21:00:00Z,4120.9,4121.0,4119.4,4119.7,122.9515
2026-07-10T22:00:00Z,4119.8,4121.5,4119.7,4120.5,95.4756
2026-07-10T23:00:00Z,4120.4,4120.5,4119.4,4119.4,19.5515
2026-07-11T00:00:00Z,4119.4,4120.3,4119.3,4119.4,13.3878
2026-07-11T01:00:00Z,4119.3,4119.3,4116.8,4117.2,37.1896
2026-07-11T02:00:00Z,4117.2,4118.4,4116.8,4117.7,23.6948
2026-07-11T03:00:00Z,4117.6,4117.6,4116.4,4116.8,14.0379
2026-07-11T04:00:00Z,4116.9,4117.7,4116.8,4117.7,12.1986
2026-07-11T05:00:00Z,4117.6,4118.6,4116.7,4118.6,31.127
2026-07-11T06:00:00Z,4117.8,4119.2,4117.2,4118.2,34.3578
2026-07-11T07:00:00Z,4118.4,4119.0,4117.2,4117.7,46.0816
2026-07-11T08:00:00Z,4117.6,4118.5,4117.6,4118.4,12.3119
2026-07-11T09:00:00Z,4118.5,4119.9,4116.8,4119.8,60.056
2026-07-11T10:00:00Z,4119.7,4120.3,4119.7,4120.2,7.8544
2026-07-11T11:00:00Z,4120.2,4120.3,4120.2,4120.3,2.5681
2026-07-11T12:00:00Z,4119.8,4119.8,4118.1,4118.2,30.1097
2026-07-11T13:00:00Z,4118.2,4120.4,4117.4,4119.9,54.6809
2026-07-11T14:00:00Z,4119.9,4120.0,4119.2,4120.0,6.0116
2026-07-11T15:00:00Z,4119.9,4119.9,4110.5,4114.6,239.8515
2026-07-11T16:00:00Z,4114.6,4115.1,4114.5,4115.1,50.8349
2026-07-11T17:00:00Z,4115.1,4115.5,4115.0,4115.4,5.3473
2026-07-11T18:00:00Z,4115.4,4115.4,4114.5,4115.0,17.1794
2026-07-11T19:00:00Z,4115.0,4115.3,4114.7,4115.0,11.3461
2026-07-11T20:00:00Z,4115.0,4115.3,4115.0,4115.3,3.8976
2026-07-11T21:00:00Z,4115.3,4115.6,4111.9,4112.5,71.9383
2026-07-11T22:00:00Z,4112.5,4112.6,4111.7,4112.2,23.3397
2026-07-11T23:00:00Z,4112.3,4112.3,4110.3,4110.7,39.4387
2026-07-12T00:00:00Z,4110.7,4110.7,4108.8,4108.8,37.4923
2026-07-12T01:00:00Z,4108.8,4110.4,4108.5,4108.8,10.0924
2026-07-12T02:00:00Z,4108.6,4109.5,4107.5,4109.4,11.1185
2026-07-12T03:00:00Z,4109.6,4109.9,4109.6,4109.8,6.8713
2026-07-12T04:00:00Z,4109.8,4110.4,4109.8,4110.0,6.159
2026-07-12T05:00:00Z,4110.1,4110.1,4107.2,4107.9,11.5278
2026-07-12T06:00:00Z,4107.2,4107.3,4107.2,4107.3,3.0763
2026-07-12T07:00:00Z,4107.3,4108.0,4107.2,4107.4,51.2827
2026-07-12T08:00:00Z,4107.3,4108.0,4107.2,4107.2,10.6214
2026-07-12T09:00:00Z,4107.3,4107.3,4105.9,4107.0,16.5551
2026-07-12T10:00:00Z,4106.9,4107.8,4106.9,4107.7,13.2043
2026-07-12T11:00:00Z,4107.6,4107.6,4106.8,4106.9,5.2341
2026-07-12T12:00:00Z,4106.8,4106.9,4105.3,4105.9,23.4931
2026-07-12T13:00:00Z,4105.8,4105.8,4103.5,4103.7,15.2886
2026-07-12T14:00:00Z,4103.0,4103.9,4101.8,4103.3,24.18
2026-07-12T15:00:00Z,4103.3,4109.5,4103.2,4108.3,108.8432
2026-07-12T16:00:00Z,4108.3,4108.4,4105.9,4106.1,70.1114
2026-07-12T17:00:00Z,4106.2,4106.2,4103.9,4103.9,25.8943
2026-07-12T18:00:00Z,4104.0,4104.0,4102.6,4103.2,64.1601
2026-07-12T19:00:00Z,4103.2,4103.4,4103.1,4103.2,16.957
2026-07-12T20:00:00Z,4103.1,4104.0,4102.5,4104.0,52.3681
2026-07-12T21:00:00Z,4104.0,4104.0,4097.1,4098.6,258.0958
2026-07-12T22:00:00Z,4098.6,4103.9,4073.4,4079.6,1164.3059
2026-07-12T23:00:00Z,4078.5,4086.0,4071.1,4085.6,173.3805
2026-07-13T00:00:00Z,4086.0,4092.6,4063.6,4076.3,123.3934
2026-07-13T01:00:00Z,4076.0,4090.6,4069.5,4076.4,117.1468
2026-07-13T02:00:00Z,4074.4,4079.3,4068.2,4072.5,90.5936
2026-07-13T03:00:00Z,4072.5,4072.5,4056.9,4062.1,197.5627
2026-07-13T04:00:00Z,4062.0,4062.0,4053.5,4060.8,86.5605
2026-07-13T05:00:00Z,4060.0,4073.4,4055.1,4056.3,452.5584
2026-07-13T06:00:00Z,4056.4,4065.0,4047.1,4056.7,262.438
2026-07-13T07:00:00Z,4057.5,4066.4,4052.6,4066.3,147.1085
2026-07-13T08:00:00Z,4066.5,4081.4,4066.5,4076.2,179.2289
2026-07-13T09:00:00Z,4076.2,4077.7,4070.3,4070.3,77.9581
2026-07-13T10:00:00Z,4070.1,4071.7,4050.9,4062.0,124.6691
2026-07-13T11:00:00Z,4062.0,4068.9,4058.1,4059.1,332.132
2026-07-13T12:00:00Z,4059.4,4067.9,4055.8,4067.8,234.765
2026-07-13T13:00:00Z,4068.4,4068.4,4044.5,4044.5,393.7013
2026-07-13T14:00:00Z,4044.5,4047.2,4004.1,4016.4,2273.6454
2026-07-13T15:00:00Z,4017.5,4023.0,4014.1,4017.5,811.1853
2026-07-13T16:00:00Z,4018.8,4020.7,3989.8,3995.1,1519.4834
2026-07-13T17:00:00Z,3996.6,4004.7,3995.5,3995.6,260.0116
2026-07-13T18:00:00Z,3995.7,4007.2,3990.5,4002.5,1134.9173
2026-07-13T19:00:00Z,4004.5,4007.0,3997.0,4004.9,180.3868
2026-07-13T20:00:00Z,4004.9,4008.3,4000.4,4004.9,134.2381
2026-07-13T21:00:00Z,4005.0,4008.7,4005.0,4008.1,213.5469
2026-07-13T22:00:00Z,4008.0,4009.3,4003.4,4003.9,326.8499
2026-07-13T23:00:00Z,4003.6,4004.9,3995.1,4002.5,314.451
2026-07-14T00:00:00Z,4003.6,4009.2,3988.2,4006.9,361.9709
2026-07-14T01:00:00Z,4006.8,4014.7,3996.1,4013.0,234.6109
2026-07-14T02:00:00Z,4013.5,4020.8,4009.7,4015.1,572.1297
2026-07-14T03:00:00Z,4014.8,4020.9,4014.4,4018.6,196.2813
2026-07-14T04:00:00Z,4019.1,4024.3,4016.1,4023.1,165.2903
2026-07-14T05:00:00Z,4023.1,4035.5,4022.5,4033.0,389.0831
2026-07-14T06:00:00Z,4033.0,4034.2,4023.6,4025.7,320.8481
2026-07-14T07:00:00Z,4025.0,4031.1,4022.2,4022.2,247.8679
2026-07-14T08:00:00Z,4022.2,4025.0,4017.6,4019.1,167.9824
2026-07-14T09:00:00Z,4019.2,4025.8,4016.8,4023.5,153.5593
2026-07-14T10:00:00Z,4023.6,4023.9,4017.6,4022.7,1114.1305
2026-07-14T11:00:00Z,4022.7,4032.8,4017.6,4032.8,217.5649
2026-07-14T12:00:00Z,4032.7,4103.0,4025.1,4077.9,2635.94
2026-07-14T13:00:00Z,4077.9,4088.9,4072.8,4078.8,622.797
2026-07-14T14:00:00Z,4077.7,4088.5,4072.6,4086.0,593.0117
2026-07-14T15:00:00Z,4086.0,4100.2,4066.7,4067.8,1037.2936
2026-07-14T16:00:00Z,4067.9,4067.9,4059.3,4062.7,507.6459
2026-07-14T17:00:00Z,4063.1,4065.5,4055.9,4064.3,974.1755
2026-07-14T18:00:00Z,4064.2,4064.3,4045.1,4055.3,1219.41
2026-07-14T19:00:00Z,4056.3,4058.4,4050.1,4058.3,158.1097
2026-07-14T20:00:00Z,4058.3,4058.3,4052.4,4053.7,62.9914
2026-07-14T21:00:00Z,4053.8,4062.7,4053.7,4059.3,273.0768
2026-07-14T22:00:00Z,4058.6,4058.6,4051.1,4051.3,48.6266
2026-07-14T23:00:00Z,4051.7,4057.1,4049.2,4055.1,209.4485
2026-07-15T00:00:00Z,4055.0,4062.7,4054.1,4062.4,32.4379
2026-07-15T01:00:00Z,4063.5,4063.6,4038.1,4039.6,209.7422
2026-07-15T02:00:00Z,4039.6,4044.3,4032.0,4038.3,41.0948
2026-07-15T03:00:00Z,4038.7,4042.0,4029.2,4033.7,352.7136
2026-07-15T04:00:00Z,4033.6,4036.9,4030.8,4035.1,59.7505
2026-07-15T05:00:00Z,4035.8,4038.0,4025.0,4036.2,162.0799
2026-07-15T06:00:00Z,4037.1,4037.1,4024.1,4034.4,350.9332
2026-07-15T07:00:00Z,4034.1,4036.6,4023.0,4026.7,66.3722
2026-07-15T08:00:00Z,4026.8,4035.2,4020.2,4033.3,203.0939
2026-07-15T09:00:00Z,4033.4,4036.0,4028.7,4032.3,108.9295
2026-07-15T10:00:00Z,4032.4,4037.5,4029.6,4029.6,55.4534
2026-07-15T11:00:00Z,4030.0,4042.0,4029.9,4041.3,189.4558
2026-07-15T12:00:00Z,4040.6,4072.7,4038.9,4070.7,1642.7908
2026-07-15T13:00:00Z,4070.6,4075.6,4057.6,4064.8,986.3784
2026-07-15T14:00:00Z,4064.6,4068.0,4055.5,4061.8,474.6805
2026-07-15T15:00:00Z,4062.4,4064.5,4039.9,4048.0,2587.4095
2026-07-15T16:00:00Z,4048.5,4048.5,4028.0,4033.7,873.2098
2026-07-15T17:00:00Z,4033.6,4066.5,4033.6,4064.4,812.7242
2026-07-15T18:00:00Z,4063.1,4083.1,4061.2,4061.2,430.401
2026-07-15T19:00:00Z,4060.0,4064.9,4051.9,4058.2,64.1367
2026-07-15T20:00:00Z,4059.2,4065.4,4058.4,4064.4,43.1137
2026-07-15T21:00:00Z,4064.4,4066.9,4064.4,4066.1,171.7986
2026-07-15T22:00:00Z,4066.7,4067.5,4060.0,4061.2,36.0173
2026-07-15T23:00:00Z,4061.3,4062.4,4057.6,4059.1,31.164
2026-07-16T00:00:00Z,4059.2,4061.9,4046.2,4046.3,202.893
2026-07-16T01:00:00Z,4046.7,4051.7,4036.7,4040.1,177.1828
2026-07-16T02:00:00Z,4040.6,4040.6,4025.9,4033.5,264.8321
2026-07-16T03:00:00Z,4033.0,4037.5,4029.7,4037.4,21.4714
2026-07-16T04:00:00Z,4037.0,4038.4,4033.6,4035.3,276.6264
2026-07-16T05:00:00Z,4035.1,4035.1,4028.6,4030.0,200.602
2026-07-16T06:00:00Z,4031.8,4037.3,4025.5,4033.2,85.698
2026-07-16T07:00:00Z,4032.6,4032.6,4025.9,4032.5,81.4315
2026-07-16T08:00:00Z,4032.8,4036.6,4026.7,4036.5,450.4425
2026-07-16T09:00:00Z,4037.2,4038.7,4032.3,4036.8,50.1312
2026-07-16T10:00:00Z,4035.0,4035.7,4031.6,4031.6,107.9514
2026-07-16T11:00:00Z,4031.3,4043.6,4021.7,4039.4,1109.5574
2026-07-16T12:00:00Z,4038.4,4044.4,3993.0,3995.2,1492.555
2026-07-16T13:00:00Z,3994.4,4011.2,3977.8,3994.3,2479.9261
2026-07-16T14:00:00Z,3994.3,4010.0,3992.3,4001.2,685.569
2026-07-16T15:00:00Z,4001.1,4019.6,3993.5,4010.0,623.5723
2026-07-16T16:00:00Z,4010.0,4010.0,3987.5,3995.6,295.3065
2026-07-16T17:00:00Z,3995.1,3996.1,3984.8,3988.6,203.6665
2026-07-16T18:00:00Z,3988.5,3992.5,3980.4,3983.3,181.0338
2026-07-16T19:00:00Z,3983.3,3988.7,3974.0,3982.3,288.0957
2026-07-16T20:00:00Z,3982.5,3983.2,3976.3,3979.9,122.6188
2026-07-16T21:00:00Z,3979.9,3989.3,3979.8,3985.7,321.5012
2026-07-16T22:00:00Z,3985.4,3985.4,3977.4,3981.3,342.4338
2026-07-16T23:00:00Z,3981.2,3990.3,3979.1,3989.8,156.5782
2026-07-17T00:00:00Z,3989.7,3994.8,3985.0,3994.8,600.2786
2026-07-17T01:00:00Z,3993.2,3997.8,3982.6,3986.8,446.8018
2026-07-17T02:00:00Z,3987.4,3990.5,3975.0,3982.2,303.9699
2026-07-17T03:00:00Z,3982.3,4010.2,3982.1,3994.5,536.5821
2026-07-17T04:00:00Z,3994.5,3994.5,3983.5,3984.9,150.577
2026-07-17T05:00:00Z,3984.8,3994.0,3980.0,3989.4,327.9716
2026-07-17T06:00:00Z,3989.4,4009.6,3989.4,4001.7,445.7311
2026-07-17T07:00:00Z,4000.3,4004.9,3995.8,3995.8,195.7442
2026-07-17T08:00:00Z,3995.2,4001.9,3991.1,3996.5,440.501
2026-07-17T09:00:00Z,3996.7,4004.2,3995.4,3998.8,867.0143
2026-07-17T10:00:00Z,3998.8,4000.6,3992.9,3993.1,415.1914
2026-07-17T11:00:00Z,3993.2,4000.0,3992.0,3996.7,105.4521
2026-07-17T12:00:00Z,3996.7,3997.7,3967.3,3968.2,1106.8036
2026-07-17T13:00:00Z,3968.2,4003.0,3963.2,3997.4,1107.3848
2026-07-17T14:00:00Z,3997.5,4005.1,3991.7,4000.2,774.2022
2026-07-17T15:00:00Z,4000.6,4021.1,3999.1,4018.8,602.4475
2026-07-17T16:00:00Z,4018.8,4023.6,4011.6,4016.4,402.407
2026-07-17T17:00:00Z,4017.2,4019.4,4009.5,4010.2,87.5642
2026-07-17T18:00:00Z,4010.3,4016.3,4008.2,4012.4,199.6538
2026-07-17T19:00:00Z,4012.3,4016.8,4004.2,4016.7,132.353
2026-07-17T20:00:00Z,4016.6,4018.2,4010.5,4018.0,138.946
2026-07-17T21:00:00Z,4018.0,4018.1,4013.5,4013.7,154.4995
2026-07-17T22:00:00Z,4013.7,4013.7,4013.6,4013.7,32.1793
2026-07-17T23:00:00Z,4013.7,4013.7,4013.0,4013.4,59.9075
2026-07-18T00:00:00Z,4013.4,4013.7,4013.3,4013.7,6.7404
2026-07-18T01:00:00Z,4013.7,4013.7,4013.6,4013.7,25.9151
2026-07-18T02:00:00Z,4013.7,4013.9,4013.6,4013.8,15.2809
2026-07-18T03:00:00Z,4013.9,4013.9,4013.8,4013.9,31.5508
2026-07-18T04:00:00Z,4013.9,4013.9,4013.5,4013.8,53.9161
2026-07-18T05:00:00Z,4013.7,4013.8,4013.7,4013.7,9.3954
2026-07-18T06:00:00Z,4013.8,4013.8,4013.7,4013.8,30.3403
2026-07-18T07:00:00Z,4013.7,4017.6,4013.7,4017.2,148.7579
2026-07-18T08:00:00Z,4017.2,4020.4,4017.2,4017.9,149.7258
2026-07-18T09:00:00Z,4017.9,4018.4,4017.9,4018.4,31.5405
2026-07-18T10:00:00Z,4018.4,4018.4,4018.1,4018.2,29.1197
2026-07-18T11:00:00Z,4018.1,4018.7,4018.1,4018.7,32.4185
2026-07-18T12:00:00Z,4018.7,4018.7,4016.8,4018.1,108.2647
2026-07-18T13:00:00Z,4018.1,4018.3,4016.5,4016.6,32.8169
2026-07-18T14:00:00Z,4016.5,4019.6,4016.5,4019.5,29.9733
2026-07-18T15:00:00Z,4019.5,4019.9,4018.5,4018.7,40.8605
2026-07-18T16:00:00Z,4018.7,4020.3,4018.0,4020.3,68.808
2026-07-18T17:00:00Z,4019.5,4022.0,4016.9,4021.7,206.8156
2026-07-18T18:00:00Z,4021.7,4022.0,4014.7,4016.1,71.8314
2026-07-18T19:00:00Z,4016.1,4017.4,4013.6,4015.2,193.06
2026-07-18T20:00:00Z,4015.2,4015.3,4014.7,4014.8,8.653
2026-07-18T21:00:00Z,4014.7,4014.7,4012.3,4013.5,37.2628
2026-07-18T22:00:00Z,4013.4,4014.0,4013.2,4014.0,23.7088
2026-07-18T23:00:00Z,4014.0,4017.5,4014.0,4017.5,52.9963
2026-07-19T00:00:00Z,4017.4,4018.3,4017.4,4018.3,8.7802
2026-07-19T01:00:00Z,4018.3,4018.4,4017.7,4017.7,9.1996
2026-07-19T02:00:00Z,4017.8,4018.4,4017.3,4018.3,14.7287
2026-07-19T03:00:00Z,4018.3,4019.1,4018.3,4018.4,7.1367
2026-07-19T04:00:00Z,4017.9,4017.9,4015.7,4016.4,66.9601
2026-07-19T05:00:00Z,4016.6,4017.3,4016.6,4017.3,8.3908
2026-07-19T06:00:00Z,4017.2,4017.3,4017.0,4017.1,0.4577
2026-07-19T07:00:00Z,4017.1,4017.1,4015.9,4015.9,8.5289
2026-07-19T08:00:00Z,4015.7,4015.7,4012.9,4014.4,17.2523
2026-07-19T09:00:00Z,4014.4,4014.5,4013.0,4013.1,56.3973
2026-07-19T10:00:00Z,4013.1,4013.4,4013.0,4013.4,5.2714
2026-07-19T11:00:00Z,4013.4,4013.4,4011.6,4012.1,12.3933
2026-07-19T12:00:00Z,4012.2,4012.2,4009.5,4010.1,28.0773
2026-07-19T13:00:00Z,4010.3,4013.0,4010.3,4013.0,38.0279
2026-07-19T14:00:00Z,4013.0,4013.4,4013.0,4013.4,30.105
2026-07-19T15:00:00Z,4013.4,4013.4,4012.4,4012.4,23.2875
2026-07-19T16:00:00Z,4012.4,4013.0,4012.0,4013.0,12.5929
2026-07-19T17:00:00Z,4012.9,4016.5,4012.8,4016.5,309.0429
2026-07-19T18:00:00Z,4016.4,4017.1,4015.5,4016.6,29.3167
2026-07-19T19:00:00Z,4016.6,4016.6,4015.3,4015.4,30.9739
2026-07-19T20:00:00Z,4015.3,4015.4,4011.8,4011.9,235.2806
2026-07-19T21:00:00Z,4012.4,4013.1,4011.1,4011.2,64.1917
2026-07-19T22:00:00Z,4011.2,4011.2,3994.9,3996.4,735.7658
2026-07-19T23:00:00Z,3996.1,3996.1,3990.3,3995.4,65.1151
2026-07-20T00:00:00Z,3995.2,4009.2,3985.0,4009.2,269.0624
2026-07-20T01:00:00Z,4009.2,4019.7,3997.2,4003.8,119.2064
2026-07-20T02:00:00Z,4003.7,4028.8,4002.9,4022.9,329.131
2026-07-20T03:00:00Z,4022.7,4027.8,4019.4,4023.8,144.2591
2026-07-20T04:00:00Z,4024.2,4026.4,4020.0,4020.1,53.841
2026-07-20T05:00:00Z,4020.1,4021.2,4007.5,4010.2,342.4077
2026-07-20T06:00:00Z,4009.7,4012.5,4004.3,4005.3,121.9451
2026-07-20T07:00:00Z,4005.3,4021.5,4003.7,4017.8,288.0654
2026-07-20T08:00:00Z,4018.2,4030.0,4018.2,4019.2,300.5202
2026-07-20T09:00:00Z,4019.2,4023.2,4015.6,4020.6,121.4332
2026-07-20T10:00:00Z,4021.3,4025.5,4019.7,4024.1,179.1702
2026-07-20T11:00:00Z,4024.1,4039.9,4020.8,4025.8,290.3723
2026-07-20T12:00:00Z,4025.9,4025.9,4008.1,4008.9,734.1374
2026-07-20T13:00:00Z,4009.4,4017.5,4006.4,4006.6,375.2412
2026-07-20T14:00:00Z,4006.4,4013.7,4000.0,4007.5,261.0004
2026-07-20T15:00:00Z,4007.1,4019.3,4005.5,4015.1,1653.4382
2026-07-20T16:00:00Z,4015.1,4020.5,4006.3,4012.9,1568.8223
2026-07-20T17:00:00Z,4013.2,4015.5,4007.4,4008.5,2927.6152
2026-07-20T18:00:00Z,4008.5,4015.5,4007.6,4010.0,983.8399
2026-07-20T19:00:00Z,4009.9,4019.5,4007.8,4009.7,201.9195
2026-07-20T20:00:00Z,4010.0,4012.4,4009.4,4010.7,60.539
2026-07-20T21:00:00Z,4010.8,4015.3,4010.8,4014.6,134.1438
2026-07-20T22:00:00Z,4014.6,4014.6,4003.9,4004.9,205.2731
2026-07-20T23:00:00Z,4004.4,4012.5,4004.3,4012.5,78.2842
2026-07-21T00:00:00Z,4012.4,4028.0,4007.2,4028.0,220.6473
2026-07-21T01:00:00Z,4027.9,4037.0,4021.9,4025.1,307.293
2026-07-21T02:00:00Z,4025.1,4045.8,4024.6,4039.7,426.9193
2026-07-21T03:00:00Z,4039.7,4052.9,4039.7,4049.2,614.8359
2026-07-21T04:00:00Z,4049.2,4053.6,4046.5,4050.8,169.5801
2026-07-21T05:00:00Z,4051.9,4069.9,4049.2,4063.4,716.5513
2026-07-21T06:00:00Z,4063.4,4085.2,4063.4,4080.9,521.9011
2026-07-21T07:00:00Z,4080.9,4081.6,4070.7,4072.2,252.7791
2026-07-21T08:00:00Z,4072.2,4073.0,4063.0,4065.1,178.8725
2026-07-21T09:00:00Z,4065.1,4072.4,4064.1,4068.9,283.6118
2026-07-21T10:00:00Z,4068.9,4071.5,4064.1,4065.1,105.0329
2026-07-21T11:00:00Z,4065.0,4065.1,4055.7,4057.4,846.5784
2026-07-21T12:00:00Z,4057.5,4067.1,4054.0,4056.6,267.5039
2026-07-21T13:00:00Z,4057.2,4062.5,4046.2,4054.7,342.9446
2026-07-21T14:00:00Z,4054.7,4075.0,4054.1,4069.7,482.3284
2026-07-21T15:00:00Z,4069.6,4084.0,4067.7,4075.6,580.716
2026-07-21T16:00:00Z,4075.6,4080.3,4071.9,4073.1,246.6791
2026-07-21T17:00:00Z,4073.1,4073.9,4069.0,4069.1,433.7938
2026-07-21T18:00:00Z,4069.1,4091.3,4069.1,4085.0,3719.9693
2026-07-21T19:00:00Z,4085.0,4087.5,4082.8,4087.2,437.4348
2026-07-21T20:00:00Z,4087.0,4088.6,4080.2,4080.8,510.7432
2026-07-21T21:00:00Z,4080.7,4084.3,4080.4,4083.2,256.1468
2026-07-21T22:00:00Z,4083.1,4087.2,4080.1,4083.4,152.2904
2026-07-21T23:00:00Z,4083.5,4085.3,4082.2,4083.4,182.6091
2026-07-22T00:00:00Z,4083.1,4102.9,4079.9,4099.1,1005.6275
2026-07-22T01:00:00Z,4099.1,4124.9,4099.1,4123.5,704.5081
2026-07-22T02:00:00Z,4123.4,4132.0,4120.2,4131.4,424.9855
2026-07-22T03:00:00Z,4131.6,4149.7,4130.7,4133.1,2413.2533
2026-07-22T04:00:00Z,4133.0,4133.1,4127.0,4128.4,368.7014
2026-07-22T05:00:00Z,4128.5,4135.6,4125.0,4132.7,834.7547
2026-07-22T06:00:00Z,4132.8,4138.0,4116.0,4118.1,893.9275
2026-07-22T07:00:00Z,4118.5,4124.4,4111.5,4111.5,560.6424
2026-07-22T08:00:00Z,4111.6,4121.4,4111.6,4120.7,178.3351
2026-07-22T09:00:00Z,4120.7,4124.3,4115.0,4115.9,147.5874
2026-07-22T10:00:00Z,4115.9,4122.7,4115.9,4119.5,141.3689
2026-07-22T11:00:00Z,4119.5,4124.4,4115.5,4124.1,470.3316
2026-07-22T12:00:00Z,4124.1,4136.0,4110.5,4114.5,722.7317
2026-07-22T13:00:00Z,4116.7,4157.5,4116.7,4156.7,1239.0224
2026-07-22T14:00:00Z,4156.6,4165.6,4146.3,4150.9,819.7646
2026-07-22T15:00:00Z,4151.3,4167.5,4151.3,4161.2,518.2536
2026-07-22T16:00:00Z,4161.1,4161.1,4146.5,4148.5,504.9567
2026-07-22T17:00:00Z,4148.4,4149.3,4140.0,4143.9,495.4249
2026-07-22T18:00:00Z,4144.1,4144.1,4133.9,4137.6,1039.9768
2026-07-22T19:00:00Z,4137.5,4138.2,4130.8,4132.7,682.8787
2026-07-22T20:00:00Z,4133.8,4139.0,4130.7,4132.0,182.6149
2026-07-22T21:00:00Z,4132.0,4135.6,4131.4,4134.0,286.2682
2026-07-22T22:00:00Z,4133.3,4133.3,4100.0,4121.7,2576.2996
2026-07-22T23:00:00Z,4121.7,4133.8,4117.5,4133.7,223.4285
2026-07-23T00:00:00Z,4133.7,4135.1,4127.3,4133.3,340.0834
2026-07-23T01:00:00Z,4133.3,4142.3,4115.4,4118.7,1704.0361
2026-07-23T02:00:00Z,4118.6,4128.7,4113.5,4128.6,209.3029
2026-07-23T03:00:00Z,4128.6,4134.4,4125.2,4126.2,1187.5653
2026-07-23T04:00:00Z,4126.1,4130.6,4121.3,4121.9,421.7681
2026-07-23T05:00:00Z,4122.0,4130.7,4120.5,4123.6,555.5341
2026-07-23T06:00:00Z,4125.3,4128.7,4119.0,4120.2,168.5145
2026-07-23T07:00:00Z,4120.2,4120.2,4093.1,4096.7,1160.2682
2026-07-23T08:00:00Z,4097.5,4098.7,4090.3,4095.7,714.4225
2026-07-23T09:00:00Z,4095.7,4100.7,4090.7,4090.8,1080.0635
2026-07-23T10:00:00Z,4090.8,4096.9,4087.2,4094.6,725.0355
2026-07-23T11:00:00Z,4095.0,4095.0,4075.8,4087.9,613.0838
2026-07-23T12:00:00Z,4087.9,4087.9,4064.8,4064.8,760.9582
2026-07-23T13:00:00Z,4064.7,4069.8,4044.7,4046.9,1682.3262
2026-07-23T14:00:00Z,4047.1,4064.4,4043.7,4060.3,962.8604
2026-07-23T15:00:00Z,4060.0,4061.3,4045.4,4051.5,351.1638
2026-07-23T16:00:00Z,4052.1,4054.5,4049.4,4053.7,172.4993
2026-07-23T17:00:00Z,4053.6,4056.9,4043.7,4044.1,3358.576
2026-07-23T18:00:00Z,4043.7,4049.2,4042.1,4048.0,413.9366
2026-07-23T19:00:00Z,4048.7,4052.4,4045.2,4052.2,220.5325
2026-07-23T20:00:00Z,4052.1,4052.8,4050.0,4051.2,38.5313
2026-07-23T21:00:00Z,4051.3,4051.3,4048.4,4050.9,101.879
2026-07-23T22:00:00Z,4050.8,4051.9,4050.0,4051.5,44.1195
2026-07-23T23:00:00Z,4051.5,4052.4,4049.0,4049.0,90.6441
2026-07-24T00:00:00Z,4049.0,4052.1,4043.2,4051.6,71.5088
2026-07-24T01:00:00Z,4050.7,4052.4,4043.2,4045.6,231.8186
2026-07-24T02:00:00Z,4046.1,4049.7,4024.0,4024.1,1381.4808
2026-07-24T03:00:00Z,4024.9,4033.8,4024.2,4030.4,178.1502
2026-07-24T04:00:00Z,4030.4,4031.1,4027.5,4028.9,73.3746
2026-07-24T05:00:00Z,4028.3,4032.7,4024.2,4025.1,157.3181
2026-07-24T06:00:00Z,4025.1,4040.0,4024.8,4038.5,84.0724
2026-07-24T07:00:00Z,4038.5,4054.5,4038.5,4049.9,555.5
2026-07-24T08:00:00Z,4049.8,4059.0,4046.6,4059.0,367.3252
2026-07-24T09:00:00Z,4058.9,4061.3,4054.7,4060.5,189.4157
2026-07-24T10:00:00Z,4061.2,4064.0,4058.4,4059.9,92.0844
2026-07-24T11:00:00Z,4059.9,4064.0,4053.0,4060.1,426.1678
2026-07-24T12:00:00Z,4059.7,4061.1,4053.4,4056.5,287.9399
2026-07-24T13:00:00Z,4056.7,4070.4,4046.8,4069.6,501.5585
2026-07-24T14:00:00Z,4069.6,4071.3,4057.9,4066.8,553.8522
2026-07-24T15:00:00Z,4066.7,4083.4,4064.5,4078.7,775.2895
2026-07-24T16:00:00Z,4077.6,4078.5,4064.9,4067.1,681.323
2026-07-24T17:00:00Z,4067.1,4071.2,4064.8,4065.1,257.0506
2026-07-24T18:00:00Z,4065.1,4065.1,4053.1,4056.2,845.3666
2026-07-24T19:00:00Z,4056.2,4058.8,4051.3,4054.8,100.1505
2026-07-24T20:00:00Z,4054.9,4056.7,4052.8,4053.9,73.2609
2026-07-24T21:00:00Z,4053.9,4058.1,4053.9,4058.1,163.3
2026-07-24T22:00:00Z,4058.1,4058.1,4057.8,4058.1,26.212
2026-07-24T23:00:00Z,4058.1,4058.6,4058.0,4058.6,41.7317
2026-07-25T00:00:00Z,4058.6,4059.9,4058.5,4059.0,21.3743
2026-07-25T01:00:00Z,4059.0,4059.0,4057.3,4057.4,27.9968
2026-07-25T02:00:00Z,4057.4,4057.4,4055.9,4056.8,15.9601
2026-07-25T03:00:00Z,4056.8,4056.8,4055.1,4055.1,25.5093
2026-07-25T04:00:00Z,4055.1,4055.1,4054.2,4055.1,60.7473
2026-07-25T05:00:00Z,4055.1,4055.4,4055.0,4055.4,20.9508
2026-07-25T06:00:00Z,4055.3,4055.4,4055.3,4055.3,13.1487
2026-07-25T07:00:00Z,4055.4,4055.4,4054.3,4055.2,23.2747
2026-07-25T08:00:00Z,4055.3,4055.4,4054.7,4055.2,28.1211
2026-07-25T09:00:00Z,4055.2,4055.2,4053.8,4054.2,25.171
2026-07-25T10:00:00Z,4054.2,4055.6,4053.4,4055.6,19.9987
2026-07-25T11:00:00Z,4055.6,4056.6,4055.3,4055.4,11.944
2026-07-25T12:00:00Z,4055.4,4056.3,4055.3,4055.9,30.2634
2026-07-25T13:00:00Z,4055.8,4057.8,4055.7,4057.2,64.4135
2026-07-25T14:00:00Z,4057.3,4059.0,4056.9,4058.3,26.6394
2026-07-25T15:00:00Z,4058.3,4059.2,4058.2,4058.5,4.6384
2026-07-25T16:00:00Z,4058.4,4059.1,4057.7,4058.6,14.7152
2026-07-25T17:00:00Z,4058.6,4059.3,4058.4,4059.3,5.2349
2026-07-25T18:00:00Z,4059.3,4061.0,4059.3,4061.0,7.4518
2026-07-25T19:00:00Z,4061.0,4061.4,4059.0,4059.9,20.5176
2026-07-25T20:00:00Z,4060.0,4060.0,4057.9,4058.8,28.4465
2026-07-25T21:00:00Z,4058.9,4060.2,4058.8,4060.2,13.611
2026-07-25T22:00:00Z,4060.2,4061.2,4059.6,4060.2,52.4114
2026-07-25T23:00:00Z,4060.2,4060.2,4059.2,4059.4,13.9933
2026-07-26T00:00:00Z,4059.4,4059.5,4058.4,4058.5,14.4908
2026-07-26T01:00:00Z,4058.4,4058.7,4058.4,4058.6,2.6906
2026-07-26T02:00:00Z,4058.6,4059.3,4058.6,4059.1,26.2708
2026-07-26T03:00:00Z,4059.0,4059.5,4058.7,4059.5,12.0302
2026-07-26T04:00:00Z,4059.5,4059.5,4059.4,4059.5,79.9698
2026-07-26T05:00:00Z,4059.5,4061.8,4059.5,4061.8,74.7217
2026-07-26T06:00:00Z,4061.6,4061.8,4059.8,4060.6,60.1503
2026-07-26T07:00:00Z,4061.1,4063.5,4061.0,4062.8,157.8939
2026-07-26T08:00:00Z,4062.8,4063.6,4062.7,4063.5,43.2353
2026-07-26T09:00:00Z,4063.6,4064.5,4063.5,4064.0,72.3922
2026-07-26T10:00:00Z,4064.0,4067.9,4064.0,4065.9,123.8682
2026-07-26T11:00:00Z,4065.9,4067.5,4062.0,4064.8,190.6517
2026-07-26T12:00:00Z,4064.2,4065.8,4063.8,4063.9,23.7343
2026-07-26T13:00:00Z,4064.0,4065.9,4063.8,4065.6,23.133
2026-07-26T14:00:00Z,4065.5,4066.5,4065.1,4065.6,83.2363
2026-07-26T15:00:00Z,4065.1,4066.9,4065.1,4066.8,334.204
2026-07-26T16:00:00Z,4067.2,4071.1,4067.2,4069.1,50.1837
2026-07-26T17:00:00Z,4069.1,4069.6,4067.5,4069.2,14.4917
2026-07-26T18:00:00Z,4069.2,4069.2,4068.5,4068.6,10.6974
2026-07-26T19:00:00Z,4068.6,4068.6,4066.9,4066.9,80.1421
2026-07-26T20:00:00Z,4067.0,4068.3,4066.9,4068.1,10.3848
2026-07-26T21:00:00Z,4068.4,4075.8,4068.4,4074.4,123.0197
2026-07-26T22:00:00Z,4074.5,4093.9,4074.4,4090.3,952.6143
2026-07-26T23:00:00Z,4090.1,4095.9,4083.9,4095.1,139.2607
2026-07-27T00:00:00Z,4095.0,4115.6,4092.0,4099.9,918.4752
2026-07-27T01:00:00Z,4100.0,4111.3,4098.0,4109.2,657.5086
2026-07-27T02:00:00Z,4109.7,4109.8,4095.0,4095.5,531.4905
2026-07-27T03:00:00Z,4095.5,4095.6,4085.7,4090.9,212.0245
2026-07-27T04:00:00Z,4091.4,4092.7,4088.5,4091.5,522.5768
2026-07-27T05:00:00Z,4091.5,4095.2,4085.5,4093.5,429.0759
2026-07-27T06:00:00Z,4093.7,4099.5,4093.5,4097.0,160.2619
2026-07-27T07:00:00Z,4097.5,4106.5,4090.1,4090.1,443.0629
2026-07-27T08:00:00Z,4090.1,4097.2,4088.5,4096.6,529.2072
2026-07-27T09:00:00Z,4095.6,4100.9,4091.6,4097.7,165.476
2026-07-27T10:00:00Z,4097.5,4103.6,4088.0,4100.9,230.0794
2026-07-27T11:00:00Z,4101.0,4104.9,4095.0,4095.0,255.5838
2026-07-27T12:00:00Z,4095.9,4098.6,4083.1,4085.1,401.803
2026-07-27T13:00:00Z,4086.0,4089.9,4071.0,4074.2,1728.0819
2026-07-27T14:00:00Z,4074.5,4079.3,4066.6,4077.4,1535.2423
2026-07-27T15:00:00Z,4077.4,4080.8,4074.0,4080.4,416.8246
2026-07-27T16:00:00Z,4080.4,4094.5,4079.6,4083.5,504.1333
2026-07-27T17:00:00Z,4083.4,4083.4,4072.6,4077.4,163.6601
2026-07-27T18:00:00Z,4077.4,4079.9,4074.2,4079.4,140.2202
2026-07-27T19:00:00Z,4079.4,4090.0,4078.4,4085.1,170.0574
2026-07-27T20:00:00Z,4085.0,4085.1,4077.5,4078.1,33.3456
2026-07-27T21:00:00Z,4078.2,4081.6,4077.6,4077.6,184.6761
2026-07-27T22:00:00Z,4077.5,4082.1,4071.1,4073.8,622.5905
2026-07-27T23:00:00Z,4073.7,4074.4,4070.9,4072.7,71.3254
2026-07-28T00:00:00Z,4072.8,4072.8,4057.9,4058.5,477.8039
2026-07-28T01:00:00Z,4058.5,4060.0,4044.5,4045.3,463.1726
2026-07-28T02:00:00Z,4045.3,4049.0,4041.8,4042.6,232.0296
2026-07-28T03:00:00Z,4042.7,4051.2,4041.3,4050.1,154.055
2026-07-28T04:00:00Z,4050.0,4050.2,4042.4,4042.4,286.5387
2026-07-28T05:00:00Z,4042.5,4046.7,4035.3,4046.0,340.1895
2026-07-28T06:00:00Z,4046.3,4051.9,4044.0,4050.1,388.6245
2026-07-28T07:00:00Z,4050.0,4052.9,4047.6,4047.8,136.0823
2026-07-28T08:00:00Z,4047.6,4054.1,4041.6,4044.3,217.3337
2026-07-28T09:00:00Z,4044.8,4045.6,4020.3,4023.1,521.6801
2026-07-28T10:00:00Z,4023.2,4029.2,4017.5,4027.9,318.6234
2026-07-28T11:00:00Z,4027.7,4031.7,4025.0,4027.8,70.5699
2026-07-28T12:00:00Z,4027.9,4037.9,4025.0,4030.0,137.5657
2026-07-28T13:00:00Z,4031.7,4036.0,4021.0,4023.6,333.9836
2026-07-28T14:00:00Z,4023.4,4033.6,4013.9,4028.3,380.8136
2026-07-28T15:00:00Z,4027.6,4047.2,4025.1,4047.1,457.0216
2026-07-28T16:00:00Z,4047.0,4047.1,4038.0,4038.7,277.7039
2026-07-28T17:00:00Z,4038.6,4041.8,4027.9,4029.1,134.5341
2026-07-28T18:00:00Z,4029.0,4031.2,4023.4,4024.3,141.3672
2026-07-28T19:00:00Z,4024.2,4028.4,4023.3,4027.8,440.7868
2026-07-28T20:00:00Z,4027.7,4031.4,4023.6,4030.0,121.9113
2026-07-28T21:00:00Z,4030.2,4035.4,4030.2,4031.8,112.4789
2026-07-28T22:00:00Z,4031.7,4033.8,4015.1,4019.5,158.9009
2026-07-28T23:00:00Z,4019.5,4026.9,4016.7,4026.0,127.8935
2026-07-29T00:00:00Z,4026.0,4030.0,4019.4,4023.1,155.951
2026-07-29T01:00:00Z,4023.0,4030.0,4012.2,4026.1,212.0864
2026-07-29T02:00:00Z,4026.3,4037.9,4024.2,4030.9,251.0264
2026-07-29T03:00:00Z,4030.9,4032.9,4024.0,4024.1,57.6323
2026-07-29T04:00:00Z,4024.6,4028.2,4022.2,4027.6,325.2654
2026-07-29T05:00:00Z,4027.9,4040.0,4027.7,4035.9,1086.9018
2026-07-29T06:00:00Z,4035.7,4045.7,4035.4,4043.1,230.7159
2026-07-29T07:00:00Z,4043.0,4049.1,4043.0,4045.1,373.8504
2026-07-29T08:00:00Z,4045.2,4045.3,4039.0,4039.8,413.1604
2026-07-29T09:00:00Z,4039.8,4039.8,4034.9,4036.1,112.2105
2026-07-29T10:00:00Z,4035.4,4035.9,4028.4,4028.7,326.3412
2026-07-29T11:00:00Z,4028.7,4037.0,4027.4,4034.2,213.9116
2026-07-29T12:00:00Z,4033.9,4033.9,4010.7,4024.1,799.2779
2026-07-29T13:00:00Z,4024.1,4026.1,4005.4,4009.5,389.3117
2026-07-29T14:00:00Z,4009.5,4012.4,3999.3,4008.2,1056.5601
2026-07-29T15:00:00Z,4008.2,4015.7,4007.4,4012.7,418.7535
2026-07-29T16:00:00Z,4012.7,4033.8,4010.4,4029.8,547.7884
2026-07-29T17:00:00Z,4029.5,4051.4,4029.5,4047.7,1206.8932
2026-07-29T18:00:00Z,4047.5,4111.0,4047.4,4107.5,5246.004
2026-07-29T19:00:00Z,4107.5,4115.8,4047.5,4047.5,2066.3477
2026-07-29T20:00:00Z,4047.6,4071.6,4045.9,4069.4,984.2972
2026-07-29T21:00:00Z,4069.4,4069.4,4063.3,4066.3,330.7283
2026-07-29T22:00:00Z,4066.4,4090.2,4066.1,4089.4,641.6281
2026-07-29T23:00:00Z,4089.5,4100.0,4087.7,4087.8,750.3584
2026-07-30T00:00:00Z,4087.7,4087.8,4068.3,4073.6,332.1612
2026-07-30T01:00:00Z,4073.7,4093.7,4073.7,4086.0,864.461
2026-07-30T02:00:00Z,4086.0,4090.7,4067.1,4067.1,466.3493
2026-07-30T03:00:00Z,4066.9,4073.5,4055.0,4060.1,599.1463
2026-07-30T04:00:00Z,4060.1,4061.7,4050.0,4050.6,437.5176
2026-07-30T05:00:00Z,4050.3,4054.0,4032.5,4038.1,836.0436
2026-07-30T06:00:00Z,4038.1,4043.6,4035.0,4040.1,380.8516
2026-07-30T07:00:00Z,4040.0,4053.6,4039.4,4042.5,487.7772
2026-07-30T08:00:00Z,4042.6,4074.4,4041.0,4063.7,311.912
2026-07-30T09:00:00Z,4064.1,4073.7,4063.5,4065.3,359.5219
2026-07-30T10:00:00Z,4065.3,4083.9,4065.2,4079.0,438.1764
2026-07-30T11:00:00Z,4079.1,4083.8,4078.6,4078.9,177.4406
2026-07-30T12:00:00Z,4079.3,4087.6,4068.5,4072.3,936.3857
2026-07-30T13:00:00Z,4072.3,4112.7,4068.0,4112.7,1685.4072
2026-07-30T14:00:00Z,4112.7,4120.0,4088.8,4100.2,971.9892
2026-07-30T15:00:00Z,4100.2,4110.4,4085.6,4108.9,342.0999
2026-07-30T16:00:00Z,4108.9,4119.2,4108.9,4111.4,642.8337
2026-07-30T17:00:00Z,4111.4,4112.4,4101.9,4105.1,253.5694
2026-07-30T18:00:00Z,4105.1,4108.7,4100.6,4101.5,486.1013
2026-07-30T19:00:00Z,4101.5,4116.3,4100.9,4113.4,360.9093
2026-07-30T20:00:00Z,4113.3,4116.1,4102.9,4107.0,1045.2914
2026-07-30T21:00:00Z,4106.9,4110.0,4105.8,4110.0,386.2102
2026-07-30T22:00:00Z,4108.7,4113.6,4105.2,4112.4,477.9308
2026-07-30T23:00:00Z,4112.4,4114.9,4105.9,4109.0,392.4709
2026-07-31T00:00:00Z,4109.0,4109.1,4093.6,4098.1,535.509
2026-07-31T01:00:00Z,4098.1,4104.7,4086.4,4088.2,850.1769
2026-07-31T02:00:00Z,4088.2,4093.0,4078.8,4080.1,985.4893
2026-07-31T03:00:00Z,4080.1,4082.2,4076.2,4079.2,236.7947
2026-07-31T04:00:00Z,4079.2,4084.9,4077.5,4083.8,228.9299
2026-07-31T05:00:00Z,4083.8,4086.7,4077.1,4077.6,285.4073
2026-07-31T06:00:00Z,4077.6,4091.0,4076.8,4081.5,212.6509
2026-07-31T07:00:00Z,4081.1,4082.2,4069.9,4070.0,1161.8543
2026-07-31T08:00:00Z,4070.0,4070.0,4056.9,4064.6,788.1627
2026-07-31T09:00:00Z,4064.2,4065.5,4053.5,4057.4,337.5756
2026-07-31T10:00:00Z,4057.4,4059.7,4055.1,4058.1,372.4354
2026-07-31T11:00:00Z,4058.1,4063.4,4055.0,4057.3,268.3565
2026-07-31T12:00:00Z,4057.2,4062.4,4045.8,4045.9,359.3994
2026-07-31T13:00:00Z,4045.8,4050.0,4026.0,4030.1,1613.6969
2026-07-31T14:00:00Z,4030.1,4053.1,4026.3,4052.6,1101.2767
2026-07-31T15:00:00Z,4052.6,4054.2,4040.7,4048.9,390.8907
2026-07-31T16:00:00Z,4048.9,4053.6,4044.9,4046.8,744.5152
2026-07-31T17:00:00Z,4046.8,4057.6,4044.6,4057.0,778.0376
2026-07-31T18:00:00Z,4057.0,4057.5,4050.1,4053.8,164.9274
2026-07-31T19:00:00Z,4054.0,4056.7,4050.3,4053.6,317.9012
2026-07-31T20:00:00Z,4053.6,4054.4,4044.5,4045.9,188.2928
2026-07-31T21:00:00Z,4046.0,4052.2,4046.0,4049.7,256.8908
2026-07-31T22:00:00Z,4049.7,4052.4,4049.7,4052.3,40.291
2026-07-31T23:00:00Z,4052.4,4052.4,4051.0,4051.1,35.4021
2026-08-01T00:00:00Z,4051.1,4051.1,4051.0,4051.1,23.8184
2026-08-01T01:00:00Z,4051.1,4051.8,4050.4,4050.9,129.1938
2026-08-01T02:00:00Z,4051.0,4051.3,4050.7,4050.9,35.5893
2026-08-01T03:00:00Z,4050.9,4051.7,4050.9,4051.7,7.7368
2026-08-01T04:00:00Z,4051.7,4051.7,4050.2,4050.7,23.2762
2026-08-01T05:00:00Z,4050.7,4051.7,4050.7,4051.6,15.7859
2026-08-01T06:00:00Z,4051.6,4051.9,4049.8,4050.3,71.4405
2026-08-01T07:00:00Z,4050.3,4051.8,4050.3,4051.3,34.3829
2026-08-01T08:00:00Z,4051.2,4051.3,4050.9,4051.3,5.4351
2026-08-01T09:00:00Z,4051.3,4051.8,4050.4,4051.3,50.4378
2026-08-01T10:00:00Z,4051.3,4051.8,4050.3,4050.4,16.1356
2026-08-01T11:00:00Z,4050.3,4050.3,4049.5,4050.0,13.1025
2026-08-01T12:00:00Z,4050.0,4050.1,4049.8,4050.0,14.7888
2026-08-01T13:00:00Z,4050.1,4051.1,4050.1,4050.6,28.7332
2026-08-01T14:00:00Z,4050.6,4051.1,4049.5,4050.0,55.7308
2026-08-01T15:00:00Z,4050.0,4050.0,4049.1,4049.1,4.475
2026-08-01T16:00:00Z,4049.1,4049.1,4045.9,4045.9,18.5521
2026-08-01T17:00:00Z,4045.9,4045.9,4044.3,4045.3,24.3469
2026-08-01T18:00:00Z,4045.2,4045.3,4043.0,4043.5,20.9967
2026-08-01T19:00:00Z,4044.0,4053.1,4044.0,4053.1,59.381
2026-08-01T20:00:00Z,4053.0,4058.7,4052.5,4054.9,284.1418
2026-08-01T21:00:00Z,4054.9,4057.1,4054.1,4054.9,198.5993
2026-08-01T22:00:00Z,4054.9,4055.8,4054.8,4055.8,7.8342
2026-08-01T23:00:00Z,4055.8,4055.8,4054.2,4054.9,60.9347
